from_system_id,from_system_name,from_region_id,from_region_name,to_system_id,to_system_name,to_region_id,to_region_name,distance_ly,cross_region,bridge
30000995,0-3VW8,10000011,Great Wildlands,30000996,28-QWU,10000011,Great Wildlands,1.105,0,0
30001779,0-4VQL,10000021,Outer Passage,30001780,SN-DZ6,10000021,Outer Passage,1.159,0,0
30000838,0-6VZ5,10000009,Insmother,30000839,GB-6X5,10000009,Insmother,1.736,0,0
30001904,0-7XA8,10000022,Stain,30001937,JU-UYK,10000022,Stain,0.542,0,1
30004510,0-9UHT,10000057,Outer Ring,30004513,J1H-R4,10000057,Outer Ring,0.685,0,1
30001287,0-BFTQ,10000015,Venal,30001288,SS-GED,10000015,Venal,1.638,0,0
30000480,0-G8NO,10000005,Detorid,30000482,HZFJ-M,10000005,Detorid,0.606,0,0
30002454,0-GZX9,10000029,Geminate,30002455,2H-TSE,10000029,Geminate,0.634,0,1
30004756,0-HDC8,10000060,Delve,30004758,SVM-3K,10000060,Delve,1.109,0,0
30004674,0-MX34,10000059,Paragon Soul,30004675,5AQ-5H,10000059,Paragon Soul,1.44,0,0
30004674,0-MX34,10000059,Paragon Soul,30004676,T-ZFID,10000059,Paragon Soul,0.388,0,0
30001150,0-N1BJ,10000013,Malpais,30001151,T-8GWA,10000013,Malpais,0.416,0,1
30004930,0-NTIS,10000063,Period Basis,30004933,I6M-9U,10000063,Period Basis,1.014,0,0
30004930,0-NTIS,10000063,Period Basis,30004932,XZ-SKZ,10000063,Period Basis,1.051,0,0
30001322,0-O2UT,10000015,Venal,30001344,FHB-QA,10000015,Venal,1.121,0,0
30001322,0-O2UT,10000015,Venal,30001323,Q61Y-F,10000015,Venal,1.633,0,1
30003114,0-O6XF,10000039,Esoteria,30003115,D-FVI7,10000039,Esoteria,1.408,0,1
30003114,0-O6XF,10000039,Esoteria,30003117,NH-R5B,10000039,Esoteria,0.685,0,1
30003114,0-O6XF,10000039,Esoteria,30003116,VL7-60,10000039,Esoteria,0.534,0,1
30003198,0-QP56,10000040,Oasa,30003199,GTQ-C9,10000040,Oasa,0.518,0,0
30003198,0-QP56,10000040,Oasa,30003201,ORB4-J,10000040,Oasa,0.505,0,0
30000222,0-R5TS,10000003,Vale of the Silent,30000223,H-UCD1,10000003,Vale of the Silent,1.196,0,0
30001065,0-TRV1,10000013,Malpais,30001068,O8W-5O,10000013,Malpais,1.047,0,0
30003615,0-UVHJ,10000045,Tenal,30003616,NCG-PW,10000045,Tenal,0.864,0,0
30003615,0-UVHJ,10000045,Tenal,30003623,U1TX-A,10000045,Tenal,1.716,0,0
30000440,0-W778,10000005,Detorid,30000442,5J4K-9,10000005,Detorid,0.543,0,0
30000440,0-W778,10000005,Detorid,30000441,DG-8VJ,10000005,Detorid,1.581,0,0
30000440,0-W778,10000005,Detorid,30000443,MD-0AW,10000005,Detorid,0.93,0,0
30003947,0-WT2D,10000050,Querious,30003948,7GCD-P,10000050,Querious,0.54,0,0
30004509,0-WVQS,10000057,Outer Ring,30004510,0-9UHT,10000057,Outer Ring,1.659,0,0
30001295,0-XIDJ,10000015,Venal,30001297,O-TVTD,10000015,Venal,1.002,0,1
30001295,0-XIDJ,10000015,Venal,30001296,SBL5-R,10000015,Venal,2.621,0,0
30000857,0-YMBJ,10000010,Tribute,30001963,KQK1-2,10000023,Pure Blind,1.647,1,0
30000857,0-YMBJ,10000010,Tribute,30000858,UMI-KK,10000010,Tribute,0.657,0,0
30004656,006-L3,10000058,Fountain,30004657,PB-0C1,10000058,Fountain,1.12,0,0
30004596,00GD-D,10000058,Fountain,30004600,C-N4OD,10000058,Fountain,2.103,0,0
30004596,00GD-D,10000058,Fountain,30004597,C1XD-X,10000058,Fountain,0.731,0,0
30004068,00TY-J,10000051,Cloud Ring,30004070,6RCQ-V,10000051,Cloud Ring,0.926,0,0
30004068,00TY-J,10000051,Cloud Ring,30004069,XG-D1L,10000051,Cloud Ring,0.631,0,0
30005186,01B-88,10000066,Perrigen Falls,30005191,0-U2M4,10000066,Perrigen Falls,1.194,0,0
30005186,01B-88,10000066,Perrigen Falls,30005187,F18-AY,10000066,Perrigen Falls,0.587,0,0
30002609,01TG-J,10000031,Impass,30002610,UK-SHL,10000031,Impass,1.434,0,1
30003149,02V-BK,10000039,Esoteria,30003170,DL-CDY,10000039,Esoteria,0.912,0,1
30003149,02V-BK,10000039,Esoteria,30003151,R-ARKN,10000039,Esoteria,1.053,0,0
30000707,03-OR2,10000008,Scalding Pass,30000708,JLO-Z3,10000008,Scalding Pass,0.628,0,0
30000822,04-EHC,10000009,Insmother,30000830,W-MF6J,10000009,Insmother,1.392,0,0
30002460,04-LQM,10000029,Geminate,30002466,Y8R-XZ,10000029,Geminate,0.611,0,1
30000216,05R-7A,10000003,Vale of the Silent,30000219,FS-RFL,10000003,Vale of the Silent,0.418,0,0
30000216,05R-7A,10000003,Vale of the Silent,30000221,X97D-W,10000003,Vale of the Silent,0.493,0,0
30001120,06-70G,10000013,Malpais,30001122,GL6S-2,10000013,Malpais,0.648,0,0
30001120,06-70G,10000013,Malpais,30001123,RUF3-O,10000013,Malpais,1.561,0,0
30001120,06-70G,10000013,Malpais,30001121,UYG-YX,10000013,Malpais,1.227,0,0
30000596,07-SLO,10000006,Wicked Creek,30000598,GPD5-0,10000006,Wicked Creek,0.808,0,0
30000596,07-SLO,10000006,Wicked Creek,30000597,Z-A8FS,10000006,Wicked Creek,0.809,0,0
30002168,08-N7Q,10000025,Immensea,30002169,Y-C4AL,10000025,Immensea,1.028,0,0
30003743,08Z-JJ,10000047,Providence,30003745,6-OQJV,10000047,Providence,0.576,0,0
30003743,08Z-JJ,10000047,Providence,30003744,X-4WZD,10000047,Providence,1.013,0,0
30004947,0A-KZ0,10000063,Period Basis,30004954,08S-39,10000063,Period Basis,1.734,0,1
30004947,0A-KZ0,10000063,Period Basis,30004948,E-DOF2,10000063,Period Basis,0.986,0,1
30003782,0B-HLZ,10000047,Providence,30003786,3D-CQU,10000047,Providence,0.377,0,0
30003782,0B-HLZ,10000047,Providence,30003784,I-MGAB,10000047,Providence,0.696,0,0
30004549,0D-CHA,10000057,Outer Ring,30004550,A2V6-6,10000057,Outer Ring,0.484,0,1
30004917,0DD-MH,10000062,Omist,30004919,NQH-MR,10000062,Omist,0.71,0,0
30003296,0EK-NJ,10000041,Syndicate,30003298,UM-Q7F,10000041,Syndicate,0.401,0,0
30005102,0FG-KS,10000066,Perrigen Falls,30005103,F-5WYK,10000066,Perrigen Falls,1.854,0,0
30005102,0FG-KS,10000066,Perrigen Falls,30005105,RZ3O-K,10000066,Perrigen Falls,1.669,0,0
30001856,0GN-VO,10000022,Stain,30001857,9U6-SV,10000022,Stain,0.807,0,0
30000267,0J3L-V,10000003,Vale of the Silent,30000871,WH-JCA,10000010,Tribute,1.858,1,0
30003330,0LTQ-C,10000041,Syndicate,30003332,2P-4LS,10000041,Syndicate,0.593,0,0
30003330,0LTQ-C,10000041,Syndicate,30003334,LSC4-P,10000041,Syndicate,0.875,0,1
30003647,0M-103,10000045,Tenal,30003649,HE5T-A,10000045,Tenal,0.403,0,1
30002308,0M-24X,10000027,Etherium Reach,30002331,IS-OBW,10000027,Etherium Reach,0.93,0,0
30000262,0MV-4W,10000003,Vale of the Silent,30000263,TVN-FM,10000003,Vale of the Silent,0.57,0,0
30004720,0N-3RO,10000060,Delve,30004723,I3Q-II,10000060,Delve,0.991,0,1
30000929,0NV-YU,10000011,Great Wildlands,30000930,V-2GYS,10000011,Great Wildlands,0.57,0,0
30000929,0NV-YU,10000011,Great Wildlands,30000932,W-RFUO,10000011,Great Wildlands,0.706,0,0
30004950,0OTX-J,10000063,Period Basis,30004951,3OP-3E,10000063,Period Basis,0.812,0,0
30004483,0OYZ-G,10000056,Feythabolis,30004485,R97-CI,10000056,Feythabolis,0.802,0,0
30004483,0OYZ-G,10000056,Feythabolis,30004484,SWBV-2,10000056,Feythabolis,0.749,0,0
30002899,0P-F3K,10000035,Deklein,30002900,K5F-Z2,10000035,Deklein,0.962,0,1
30004874,0P-U0Q,10000061,Tenerifis,30004875,XGH-SH,10000061,Tenerifis,1.112,0,1
30004322,0P9Z-I,10000055,Branch,30004341,Z-K495,10000055,Branch,2.787,0,0
30000966,0PI4-E,10000011,Great Wildlands,30000967,6WT-BE,10000011,Great Wildlands,1.277,0,0
30000966,0PI4-E,10000011,Great Wildlands,30000969,9SNK-O,10000011,Great Wildlands,1.739,0,0
30003251,0PU2-R,10000040,Oasa,30003253,91-KD8,10000040,Oasa,1.392,0,0
30003251,0PU2-R,10000040,Oasa,30003252,XM-RMD,10000040,Oasa,0.679,0,1
30000290,0R-F2F,10000003,Vale of the Silent,30000292,2DWM-2,10000003,Vale of the Silent,1.439,0,0
30000290,0R-F2F,10000003,Vale of the Silent,30000299,5T-KM3,10000003,Vale of the Silent,3.986,0,0
30000566,0RI-OV,10000006,Wicked Creek,30000568,C0O6-K,10000006,Wicked Creek,0.425,0,0
30000566,0RI-OV,10000006,Wicked Creek,30000570,G9NE-B,10000006,Wicked Creek,0.95,0,0
30000566,0RI-OV,10000006,Wicked Creek,30000605,L-Z9KJ,10000006,Wicked Creek,1.019,0,0
30002846,0S1-GI,10000034,The Kalevala Expanse,30002848,74-DRC,10000034,The Kalevala Expanse,1.434,0,0
30002846,0S1-GI,10000034,The Kalevala Expanse,30002852,M3-H2Y,10000034,The Kalevala Expanse,0.547,0,1
30002846,0S1-GI,10000034,The Kalevala Expanse,30002851,O31W-6,10000034,The Kalevala Expanse,1.093,0,0
30001009,0SHT-A,10000012,Curse,30001010,D87E-A,10000012,Curse,2.216,0,0
30001009,0SHT-A,10000012,Curse,30001155,U-QVWD,10000014,Catch,11.174,1,0
30004695,0SUF-3,10000059,Paragon Soul,30004696,G-M4GK,10000059,Paragon Soul,1.751,0,0
30004695,0SUF-3,10000059,Paragon Soul,30004699,O1Q-P1,10000059,Paragon Soul,0.941,0,1
30003349,0T-AMZ,10000041,Syndicate,30003350,57-YRU,10000041,Syndicate,0.816,0,1
30003349,0T-AMZ,10000041,Syndicate,30004500,TQ-RR8,10000057,Outer Ring,1.089,1,1
30003957,0TKF-6,10000050,Querious,30004019,3-FKCZ,10000050,Querious,0.652,0,0
30003957,0TKF-6,10000050,Querious,30003959,VT-G2P,10000050,Querious,1.132,0,1
30003957,0TKF-6,10000050,Querious,30003960,YOP-0T,10000050,Querious,0.931,0,0
30000543,0TYR-T,10000006,Wicked Creek,30000763,SN9-3Z,10000009,Insmother,0.506,1,0
30000781,0UBC-R,10000009,Insmother,30000782,3U-48K,10000009,Insmother,0.647,0,0
30000781,0UBC-R,10000009,Insmother,30000791,67Y-NR,10000009,Insmother,1.353,0,0
30002934,0V0R-R,10000035,Deklein,30002936,OWXT-5,10000035,Deklein,1.524,0,0
30004843,0VK-43,10000061,Tenerifis,30004844,TY2X-C,10000061,Tenerifis,1.078,0,0
30001837,0Y1-M7,10000022,Stain,30001845,7R5-7R,10000022,Stain,1.716,0,1
30004677,0ZN7-G,10000059,Paragon Soul,30004678,H8-ZTO,10000059,Paragon Soul,1.067,0,0
30001757,1-10QG,10000021,Outer Passage,30001759,6-GRN7,10000021,Outer Passage,0.505,0,0
30003766,1-1I53,10000047,Providence,30003768,18-GZM,10000047,Providence,1.001,0,1
30003766,1-1I53,10000047,Providence,30003767,N8XA-L,10000047,Providence,1.104,0,0
30004801,1-2J4P,10000060,Delve,30004927,L-YMYU,10000063,Period Basis,1.868,1,0
30004801,1-2J4P,10000060,Delve,30004802,M0O-JG,10000060,Delve,2.264,0,1
30004037,1-3HWZ,10000051,Cloud Ring,30004038,XT-R36,10000051,Cloud Ring,0.831,0,0
30004650,1-5GBW,10000058,Fountain,30004654,ATQ-QS,10000058,Fountain,0.618,0,1
30004650,1-5GBW,10000058,Fountain,30004653,F-88PJ,10000058,Fountain,0.936,0,1
30000573,1-7B6D,10000006,Wicked Creek,30000576,4-EFLU,10000006,Wicked Creek,1.492,0,0
30000573,1-7B6D,10000006,Wicked Creek,30000574,H6-EYX,10000006,Wicked Creek,0.706,0,1
30000734,1-7HVI,10000008,Scalding Pass,30000735,OX-S7P,10000008,Scalding Pass,0.458,0,0
30002581,1-7KWU,10000031,Impass,30002582,3-UCBF,10000031,Impass,1.216,0,0
30002581,1-7KWU,10000031,Impass,30004814,H-HWQR,10000061,Tenerifis,1.025,1,0
30003258,1-BK1Q,10000040,Oasa,30003260,RJBC-I,10000040,Oasa,0.702,0,1
30001109,1-EVAX,10000013,Malpais,30001115,B2J-5N,10000013,Malpais,0.615,0,0
30001109,1-EVAX,10000013,Malpais,30001110,I8-AJY,10000013,Malpais,2.363,0,0
30001109,1-EVAX,10000013,Malpais,30001113,XTVZ-E,10000013,Malpais,0.757,0,0
30000301,1-GBBP,10000003,Vale of the Silent,30000302,C-FP70,10000003,Vale of the Silent,1.072,0,0
30000301,1-GBBP,10000003,Vale of the Silent,30000303,T-ZWA1,10000003,Vale of the Silent,0.958,0,0
30000301,1-GBBP,10000003,Vale of the Silent,30000304,ZA0L-U,10000003,Vale of the Silent,1.719,0,0
30000463,1-GBVE,10000005,Detorid,30000502,E-1XVP,10000005,Detorid,2.863,0,0
30003215,1-HDQ4,10000040,Oasa,30003216,WVMS-X,10000040,Oasa,0.807,0,0
30002823,1-KCSA,10000034,The Kalevala Expanse,30002826,F48K-D,10000034,The Kalevala Expanse,1.004,0,0
30002823,1-KCSA,10000034,The Kalevala Expanse,30002824,UJXC-B,10000034,The Kalevala Expanse,1.386,0,0
30004940,1-NJLK,10000063,Period Basis,30004942,8KR9-5,10000063,Period Basis,2.612,0,0
30004940,1-NJLK,10000063,Period Basis,30004945,G-C8QO,10000063,Period Basis,0.519,0,1
30004940,1-NJLK,10000063,Period Basis,30004941,Y-CWQY,10000063,Period Basis,0.915,0,0
30003297,1-NKVT,10000041,Syndicate,30003300,KTHT-O,10000041,Syndicate,1.505,0,0
30004048,1-NW2G,10000051,Cloud Ring,30004049,O-IVNH,10000051,Cloud Ring,1.117,0,1
30004738,1-SMEB,10000060,Delve,30004740,6Q-R50,10000060,Delve,1.039,0,0
30004738,1-SMEB,10000060,Delve,30004739,M5-CGW,10000060,Delve,1.09,0,1
30001270,1-Y6KI,10000015,Venal,30001273,9-266Q,10000015,Venal,0.934,0,0
30001270,1-Y6KI,10000015,Venal,30001271,YP-J33,10000015,Venal,1.261,0,0
30003336,10UZ-P,10000041,Syndicate,30003338,9GYL-O,10000041,Syndicate,1.391,0,1
30003336,10UZ-P,10000041,Syndicate,30003341,9U-TTJ,10000041,Syndicate,1.211,0,1
30003336,10UZ-P,10000041,Syndicate,30003337,EN-VOD,10000041,Syndicate,1.284,0,1
30001975,12YA-2,10000023,Pure Blind,30001976,BDV3-T,10000023,Pure Blind,1.173,0,0
30001066,13-49W,10000013,Malpais,30001102,R-RMDH,10000013,Malpais,1.028,0,0
30000861,15W-GC,10000010,Tribute,30000863,C2X-M5,10000010,Tribute,0.834,0,0
30000861,15W-GC,10000010,Tribute,30000866,PNDN-V,10000010,Tribute,1.277,0,0
30000425,16-31U,10000004,UUA-F4,30000426,H472-N,10000004,UUA-F4,0.72,0,1
30004849,16AM-3,10000061,Tenerifis,30004851,BB-EKF,10000061,Tenerifis,0.909,0,1
30004849,16AM-3,10000061,Tenerifis,30004852,DZ6-I5,10000061,Tenerifis,1.768,0,0
30003122,16P-PX,10000039,Esoteria,30003123,CR-0E5,10000039,Esoteria,0.513,0,0
30005117,1A8-6G,10000066,Perrigen Falls,30005118,PE-SAM,10000066,Perrigen Falls,0.74,0,0
30005117,1A8-6G,10000066,Perrigen Falls,30005119,RY-2FX,10000066,Perrigen Falls,2.123,0,0
30002317,1ACJ-6,10000027,Etherium Reach,30002320,F9-FUV,10000027,Etherium Reach,0.938,0,1
30004728,1B-VKF,10000060,Delve,30004744,QC-YX6,10000060,Delve,0.575,0,1
30003624,1BWK-S,10000045,Tenal,30003627,NV-3KA,10000045,Tenal,1.241,0,0
30003624,1BWK-S,10000045,Tenal,30003626,RKE-CP,10000045,Tenal,0.248,0,0
30004688,1DDR-X,10000059,Paragon Soul,30004690,AA-GWF,10000059,Paragon Soul,0.767,0,0
30004710,1DH-SX,10000060,Delve,30004711,PR-8CA,10000060,Delve,0.988,0,0
30004759,1DQ1-A,10000060,Delve,30004760,8WA-Z6,10000060,Delve,0.508,0,0
30004759,1DQ1-A,10000060,Delve,30004765,MO-GZ5,10000060,Delve,1.138,0,0
30004759,1DQ1-A,10000060,Delve,30004762,N-8YET,10000060,Delve,1.767,0,0
30003211,1EO-OE,10000040,Oasa,30003215,1-HDQ4,10000040,Oasa,0.781,0,0
30003211,1EO-OE,10000040,Oasa,30003214,5-9L3H,10000040,Oasa,0.678,0,0
30003211,1EO-OE,10000040,Oasa,30003212,YQTK-R,10000040,Oasa,0.895,0,0
30004367,1G-MJE,10000055,Branch,30004370,RO90-H,10000055,Branch,3.412,0,0
30004367,1G-MJE,10000055,Branch,30004368,WO-AIJ,10000055,Branch,1.393,0,0
30002332,1GH-48,10000027,Etherium Reach,30002334,B-2VXB,10000027,Etherium Reach,1.265,0,0
30002332,1GH-48,10000027,Etherium Reach,30002335,FIZU-X,10000027,Etherium Reach,1.277,0,0
30002332,1GH-48,10000027,Etherium Reach,30002333,IRD-HU,10000027,Etherium Reach,0.487,0,0
30001880,1H-I12,10000022,Stain,30001882,4A-XJ6,10000022,Stain,1.057,0,0
30001880,1H-I12,10000022,Stain,30001881,D9D-GD,10000022,Stain,0.987,0,1
30001880,1H-I12,10000022,Stain,30001883,GU-54G,10000022,Stain,0.594,0,0
30001952,1H4V-O,10000022,Stain,30001955,O-CT8N,10000022,Stain,1.428,0,0
30001540,1I5-0V,10000018,The Spire,30001568,P65-TA,10000018,The Spire,1.441,0,0
30004920,1I6F-9,10000062,Omist,30004921,Z-7OK1,10000062,Omist,0.973,0,0
30004393,1IX-C0,10000055,Branch,30004396,Y-1918,10000055,Branch,0.563,0,0
30000445,1KAW-T,10000005,Detorid,30000838,0-6VZ5,10000009,Insmother,1.043,1,0
30000962,1L-AED,10000011,Great Wildlands,30000963,1C-953,10000011,Great Wildlands,0.373,0,0
30004501,1L-BHT,10000057,Outer Ring,30004502,D5IW-F,10000057,Outer Ring,1.367,0,0
30000579,1L-OEK,10000006,Wicked Creek,30000581,5H-SM2,10000006,Wicked Creek,0.701,0,0
30000579,1L-OEK,10000006,Wicked Creek,30000586,Q-GQHN,10000006,Wicked Creek,1.357,0,0
30000579,1L-OEK,10000006,Wicked Creek,30000584,SO-X5L,10000006,Wicked Creek,1.803,0,0
30000579,1L-OEK,10000006,Wicked Creek,30000583,YI-GV6,10000006,Wicked Creek,1.37,0,0
30001170,1P-WGB,10000014,Catch,30001171,F4R2-Q,10000014,Catch,1.81,0,0
30001170,1P-WGB,10000014,Catch,30001172,K0CN-3,10000014,Catch,0.949,0,0
30002365,1PF-BC,10000027,Etherium Reach,30002367,C-V6DQ,10000027,Etherium Reach,1.589,0,0
30002365,1PF-BC,10000027,Etherium Reach,30002366,D-OJEZ,10000027,Etherium Reach,0.561,0,0
30002365,1PF-BC,10000027,Etherium Reach,30002369,EX-GBT,10000027,Etherium Reach,1.708,0,0
30003617,1QH-0K,10000045,Tenal,30003622,W8O-19,10000045,Tenal,0.544,0,1
30003617,1QH-0K,10000045,Tenal,30003618,ZH3-BS,10000045,Tenal,0.997,0,0
30000720,1QZ-Y9,10000008,Scalding Pass,30000774,MSG-BZ,10000009,Insmother,1.376,1,0
30000766,1TG7-W,10000009,Insmother,30000769,A-TJ0G,10000009,Insmother,1.044,0,0
30000766,1TG7-W,10000009,Insmother,30000767,QYD-WK,10000009,Insmother,1.265,0,0
30000766,1TG7-W,10000009,Insmother,30000768,R959-U,10000009,Insmother,0.616,0,0
30000424,1TS-WN,10000004,UUA-F4,30000425,16-31U,10000004,UUA-F4,1.948,0,1
30000680,1V-LI2,10000008,Scalding Pass,30000792,GDHN-K,10000009,Insmother,1.256,1,0
30000680,1V-LI2,10000008,Scalding Pass,30000704,LQ-OAI,10000008,Scalding Pass,2.007,0,0
30000680,1V-LI2,10000008,Scalding Pass,30000681,M9-MLR,10000008,Scalding Pass,0.719,0,0
30000680,1V-LI2,10000008,Scalding Pass,30000682,Q-K2T7,10000008,Scalding Pass,1.384,0,0
30000286,1VK-6B,10000003,Vale of the Silent,30000323,7G-H7D,10000003,Vale of the Silent,4.307,0,0
30000288,1W-0KS,10000003,Vale of the Silent,30002479,QP0K-B,10000029,Geminate,4.925,1,0
30000836,1ZF-PJ,10000009,Insmother,30000837,HFC-AQ,10000009,Insmother,1.106,0,0
30000611,2-2EWC,10000007,Cache,30000616,995-3G,10000007,Cache,0.482,0,0
30000611,2-2EWC,10000007,Cache,30000615,LMM7-L,10000007,Cache,1.333,0,0
30000611,2-2EWC,10000007,Cache,30000618,Q-UEN6,10000007,Cache,1.672,0,0
30003668,2-3Q2G,10000045,Tenal,30004363,ZIU-EP,10000055,Branch,4.273,1,0
30002007,2-6TGQ,10000023,Pure Blind,30002014,DP-1YE,10000023,Pure Blind,1.54,0,0
30004184,2-9Z6V,10000053,Cobalt Edge,30004186,E-B957,10000053,Cobalt Edge,0.489,0,0
30002903,2-KF56,10000035,Deklein,30002905,2R-CRW,10000035,Deklein,0.697,0,0
30002903,2-KF56,10000035,Deklein,30002904,VFK-IV,10000035,Deklein,1.63,0,0
30000684,2-KPW6,10000008,Scalding Pass,30000710,KZFV-4,10000008,Scalding Pass,0.964,0,0
30000756,2-Q4YG,10000009,Insmother,30000757,2JT-3Q,10000009,Insmother,0.694,0,0
30000756,2-Q4YG,10000009,Insmother,30000759,7-JT09,10000009,Insmother,1.97,0,0
30003754,2-TEGJ,10000047,Providence,30003756,AY-24I,10000047,Providence,0.533,0,0
30003754,2-TEGJ,10000047,Providence,30003758,K1I1-J,10000047,Providence,0.819,0,0
30003754,2-TEGJ,10000047,Providence,30003755,MVCJ-E,10000047,Providence,0.86,0,0
30001864,2-V0KY,10000022,Stain,30001873,GDO-7H,10000022,Stain,1.134,0,1
30003188,2-WNTD,10000040,Oasa,30003190,KH-EWC,10000040,Oasa,0.715,0,0
30000473,2-X0PF,10000005,Detorid,30000474,1-PGSG,10000005,Detorid,0.942,0,1
30000473,2-X0PF,10000005,Detorid,30000475,QLPX-J,10000005,Detorid,0.721,0,0
30005139,2-YO2K,10000066,Perrigen Falls,30005140,M-SG47,10000066,Perrigen Falls,0.38,0,0
30005139,2-YO2K,10000066,Perrigen Falls,30005144,QHY-RU,10000066,Perrigen Falls,0.963,0,0
30005139,2-YO2K,10000066,Perrigen Falls,30005141,SR-10Z,10000066,Perrigen Falls,0.736,0,0
30005139,2-YO2K,10000066,Perrigen Falls,30005143,TAL1-3,10000066,Perrigen Falls,0.662,0,0
30004467,23M-PX,10000056,Feythabolis,30004468,UTDH-N,10000056,Feythabolis,1.396,0,1
30001784,24I-FE,10000021,Outer Passage,30001786,2-84WC,10000021,Outer Passage,1.025,0,1
30001258,25S-6P,10000014,Catch,30001259,RR-D05,10000014,Catch,1.099,0,0
30000832,27-HP0,10000009,Insmother,30000833,X1-IZ0,10000009,Insmother,1.024,0,0
30000996,28-QWU,10000011,Great Wildlands,30000999,N-RAEL,10000011,Great Wildlands,1.315,0,0
30000996,28-QWU,10000011,Great Wildlands,30000997,UD-AOK,10000011,Great Wildlands,1.136,0,0
30004071,28O-JY,10000051,Cloud Ring,30004072,CX7-70,10000051,Cloud Ring,0.437,0,0
30004071,28O-JY,10000051,Cloud Ring,30004076,P5-KCC,10000051,Cloud Ring,1.418,0,0
30003171,29YH-V,10000039,Esoteria,30003172,LG-RO2,10000039,Esoteria,1.256,0,1
30005182,2AUL-X,10000066,Perrigen Falls,30005185,PA-ALN,10000066,Perrigen Falls,1.104,0,0
30001949,2B-3M4,10000022,Stain,30001950,A-XASO,10000022,Stain,0.462,0,1
30002342,2B-UUQ,10000027,Etherium Reach,30002364,QHJR-E,10000027,Etherium Reach,0.793,0,0
30000898,2CG-5V,10000010,Tribute,30000899,QFF-O6,10000010,Tribute,0.641,0,0
30001965,2D-0SO,10000023,Pure Blind,30001968,D7T-C0,10000023,Pure Blind,1.413,0,0
30001965,2D-0SO,10000023,Pure Blind,30001966,UR-E6D,10000023,Pure Blind,1.043,0,0
30000292,2DWM-2,10000003,Vale of the Silent,30000294,1N-FJ8,10000003,Vale of the Silent,0.819,0,1
30002424,2E-ZR5,10000029,Geminate,30002425,O1-FTD,10000029,Geminate,1.351,0,0
30001746,2EV-BA,10000021,Outer Passage,30001748,W9-TFD,10000021,Outer Passage,4.37,0,0
30001136,2FL-5W,10000013,Malpais,30001138,RXTY-4,10000013,Malpais,3.722,0,0
30002283,2G-VDP,10000027,Etherium Reach,30002284,9F-3CR,10000027,Etherium Reach,0.38,0,0
30002283,2G-VDP,10000027,Etherium Reach,30002286,KRPF-A,10000027,Etherium Reach,0.655,0,0
30002283,2G-VDP,10000027,Etherium Reach,30002324,R-6KYM,10000027,Etherium Reach,0.775,0,1
30003370,2G38-I,10000041,Syndicate,30003373,98Q-8O,10000041,Syndicate,0.445,0,0
30004693,2I-520,10000059,Paragon Soul,30004694,GQ2S-8,10000059,Paragon Soul,1.207,0,0
30001774,2ID-87,10000021,Outer Passage,30001776,8K-QCZ,10000021,Outer Passage,0.671,0,0
30001774,2ID-87,10000021,Outer Passage,30001775,FVQF-W,10000021,Outer Passage,0.82,0,0
30001774,2ID-87,10000021,Outer Passage,30004164,SK7-G6,10000053,Cobalt Edge,1.027,1,0
30001860,2IGP-1,10000022,Stain,30001861,Z2-QQP,10000022,Stain,0.772,0,0
30001169,2J-WJY,10000014,Catch,30001178,GMLH-K,10000014,Catch,1.044,0,0
30000757,2JT-3Q,10000009,Insmother,30000762,5-2PQU,10000009,Insmother,0.747,0,0
30000757,2JT-3Q,10000009,Insmother,30000759,7-JT09,10000009,Insmother,1.331,0,0
30000757,2JT-3Q,10000009,Insmother,30000758,I3CR-F,10000009,Insmother,1.458,0,0
30002175,2O-EEW,10000025,Immensea,30002176,Y-N4EF,10000025,Immensea,0.689,0,0
30002909,2O9G-D,10000035,Deklein,30002911,JU-OWQ,10000035,Deklein,0.665,0,0
30002909,2O9G-D,10000035,Deklein,30002910,NC-N3F,10000035,Deklein,0.893,0,1
30003332,2P-4LS,10000041,Syndicate,30003335,A-SJ8X,10000041,Syndicate,0.697,0,0
30001319,2PLH-3,10000015,Venal,30001321,B-CZXG,10000015,Venal,0.949,0,0
30001319,2PLH-3,10000015,Venal,30001320,RQ9-OZ,10000015,Venal,0.543,0,0
30002905,2R-CRW,10000035,Deklein,30002906,CCP-US,10000035,Deklein,1.145,0,0
30001333,2TH-3F,10000015,Venal,30001336,WLF-D3,10000015,Venal,0.946,0,0
30001770,2ULC-J,10000021,Outer Passage,30001771,T0DT-T,10000021,Outer Passage,0.912,0,0
30003774,2V-CS5,10000047,Providence,30003775,H9-J8N,10000047,Providence,0.739,0,1
30005096,2V-ZHM,10000066,Perrigen Falls,30005117,1A8-6G,10000066,Perrigen Falls,1.909,0,0
30005096,2V-ZHM,10000066,Perrigen Falls,30005098,AK-L0Z,10000066,Perrigen Falls,1.579,0,0
30005096,2V-ZHM,10000066,Perrigen Falls,30005116,H-FOYG,10000066,Perrigen Falls,1.145,0,0
30005096,2V-ZHM,10000066,Perrigen Falls,30005097,V-3K7C,10000066,Perrigen Falls,0.775,0,1
30001799,2WU-XT,10000021,Outer Passage,30001801,F-WCLC,10000021,Outer Passage,0.807,0,1
30001103,2XI8-Y,10000013,Malpais,30001104,5B-YDD,10000013,Malpais,0.478,0,0
30000452,3-3EZB,10000005,Detorid,30000453,52CW-6,10000005,Detorid,0.577,0,0
30004019,3-FKCZ,10000050,Querious,30004022,9SBB-9,10000050,Querious,0.941,0,0
30004019,3-FKCZ,10000050,Querious,30004020,ED-L9T,10000050,Querious,0.752,0,0
30004019,3-FKCZ,10000050,Querious,30004023,I1Y-IU,10000050,Querious,1.92,0,0
30003356,3-IN0V,10000041,Syndicate,30003358,D-B7YK,10000041,Syndicate,0.688,0,1
30003356,3-IN0V,10000041,Syndicate,30003359,DUV-5Y,10000041,Syndicate,0.718,0,0
30003356,3-IN0V,10000041,Syndicate,30003357,Z-QENW,10000041,Syndicate,1.203,0,1
30004004,3-JCJT,10000050,Querious,30004007,4-GJT1,10000050,Querious,2.229,0,0
30004004,3-JCJT,10000050,Querious,30004008,5V-BJI,10000050,Querious,1.263,0,0
30004004,3-JCJT,10000050,Querious,30004010,M1BZ-2,10000050,Querious,0.728,0,0
30004004,3-JCJT,10000050,Querious,30004005,W-IIYI,10000050,Querious,0.37,0,1
30003231,3-JG3X,10000040,Oasa,30003233,1P-QWR,10000040,Oasa,0.749,0,0
30003231,3-JG3X,10000040,Oasa,30003234,FJ-GUR,10000040,Oasa,0.78,0,0
30003231,3-JG3X,10000040,Oasa,30003232,GK3-RX,10000040,Oasa,0.707,0,0
30000448,3-LJW3,10000005,Detorid,30000581,5H-SM2,10000006,Wicked Creek,1.876,1,0
30000448,3-LJW3,10000005,Detorid,30000449,ZLO3-V,10000005,Detorid,0.841,0,0
30004358,3-N3OO,10000055,Branch,30004360,4-BE0M,10000055,Branch,0.603,0,0
30004358,3-N3OO,10000055,Branch,30004363,ZIU-EP,10000055,Branch,1.592,0,0
30001199,3-OKDA,10000014,Catch,30001200,3GD6-8,10000014,Catch,0.884,0,0
30001199,3-OKDA,10000014,Catch,30001201,4M-HGL,10000014,Catch,0.593,0,0
30001199,3-OKDA,10000014,Catch,30001202,MY-W1V,10000014,Catch,1.643,0,0
30004336,3-TD6L,10000055,Branch,30004338,NLPB-0,10000055,Branch,0.738,0,0
30004336,3-TD6L,10000055,Branch,30004337,Q-NJZ4,10000055,Branch,1.322,0,0
30004336,3-TD6L,10000055,Branch,30004339,R4O-I6,10000055,Branch,1.749,0,0
30002582,3-UCBF,10000031,Impass,30002583,N-CREL,10000031,Impass,0.877,0,0
30004405,3-YX2D,10000056,Feythabolis,30004407,CFLF-P,10000056,Feythabolis,0.612,0,0
30004405,3-YX2D,10000056,Feythabolis,30004406,V-TN6Q,10000056,Feythabolis,1.818,0,0
30000534,30-YOU,10000006,Wicked Creek,30000536,4F89-U,10000006,Wicked Creek,2.396,0,0
30000534,30-YOU,10000006,Wicked Creek,30000538,J7-BDX,10000006,Wicked Creek,1.321,0,1
30003329,31-MLU,10000041,Syndicate,30003330,0LTQ-C,10000041,Syndicate,1.215,0,0
30003329,31-MLU,10000041,Syndicate,30003331,A9D-R0,10000041,Syndicate,0.555,0,0
30003329,31-MLU,10000041,Syndicate,30003333,RF-GGF,10000041,Syndicate,0.903,0,0
30004722,319-3D,10000060,Delve,30004750,D-3GIQ,10000060,Delve,1.05,0,0
30004722,319-3D,10000060,Delve,30004778,GY6A-L,10000060,Delve,1.44,0,0
30004786,31X-RE,10000060,Delve,30004789,5-6QW7,10000060,Delve,0.523,0,0
30004786,31X-RE,10000060,Delve,30004787,Q-02UL,10000060,Delve,0.633,0,0
30004668,33-JRO,10000059,Paragon Soul,30004673,4Y-OBL,10000059,Paragon Soul,1.523,0,0
30004668,33-JRO,10000059,Paragon Soul,30004670,5-CSE3,10000059,Paragon Soul,1.355,0,1
30004668,33-JRO,10000059,Paragon Soul,30004672,9T-APQ,10000059,Paragon Soul,2.378,0,0
30004668,33-JRO,10000059,Paragon Soul,30004669,ARBX-9,10000059,Paragon Soul,1.063,0,0
30004517,33FN-P,10000057,Outer Ring,30004519,MT-2VJ,10000057,Outer Ring,0.962,0,0
30004517,33FN-P,10000057,Outer Ring,30004518,NM-OEA,10000057,Outer Ring,0.476,0,1
30004928,35-JWD,10000063,Period Basis,30004930,0-NTIS,10000063,Period Basis,1.156,0,0
30004928,35-JWD,10000063,Period Basis,30004929,F-M1FU,10000063,Period Basis,1.454,0,0
30004928,35-JWD,10000063,Period Basis,30004932,XZ-SKZ,10000063,Period Basis,0.567,0,0
30003312,35-RK9,10000041,Syndicate,30003313,XS-XAY,10000041,Syndicate,1.367,0,1
30001157,36N-HZ,10000014,Catch,30001163,QSM-LM,10000014,Catch,0.802,0,0
30001868,37S-KO,10000022,Stain,30001869,4J9-DK,10000022,Stain,1.388,0,0
30001868,37S-KO,10000022,Stain,30001871,HQ-TDJ,10000022,Stain,0.9,0,1
30000535,384-IN,10000006,Wicked Creek,30000557,6-L4YC,10000006,Wicked Creek,0.905,0,0
30004632,38IA-E,10000058,Fountain,30004633,M-KXEH,10000058,Fountain,0.871,0,0
30004632,38IA-E,10000058,Fountain,30004634,TU-Y2A,10000058,Fountain,1.669,0,0
30000829,38NZ-1,10000009,Insmother,30000845,CR2-PQ,10000009,Insmother,2.012,0,0
30000829,38NZ-1,10000009,Insmother,30000830,W-MF6J,10000009,Insmother,0.692,0,0
30002444,39-DGG,10000029,Geminate,30002446,6RQ9-A,10000029,Geminate,0.588,0,0
30002444,39-DGG,10000029,Geminate,30002445,SV-K8J,10000029,Geminate,0.893,0,1
30004766,39P-1J,10000060,Delve,30004768,7G-QIG,10000060,Delve,0.693,0,0
30004766,39P-1J,10000060,Delve,30004767,HZAQ-W,10000060,Delve,0.597,0,0
30004766,39P-1J,10000060,Delve,30004769,NIDJ-K,10000060,Delve,1.222,0,1
30004766,39P-1J,10000060,Delve,30004770,PS-94K,10000060,Delve,1.177,0,0
30000798,3AE-CP,10000009,Insmother,30000800,9OLQ-6,10000009,Insmother,1.367,0,1
30000428,3C-26I,10000004,UUA-F4,30000431,4-IPWK,10000004,UUA-F4,0.974,0,0
30000428,3C-26I,10000004,UUA-F4,30000429,9K-VDI,10000004,UUA-F4,0.686,0,0
30000428,3C-26I,10000004,UUA-F4,30000430,L-SDU7,10000004,UUA-F4,1.713,0,0
30000428,3C-26I,10000004,UUA-F4,30000432,Q-KCK3,10000004,UUA-F4,0.8,0,0
30003609,3DR-CR,10000045,Tenal,30003610,RLTG-3,10000045,Tenal,1.102,0,0
30001553,3ET-G8,10000018,The Spire,30003253,91-KD8,10000040,Oasa,1.245,1,0
30004390,3F-JZF,10000055,Branch,30004394,2B7A-3,10000055,Branch,0.683,0,1
30004390,3F-JZF,10000055,Branch,30004391,5-0WB9,10000055,Branch,1.144,0,1
30004390,3F-JZF,10000055,Branch,30004392,W-4FA9,10000055,Branch,0.881,0,0
30004900,3FKU-H,10000062,Omist,30004901,M9-FIB,10000062,Omist,1.331,0,0
30002302,3G-LFX,10000027,Etherium Reach,30002305,BY-7PY,10000027,Etherium Reach,0.832,0,0
30002302,3G-LFX,10000027,Etherium Reach,30002304,D-CR6W,10000027,Etherium Reach,0.559,0,0
30002302,3G-LFX,10000027,Etherium Reach,30002309,N06Z-Q,10000027,Etherium Reach,2.549,0,0
30002302,3G-LFX,10000027,Etherium Reach,30002303,NK-VTL,10000027,Etherium Reach,0.538,0,0
30000876,3G-LHB,10000010,Tribute,30000877,DBT-GB,10000010,Tribute,1.875,0,1
30000876,3G-LHB,10000010,Tribute,30000878,U-W3WS,10000010,Tribute,1.158,0,1
30001200,3GD6-8,10000014,Catch,30001201,4M-HGL,10000014,Catch,0.779,0,0
30001200,3GD6-8,10000014,Catch,30001831,DSS-EZ,10000022,Stain,1.421,1,0
30001200,3GD6-8,10000014,Catch,30001204,YHN-3K,10000014,Catch,1.17,0,0
30003748,3GXF-U,10000047,Providence,30003750,8P9-BM,10000047,Providence,0.856,0,0
30003748,3GXF-U,10000047,Providence,30003749,VKI-T7,10000047,Providence,1.242,0,1
30004520,3HQC-6,10000057,Outer Ring,30004521,OX-RGN,10000057,Outer Ring,1.337,0,1
30004520,3HQC-6,10000057,Outer Ring,30004522,R-OCBA,10000057,Outer Ring,1.594,0,0
30000228,3HX-DL,10000003,Vale of the Silent,30000233,FA-DMO,10000003,Vale of the Silent,0.969,0,0
30000228,3HX-DL,10000003,Vale of the Silent,30000232,MY-T2P,10000003,Vale of the Silent,0.709,0,1
30000228,3HX-DL,10000003,Vale of the Silent,30000235,Q-R3GP,10000003,Vale of the Silent,1.094,0,0
30002357,3IK-7O,10000027,Etherium Reach,30002358,O-EUHA,10000027,Etherium Reach,0.583,0,0
30002357,3IK-7O,10000027,Etherium Reach,30002361,UAV-1E,10000027,Etherium Reach,1.271,0,0
30003781,3KB-J0,10000047,Providence,30003782,0B-HLZ,10000047,Providence,0.578,0,0
30003781,3KB-J0,10000047,Providence,30003786,3D-CQU,10000047,Providence,0.53,0,0
30003781,3KB-J0,10000047,Providence,30003783,Z-RFE3,10000047,Providence,0.7,0,0
30003322,3KNK-A,10000041,Syndicate,30004493,C0T-77,10000057,Outer Ring,1.856,1,0
30004419,3L-Y9M,10000056,Feythabolis,30004422,BJD4-E,10000056,Feythabolis,2.668,0,0
30004419,3L-Y9M,10000056,Feythabolis,30004420,BLC-X0,10000056,Feythabolis,0.823,0,0
30004419,3L-Y9M,10000056,Feythabolis,30004425,Z-PNIA,10000056,Feythabolis,0.674,0,0
30004808,3L3N-X,10000061,Tenerifis,30004811,4-P4FE,10000061,Tenerifis,1.346,0,0
30005166,3LL-O0,10000066,Perrigen Falls,30005167,A1F-22,10000066,Perrigen Falls,1.041,0,0
30003324,3MOG-V,10000041,Syndicate,30003342,Y-W6GF,10000041,Syndicate,1.501,0,0
30002917,3OAT-Q,10000035,Deklein,30002919,33RB-O,10000035,Deklein,1.965,0,0
30002917,3OAT-Q,10000035,Deklein,30002918,N-TFXK,10000035,Deklein,0.738,0,0
30004951,3OP-3E,10000063,Period Basis,30004952,JZL-VB,10000063,Period Basis,1.534,0,0
30004951,3OP-3E,10000063,Period Basis,30004953,RJ3H-0,10000063,Period Basis,1.871,0,1
30004682,3PPT-9,10000059,Paragon Soul,30004683,S-KU8B,10000059,Paragon Soul,0.981,0,1
30004682,3PPT-9,10000059,Paragon Soul,30004685,UAAU-C,10000059,Paragon Soul,0.961,0,0
30004868,3Q1T-O,10000061,Tenerifis,30004869,8-4KME,10000061,Tenerifis,1.579,0,0
30002921,3QE-9Q,10000035,Deklein,30002922,E-FIC0,10000035,Deklein,0.759,0,1
30002921,3QE-9Q,10000035,Deklein,30002923,ZOYW-O,10000035,Deklein,0.884,0,0
30000733,3S-6VU,10000008,Scalding Pass,30000735,OX-S7P,10000008,Scalding Pass,1.623,0,0
30002486,3SFU-S,10000029,Geminate,30002491,RFGW-V,10000029,Geminate,0.98,0,0
30002938,3T7-M8,10000035,Deklein,30002940,MZ1E-P,10000035,Deklein,0.771,0,0
30002938,3T7-M8,10000035,Deklein,30002945,N2IS-B,10000035,Deklein,0.593,0,0
30002938,3T7-M8,10000035,Deklein,30002939,WUZ-WM,10000035,Deklein,1.675,0,0
30002449,3USX-F,10000029,Geminate,30002450,9-KWXC,10000029,Geminate,1.194,0,0
30002011,3V8-LJ,10000023,Pure Blind,30002012,B8EN-S,10000023,Pure Blind,0.583,0,0
30002011,3V8-LJ,10000023,Pure Blind,30002014,DP-1YE,10000023,Pure Blind,0.62,0,0
30002011,3V8-LJ,10000023,Pure Blind,30002013,R-LW2I,10000023,Pure Blind,0.821,0,0
30003191,3VL6-I,10000040,Oasa,30003249,9G5J-1,10000040,Oasa,0.845,0,0
30003191,3VL6-I,10000040,Oasa,30003192,F-816R,10000040,Oasa,1.195,0,0
30004555,3WE-KY,10000058,Fountain,30004557,9-VO0Q,10000058,Fountain,0.899,0,0
30004555,3WE-KY,10000058,Fountain,30004558,A8-XBW,10000058,Fountain,1.223,0,1
30004555,3WE-KY,10000058,Fountain,30004556,IR-WT1,10000058,Fountain,1.357,0,0
30004628,3ZTV-V,10000058,Fountain,30004629,9D6O-M,10000058,Fountain,1.375,0,0
30001260,4-07MU,10000014,Catch,30004009,49-U6U,10000050,Querious,18.182,1,0
30005149,4-1ECP,10000066,Perrigen Falls,30005151,5-U12M,10000066,Perrigen Falls,1.091,0,0
30005149,4-1ECP,10000066,Perrigen Falls,30005150,UYOC-1,10000066,Perrigen Falls,0.654,0,0
30004014,4-2UXV,10000050,Querious,30004018,L-FVHR,10000050,Querious,1.708,0,0
30004014,4-2UXV,10000050,Querious,30004015,RKM-GE,10000050,Querious,1.514,0,0
30000730,4-43BW,10000008,Scalding Pass,30000734,1-7HVI,10000008,Scalding Pass,0.701,0,0
30000730,4-43BW,10000008,Scalding Pass,30000731,8CN-CH,10000008,Scalding Pass,0.487,0,1
30000730,4-43BW,10000008,Scalding Pass,30000732,V-F6DQ,10000008,Scalding Pass,0.803,0,0
30004317,4-48K1,10000055,Branch,30004318,NTV0-1,10000055,Branch,0.88,0,0
30001318,4-7IL9,10000015,Venal,30001319,2PLH-3,10000015,Venal,0.978,0,0
30004360,4-BE0M,10000055,Branch,30004362,P7Z-R3,10000055,Branch,0.697,0,0
30000718,4-CM8I,10000008,Scalding Pass,30000720,1QZ-Y9,10000008,Scalding Pass,0.615,0,0
30002441,4-CUM5,10000029,Geminate,30002443,RLSI-V,10000029,Geminate,0.488,0,0
30004553,4-EP12,10000058,Fountain,30004555,3WE-KY,10000058,Fountain,0.806,0,0
30000240,4-HWWF,10000003,Vale of the Silent,30000242,8TPX-N,10000003,Vale of the Silent,1.491,0,0
30000240,4-HWWF,10000003,Vale of the Silent,30000243,PM-DWE,10000003,Vale of the Silent,0.893,0,0
30000240,4-HWWF,10000003,Vale of the Silent,30000241,YMJG-4,10000003,Vale of the Silent,1.136,0,0
30002613,4-MPSJ,10000031,Impass,30002614,TWJ-AW,10000031,Impass,1.407,0,1
30000582,4-OS2A,10000006,Wicked Creek,30000586,Q-GQHN,10000006,Wicked Creek,0.82,0,0
30003105,4-OUKF,10000039,Esoteria,30003106,HAJ-DQ,10000039,Esoteria,0.493,0,1
30003105,4-OUKF,10000039,Esoteria,30003107,JAUD-V,10000039,Esoteria,1.488,0,0
30004811,4-P4FE,10000061,Tenerifis,30004815,QRBN-M,10000061,Tenerifis,0.955,0,1
30004811,4-P4FE,10000061,Tenerifis,30004812,RH0-EG,10000061,Tenerifis,1.471,0,0
30004165,4-PCHD,10000053,Cobalt Edge,30004167,GQLB-V,10000053,Cobalt Edge,0.697,0,0
30002344,4-QDIX,10000027,Etherium Reach,30002345,FGJP-J,10000027,Etherium Reach,1.048,0,0
30001867,40GX-P,10000022,Stain,30001868,37S-KO,10000022,Stain,1.753,0,0
30001894,42-UOW,10000022,Stain,30001896,A4UG-O,10000022,Stain,0.691,0,0
30001894,42-UOW,10000022,Stain,30001895,CBGG-0,10000022,Stain,0.938,0,0
30001894,42-UOW,10000022,Stain,30001897,W-VXL9,10000022,Stain,0.551,0,0
30002864,42G-OB,10000034,The Kalevala Expanse,30002865,LEM-I1,10000034,The Kalevala Expanse,0.703,0,0
30001349,42XJ-N,10000015,Venal,30003657,OE-4HB,10000045,Tenal,9.081,1,0
30002350,43-1TL,10000027,Etherium Reach,30002351,O-LJOO,10000027,Etherium Reach,0.98,0,0
30002941,43B-O1,10000035,Deklein,30002950,5S-KXA,10000035,Deklein,1.176,0,1
30002616,442-CS,10000031,Impass,30002618,9ZFH-Z,10000031,Impass,0.6,0,1
30002616,442-CS,10000031,Impass,30002617,Z-N9IP,10000031,Impass,1.995,0,1
30003131,450I-W,10000039,Esoteria,30003148,JD-TYH,10000039,Esoteria,1.816,0,0
30004878,46DP-O,10000061,Tenerifis,30004879,9-980U,10000061,Tenerifis,0.901,0,0
30004878,46DP-O,10000061,Tenerifis,30004882,ZO-P5K,10000061,Tenerifis,1.952,0,0
30000255,47L-J4,10000003,Vale of the Silent,30000258,6WW-28,10000003,Vale of the Silent,1.149,0,1
30000255,47L-J4,10000003,Vale of the Silent,30000259,A8A-JN,10000003,Vale of the Silent,1.334,0,0
30000255,47L-J4,10000003,Vale of the Silent,30000257,E-D0VZ,10000003,Vale of the Silent,0.739,0,0
30004949,48I1-X,10000063,Period Basis,30004950,0OTX-J,10000063,Period Basis,0.956,0,0
30004949,48I1-X,10000063,Period Basis,30004952,JZL-VB,10000063,Period Basis,2.91,0,0
30004009,49-U6U,10000050,Querious,30004012,8QT-H4,10000050,Querious,3.122,0,0
30004009,49-U6U,10000050,Querious,30004011,N-M1A3,10000050,Querious,0.557,0,1
30003708,49GC-R,10000047,Providence,30003748,3GXF-U,10000047,Providence,2.062,0,0
30001882,4A-XJ6,10000022,Stain,30001884,7-X3RN,10000022,Stain,0.757,0,1
30001882,4A-XJ6,10000022,Stain,30001883,GU-54G,10000022,Stain,1.529,0,0
30001815,4AZV-W,10000021,Outer Passage,30001817,7F-2FB,10000021,Outer Passage,0.888,0,1
30003706,4B-NQN,10000047,Providence,30003707,9UY4-H,10000047,Providence,0.811,0,0
30004504,4C-B7X,10000057,Outer Ring,30004506,BF-SDP,10000057,Outer Ring,0.737,0,0
30004504,4C-B7X,10000057,Outer Ring,30004505,LGUZ-1,10000057,Outer Ring,0.942,0,0
30002469,4D9-66,10000029,Geminate,30002470,L-TOFR,10000029,Geminate,0.893,0,0
30001578,4DH-ST,10000018,The Spire,30001579,OSW-0P,10000018,The Spire,0.855,0,1
30004384,4DTQ-K,10000055,Branch,30004388,EQI2-2,10000055,Branch,2.129,0,0
30004384,4DTQ-K,10000055,Branch,30004385,J9-5MQ,10000055,Branch,0.872,0,0
30002154,4DV-1T,10000025,Immensea,30002155,XS-K1O,10000025,Immensea,0.768,0,1
30005159,4F6-VZ,10000066,Perrigen Falls,30005166,3LL-O0,10000066,Perrigen Falls,0.347,0,0
30005159,4F6-VZ,10000066,Perrigen Falls,30005161,JM0A-4,10000066,Perrigen Falls,0.689,0,0
30005159,4F6-VZ,10000066,Perrigen Falls,30005163,L-POLO,10000066,Perrigen Falls,1.224,0,1
30000536,4F89-U,10000006,Wicked Creek,30000557,6-L4YC,10000006,Wicked Creek,0.95,0,0
30005154,4F9Y-3,10000066,Perrigen Falls,30005157,0XN-SK,10000066,Perrigen Falls,0.605,0,0
30005154,4F9Y-3,10000066,Perrigen Falls,30005156,U-3FKL,10000066,Perrigen Falls,1.216,0,0
30001858,4GQ-XQ,10000022,Stain,30001864,2-V0KY,10000022,Stain,0.734,0,1
30001858,4GQ-XQ,10000022,Stain,30001860,2IGP-1,10000022,Stain,1.294,0,0
30001858,4GQ-XQ,10000022,Stain,30001859,R8-5XF,10000022,Stain,1.203,0,0
30004216,4GSZ-1,10000053,Cobalt Edge,30004217,E-EFAM,10000053,Cobalt Edge,1.134,0,1
30000239,4GYV-Q,10000003,Vale of the Silent,30000240,4-HWWF,10000003,Vale of the Silent,0.937,0,0
30001558,4HF-4R,10000018,The Spire,30001559,Y8K-5B,10000018,The Spire,0.686,0,0
30004661,4HS-CR,10000058,Fountain,30004662,WMH-SO,10000058,Fountain,0.898,0,0
30004661,4HS-CR,10000058,Fountain,30004666,Z-YN5Y,10000058,Fountain,1.706,0,0
30001869,4J9-DK,10000022,Stain,30001870,A-GPTM,10000022,Stain,0.97,0,0
30004716,4K-TRB,10000060,Delve,30004730,D-W7F0,10000060,Delve,1.121,0,0
30003351,4L-E5P,10000041,Syndicate,30003353,RLL-9R,10000041,Syndicate,0.752,0,0
30003351,4L-E5P,10000041,Syndicate,30003352,UFXF-C,10000041,Syndicate,0.391,0,0
30000818,4LB-EL,10000009,Insmother,30000821,C1G-XC,10000009,Insmother,1.981,0,0
30000818,4LB-EL,10000009,Insmother,30000819,UDE-FX,10000009,Insmother,0.482,0,0
30002297,4LJ6-Q,10000027,Etherium Reach,30002299,MF-PGF,10000027,Etherium Reach,0.914,0,0
30002297,4LJ6-Q,10000027,Etherium Reach,30002298,SAH-AD,10000027,Etherium Reach,0.948,0,0
30004206,4LNE-M,10000053,Cobalt Edge,30004222,D9Z-VY,10000053,Cobalt Edge,0.905,0,0
30004206,4LNE-M,10000053,Cobalt Edge,30004207,DK0-N8,10000053,Cobalt Edge,1.361,0,1
30002944,4N-BUI,10000035,Deklein,30002949,9CK-KZ,10000035,Deklein,0.944,0,0
30002944,4N-BUI,10000035,Deklein,30002947,GY5-26,10000035,Deklein,0.383,0,0
30002944,4N-BUI,10000035,Deklein,30002948,VPLL-N,10000035,Deklein,0.771,0,0
30002944,4N-BUI,10000035,Deklein,30002946,XCBK-X,10000035,Deklein,0.754,0,0
30001251,4NBN-9,10000014,Catch,30001253,CZK-ZQ,10000014,Catch,0.369,0,0
30000455,4NDT-W,10000005,Detorid,30000544,GM-50Y,10000006,Wicked Creek,2.869,1,0
30004746,4O-239,10000060,Delve,30004766,39P-1J,10000060,Delve,0.582,0,1
30004746,4O-239,10000060,Delve,30004749,Q-JQSG,10000060,Delve,0.664,0,0
30001828,4O-ZRI,10000021,Outer Passage,30001830,RQNF-9,10000021,Outer Passage,0.748,0,1
30002585,4OIV-X,10000031,Impass,30002586,Y-JKJ8,10000031,Impass,1.148,0,0
30001300,4RX-EE,10000015,Venal,30001301,V3X-L8,10000015,Venal,0.49,0,0
30000630,4S0-NP,10000007,Cache,30000631,K-RMI5,10000007,Cache,0.75,0,0
30002889,4U90-Z,10000035,Deklein,30002892,AD-CBT,10000035,Deklein,1.098,0,1
30002889,4U90-Z,10000035,Deklein,30002891,FO8M-2,10000035,Deklein,0.762,0,0
30002889,4U90-Z,10000035,Deklein,30002890,T-945F,10000035,Deklein,0.954,0,0
30002461,4VY-Y1,10000029,Geminate,30002462,LU-HQS,10000029,Geminate,0.541,0,0
30004736,4X0-8B,10000060,Delve,30004772,KEE-N6,10000060,Delve,0.952,0,0
30001940,4XW2-D,10000022,Stain,30001942,EOT-XL,10000022,Stain,1.381,0,1
30004673,4Y-OBL,10000059,Paragon Soul,30004674,0-MX34,10000059,Paragon Soul,1.484,0,0
30004673,4Y-OBL,10000059,Paragon Soul,30004675,5AQ-5H,10000059,Paragon Soul,0.586,0,0
30000646,4YO-QK,10000007,Cache,30000648,8-VC6H,10000007,Cache,1.512,0,0
30000646,4YO-QK,10000007,Cache,30000647,LJ-RJK,10000007,Cache,0.655,0,0
30000762,5-2PQU,10000009,Insmother,30000764,6BJH-3,10000009,Insmother,1.21,0,0
30003111,5-9UXZ,10000039,Esoteria,30003112,Q0OH-V,10000039,Esoteria,1.066,0,0
30001972,5-9WNU,10000023,Pure Blind,30001975,12YA-2,10000023,Pure Blind,1.949,0,0
30001101,5-A0PX,10000013,Malpais,30001102,R-RMDH,10000013,Malpais,1.222,0,0
30004774,5-CQDA,10000060,Delve,30004775,I-E3TG,10000060,Delve,0.537,0,0
30004774,5-CQDA,10000060,Delve,30004776,S-6HHN,10000060,Delve,1.301,0,1
30004774,5-CQDA,10000060,Delve,30004777,ZXB-VC,10000060,Delve,1.597,0,0
30004573,5-D82P,10000058,Fountain,30004574,8ESL-G,10000058,Fountain,1.354,0,0
30004573,5-D82P,10000058,Fountain,30004582,9O-ORX,10000058,Fountain,0.694,0,0
30004573,5-D82P,10000058,Fountain,30004576,APM-6K,10000058,Fountain,0.584,0,0
30003290,5-DSFH,10000041,Syndicate,30003291,AK-QBU,10000041,Syndicate,0.959,0,0
30003321,5-FGQI,10000041,Syndicate,30003323,TXW-EI,10000041,Syndicate,1.5,0,0
30004412,5-IZGE,10000056,Feythabolis,30004415,4AZ-J8,10000056,Feythabolis,2.229,0,1
30004412,5-IZGE,10000056,Feythabolis,30004416,X6-J6R,10000056,Feythabolis,1.091,0,1
30004455,5-LCI7,10000056,Feythabolis,30004457,VVO-R6,10000056,Feythabolis,1.259,0,0
30004455,5-LCI7,10000056,Feythabolis,30004456,Y2-I3W,10000056,Feythabolis,1.008,0,1
30004039,5-MLDT,10000051,Cloud Ring,30004040,B-DBYQ,10000051,Cloud Ring,1.672,0,0
30004039,5-MLDT,10000051,Cloud Ring,30004535,IZ-AOB,10000057,Outer Ring,5.986,1,0
30000705,5-MQQ7,10000008,Scalding Pass,30000707,03-OR2,10000008,Scalding Pass,1.454,0,0
30003630,5-O8B1,10000045,Tenal,30003636,G06-8Y,10000045,Tenal,1.09,0,0
30003630,5-O8B1,10000045,Tenal,30003635,KW-1MV,10000045,Tenal,0.536,0,1
30004374,5-P1Y2,10000055,Branch,30004375,KMQ4-V,10000055,Branch,1.617,0,0
30003302,5-T0PZ,10000041,Syndicate,30003303,6R-PWU,10000041,Syndicate,0.517,0,1
30003302,5-T0PZ,10000041,Syndicate,30003305,A-ZLHX,10000041,Syndicate,0.561,0,0
30005151,5-U12M,10000066,Perrigen Falls,30005186,01B-88,10000066,Perrigen Falls,0.657,0,0
30000912,504Z-V,10000011,Great Wildlands,30000919,7-IDWY,10000011,Great Wildlands,2.225,0,0
30000912,504Z-V,10000011,Great Wildlands,30000914,AB-FZE,10000011,Great Wildlands,0.286,0,0
30000912,504Z-V,10000011,Great Wildlands,30000913,F8K-WQ,10000011,Great Wildlands,1.192,0,0
30000912,504Z-V,10000011,Great Wildlands,30000917,NE-3GR,10000011,Great Wildlands,0.759,0,0
30000912,504Z-V,10000011,Great Wildlands,30000941,QM-20X,10000011,Great Wildlands,1.466,0,0
30000453,52CW-6,10000005,Detorid,30000485,TYB-69,10000005,Detorid,1.262,0,0
30004344,52G-NZ,10000055,Branch,30004345,5LJ-MD,10000055,Branch,1.14,0,0
30004344,52G-NZ,10000055,Branch,30004347,6-O5GY,10000055,Branch,0.676,0,1
30004344,52G-NZ,10000055,Branch,30004348,KV-8SN,10000055,Branch,1.022,0,0
30000989,52V6-B,10000011,Great Wildlands,30000992,5FCV-A,10000011,Great Wildlands,0.97,0,0
30000989,52V6-B,10000011,Great Wildlands,30000994,92-B0X,10000011,Great Wildlands,1.111,0,0
30000989,52V6-B,10000011,Great Wildlands,30000990,PUC-JZ,10000011,Great Wildlands,0.929,0,0
30000989,52V6-B,10000011,Great Wildlands,30000991,SB-23C,10000011,Great Wildlands,0.762,0,0
30000908,56D-TC,10000011,Great Wildlands,30000909,2X7Z-L,10000011,Great Wildlands,0.635,0,0
30000908,56D-TC,10000011,Great Wildlands,30000910,8DL-CP,10000011,Great Wildlands,0.86,0,0
30000908,56D-TC,10000011,Great Wildlands,30000927,VKU-BG,10000011,Great Wildlands,1.378,0,0
30004643,57-KJB,10000058,Fountain,30004644,V6-NY1,10000058,Fountain,1.043,0,1
30003350,57-YRU,10000041,Syndicate,30003351,4L-E5P,10000041,Syndicate,0.845,0,1
30004212,58Z-IH,10000053,Cobalt Edge,30004213,M-VACR,10000053,Cobalt Edge,0.819,0,0
30001104,5B-YDD,10000013,Malpais,30001106,PWPY-4,10000013,Malpais,0.512,0,0
30001104,5B-YDD,10000013,Malpais,30001105,W-XY4J,10000013,Malpais,1.122,0,1
30001104,5B-YDD,10000013,Malpais,30001108,Y-XZA7,10000013,Malpais,0.802,0,0
30004761,5BTK-M,10000060,Delve,30004763,Y-OMTZ,10000060,Delve,0.693,0,1
30000844,5C-RPA,10000009,Insmother,30000845,CR2-PQ,10000009,Insmother,0.763,0,0
30000554,5E-CMA,10000006,Wicked Creek,30000680,1V-LI2,10000008,Scalding Pass,1.771,1,0
30000554,5E-CMA,10000006,Wicked Creek,30000610,B-WQDP,10000006,Wicked Creek,1.111,0,0
30000554,5E-CMA,10000006,Wicked Creek,30000681,M9-MLR,10000008,Scalding Pass,1.144,1,0
30004168,5E-EZC,10000053,Cobalt Edge,30004169,9KE-IT,10000053,Cobalt Edge,0.364,0,0
30004168,5E-EZC,10000053,Cobalt Edge,30004170,P-NRD3,10000053,Cobalt Edge,2.018,0,0
30004168,5E-EZC,10000053,Cobalt Edge,30004172,S-W8CF,10000053,Cobalt Edge,1.626,0,0
30001014,5E-VR8,10000012,Curse,30001015,V7D-JD,10000012,Curse,0.79,0,0
30004175,5E6I-W,10000053,Cobalt Edge,30004190,87-1PM,10000053,Cobalt Edge,0.813,0,0
30004175,5E6I-W,10000053,Cobalt Edge,30004177,I-CMZA,10000053,Cobalt Edge,0.708,0,0
30004193,5ED-4E,10000053,Cobalt Edge,30004194,B-U299,10000053,Cobalt Edge,0.792,0,0
30004193,5ED-4E,10000053,Cobalt Edge,30004195,DN58-U,10000053,Cobalt Edge,0.718,0,0
30004445,5ELE-A,10000056,Feythabolis,30004447,2UK4-N,10000056,Feythabolis,0.538,0,0
30004445,5ELE-A,10000056,Feythabolis,30004446,H-P4LB,10000056,Feythabolis,0.761,0,0
30000637,5F-MG1,10000007,Cache,30000638,P7-45V,10000007,Cache,0.814,0,0
30002501,5F-YRA,10000029,Geminate,30002502,TDE4-H,10000029,Geminate,0.548,0,1
30000992,5FCV-A,10000011,Great Wildlands,30000993,O-OVOQ,10000011,Great Wildlands,0.935,0,0
30002591,5GQ-S9,10000031,Impass,30002626,D-L4H0,10000031,Impass,0.795,0,1
30004185,5HN-D6,10000053,Cobalt Edge,30004187,P-H5IY,10000053,Cobalt Edge,0.448,0,1
30000820,5IH-GL,10000009,Insmother,30000822,04-EHC,10000009,Insmother,0.512,0,0
30000820,5IH-GL,10000009,Insmother,30000821,C1G-XC,10000009,Insmother,0.84,0,0
30003720,5IO8-U,10000047,Providence,30003721,DP-JD4,10000047,Providence,0.799,0,0
30002291,5J-62N,10000027,Etherium Reach,30002294,LPVL-5,10000027,Etherium Reach,1.557,0,0
30002291,5J-62N,10000027,Etherium Reach,30002292,Z-DRIY,10000027,Etherium Reach,0.977,0,0
30001951,5J-UEX,10000022,Stain,30001952,1H4V-O,10000022,Stain,1.376,0,0
30001951,5J-UEX,10000022,Stain,30001953,LGL-SD,10000022,Stain,0.64,0,0
30003223,5JEZ-I,10000040,Oasa,30003226,V-X0KM,10000040,Oasa,1.186,0,0
30003223,5JEZ-I,10000040,Oasa,30003224,XEF6-Z,10000040,Oasa,1.228,0,0
30001532,5LAJ-8,10000018,The Spire,30001542,JNG7-K,10000018,The Spire,1.683,0,0
30004345,5LJ-MD,10000055,Branch,30004346,B8O-KJ,10000055,Branch,0.716,0,0
30000468,5OJ-G2,10000005,Detorid,30000469,9-02G0,10000005,Detorid,0.978,0,0
30000468,5OJ-G2,10000005,Detorid,30000470,XA5-TY,10000005,Detorid,0.572,0,1
30004067,5S-KNL,10000051,Cloud Ring,30004068,00TY-J,10000051,Cloud Ring,0.467,0,0
30000299,5T-KM3,10000003,Vale of the Silent,30000307,B-E3KQ,10000003,Vale of the Silent,1.187,0,0
30002313,5U-3PW,10000027,Etherium Reach,30002314,89JS-J,10000027,Etherium Reach,0.835,0,0
30002313,5U-3PW,10000027,Etherium Reach,30002315,C9R-NO,10000027,Etherium Reach,0.984,0,0
30004008,5V-BJI,10000050,Querious,30004009,49-U6U,10000050,Querious,1.274,0,0
30005152,5V-Q1R,10000066,Perrigen Falls,30005157,0XN-SK,10000066,Perrigen Falls,0.565,0,0
30005152,5V-Q1R,10000066,Perrigen Falls,30005154,4F9Y-3,10000066,Perrigen Falls,0.61,0,0
30005152,5V-Q1R,10000066,Perrigen Falls,30005153,M4-KX5,10000066,Perrigen Falls,1.013,0,0
30005152,5V-Q1R,10000066,Perrigen Falls,30005155,MS-RXH,10000066,Perrigen Falls,0.633,0,0
30002927,5W3-DG,10000035,Deklein,30002929,7T6P-C,10000035,Deklein,1.174,0,1
30002927,5W3-DG,10000035,Deklein,30002928,LT-DRO,10000035,Deklein,0.804,0,0
30004508,5WAE-M,10000057,Outer Ring,30004510,0-9UHT,10000057,Outer Ring,0.888,0,0
30004508,5WAE-M,10000057,Outer Ring,30004509,0-WVQS,10000057,Outer Ring,1.328,0,0
30004508,5WAE-M,10000057,Outer Ring,30004512,H-M1BY,10000057,Outer Ring,1.251,0,1
30004508,5WAE-M,10000057,Outer Ring,30004511,M-NKZM,10000057,Outer Ring,0.789,0,1
30004432,5XR-KZ,10000056,Feythabolis,30004434,C-0ND2,10000056,Feythabolis,2.006,0,1
30004432,5XR-KZ,10000056,Feythabolis,30004433,VF-FN6,10000056,Feythabolis,0.857,0,0
30005110,5ZU-VG,10000066,Perrigen Falls,30005115,5T-A3D,10000066,Perrigen Falls,0.735,0,0
30005110,5ZU-VG,10000066,Perrigen Falls,30005111,6-1T6Z,10000066,Perrigen Falls,2.305,0,0
30005110,5ZU-VG,10000066,Perrigen Falls,30005123,H-29TM,10000066,Perrigen Falls,1.3,0,1
30002005,5ZXX-K,10000023,Pure Blind,30002007,2-6TGQ,10000023,Pure Blind,0.929,0,0
30002005,5ZXX-K,10000023,Pure Blind,30002006,JE-D5U,10000023,Pure Blind,1.468,0,0
30005111,6-1T6Z,10000066,Perrigen Falls,30005145,7AH-SF,10000066,Perrigen Falls,1.264,0,0
30004053,6-4V20,10000051,Cloud Ring,30004055,W-4NUU,10000051,Cloud Ring,1.171,0,0
30003640,6-AOLS,10000045,Tenal,30003642,33CE-7,10000045,Tenal,1.772,0,1
30003640,6-AOLS,10000045,Tenal,30003670,C-XNUA,10000045,Tenal,0.799,0,0
30003640,6-AOLS,10000045,Tenal,30003643,L-P3XM,10000045,Tenal,0.77,0,1
30003280,6-CZ49,10000041,Syndicate,30003281,EZA-FM,10000041,Syndicate,0.512,0,0
30003280,6-CZ49,10000041,Syndicate,30003283,PVH8-0,10000041,Syndicate,0.572,0,0
30003280,6-CZ49,10000041,Syndicate,30005328,Reblier,10000068,Verge Vendor,1.229,1,0
30004486,6-ELQP,10000056,Feythabolis,30004924,OKEO-X,10000062,Omist,12.051,1,0
30000706,6-EQYE,10000008,Scalding Pass,30000787,74-VZA,10000009,Insmother,3.871,1,0
30000706,6-EQYE,10000008,Scalding Pass,30000708,JLO-Z3,10000008,Scalding Pass,1.8,0,0
30001759,6-GRN7,10000021,Outer Passage,30001760,TFPT-U,10000021,Outer Passage,1.239,0,0
30002167,6-I162,10000025,Immensea,30002168,08-N7Q,10000025,Immensea,1.447,0,0
30004810,6-IAFR,10000061,Tenerifis,30004817,ZD1-Z2,10000061,Tenerifis,0.754,0,0
30001167,6-K738,10000014,Catch,30001169,2J-WJY,10000014,Catch,1.35,0,0
30001184,6-MM99,10000014,Catch,30001185,JBY6-F,10000014,Catch,0.794,0,0
30003145,6-TYRX,10000039,Esoteria,30003146,Q1-R7K,10000039,Esoteria,0.593,0,1
30003316,6-U2M8,10000041,Syndicate,30003317,I0AB-R,10000041,Syndicate,0.961,0,0
30003316,6-U2M8,10000041,Syndicate,30003318,MXYS-8,10000041,Syndicate,0.823,0,1
30003316,6-U2M8,10000041,Syndicate,30003368,S-U8A4,10000041,Syndicate,1.18,0,1
30001111,6-WMKE,10000013,Malpais,30002346,89-JPE,10000027,Etherium Reach,0.873,1,0
30003956,60M-TG,10000050,Querious,30003957,0TKF-6,10000050,Querious,0.911,0,0
30003956,60M-TG,10000050,Querious,30003961,9-HM04,10000050,Querious,1.996,0,0
30003956,60M-TG,10000050,Querious,30003960,YOP-0T,10000050,Querious,0.536,0,0
30003315,617I-I,10000041,Syndicate,30003316,6-U2M8,10000041,Syndicate,0.708,0,0
30003315,617I-I,10000041,Syndicate,30003317,I0AB-R,10000041,Syndicate,0.552,0,0
30000513,62O-UE,10000005,Detorid,30002181,M-ZJWJ,10000025,Immensea,1.778,1,0
30001092,63-7Q6,10000013,Malpais,30002309,N06Z-Q,10000027,Etherium Reach,1.434,1,0
30001092,63-7Q6,10000013,Malpais,30001095,W5-205,10000013,Malpais,0.51,0,1
30001317,65V-RH,10000015,Venal,30001321,B-CZXG,10000015,Venal,4.758,0,0
30004923,66-PMM,10000062,Omist,30004925,7-8EOE,10000062,Omist,0.943,0,0
30004923,66-PMM,10000062,Omist,30004924,OKEO-X,10000062,Omist,2.03,0,0
30000289,669-IX,10000003,Vale of the Silent,30000290,0R-F2F,10000003,Vale of the Silent,1.638,0,0
30000289,669-IX,10000003,Vale of the Silent,30000291,R-P7KL,10000003,Vale of the Silent,0.635,0,0
30000985,66U-1P,10000011,Great Wildlands,30000986,BRT-OP,10000011,Great Wildlands,0.494,0,0
30004604,671-ST,10000058,Fountain,30004607,Z30S-A,10000058,Fountain,2.194,0,0
30000791,67Y-NR,10000009,Insmother,30000795,4CJ-AC,10000009,Insmother,0.911,0,0
30000791,67Y-NR,10000009,Insmother,30000792,GDHN-K,10000009,Insmother,1.331,0,0
30002593,68FT-6,10000031,Impass,30002596,HOHF-B,10000031,Impass,1.215,0,1
30002593,68FT-6,10000031,Impass,30002595,IRE-98,10000031,Impass,0.721,0,0
30002593,68FT-6,10000031,Impass,30002597,Y-6B0E,10000031,Impass,0.626,0,0
30001134,6A-FUY,10000013,Malpais,30001137,QSCO-D,10000013,Malpais,0.817,0,0
30000764,6BJH-3,10000009,Insmother,30000767,QYD-WK,10000009,Insmother,0.702,0,0
30000764,6BJH-3,10000009,Insmother,30000768,R959-U,10000009,Insmother,1.345,0,0
30001257,6BPS-T,10000014,Catch,30001258,25S-6P,10000014,Catch,1.389,0,0
30003270,6E-578,10000041,Syndicate,30003275,2X-PQG,10000041,Syndicate,1.109,0,0
30003270,6E-578,10000041,Syndicate,30003280,6-CZ49,10000041,Syndicate,1.871,0,0
30003270,6E-578,10000041,Syndicate,30003273,ATY-2U,10000041,Syndicate,0.732,0,0
30003270,6E-578,10000041,Syndicate,30003272,ZVN5-H,10000041,Syndicate,0.57,0,0
30002619,6E-MOW,10000031,Impass,30002620,GBT4-J,10000031,Impass,0.794,0,1
30002619,6E-MOW,10000031,Impass,30002621,GZ1-A1,10000031,Impass,1.213,0,1
30000907,6EG7-R,10000011,Great Wildlands,30000909,2X7Z-L,10000011,Great Wildlands,0.937,0,0
30000907,6EG7-R,10000011,Great Wildlands,30000908,56D-TC,10000011,Great Wildlands,0.875,0,0
30000907,6EG7-R,10000011,Great Wildlands,30000910,8DL-CP,10000011,Great Wildlands,0.717,0,0
30000907,6EG7-R,10000011,Great Wildlands,30000938,QQ3-YI,10000011,Great Wildlands,2.113,0,0
30004591,6F-H3W,10000058,Fountain,30004592,H-NPXW,10000058,Fountain,0.885,0,1
30002855,6FS-CZ,10000034,The Kalevala Expanse,30002857,H7S-5I,10000034,The Kalevala Expanse,0.863,0,0
30002025,6GWE-A,10000023,Pure Blind,30002026,J-OK0C,10000023,Pure Blind,0.951,0,1
30002025,6GWE-A,10000023,Pure Blind,30002027,KDV-DE,10000023,Pure Blind,0.785,0,0
30002025,6GWE-A,10000023,Pure Blind,30002028,MT9Q-S,10000023,Pure Blind,0.422,0,0
30002459,6L78-1,10000029,Geminate,30002460,04-LQM,10000029,Geminate,1.467,0,0
30002459,6L78-1,10000029,Geminate,30002461,4VY-Y1,10000029,Geminate,0.799,0,0
30002459,6L78-1,10000029,Geminate,30002465,6YC-TU,10000029,Geminate,0.417,0,0
30002459,6L78-1,10000029,Geminate,30002463,U-L4KS,10000029,Geminate,0.469,0,0
30001290,6NJ8-V,10000015,Venal,30001291,Y-4CFK,10000015,Venal,1.324,0,1
30004073,6ON-RW,10000051,Cloud Ring,30004076,P5-KCC,10000051,Cloud Ring,1.091,0,0
30004073,6ON-RW,10000051,Cloud Ring,30004074,U65-CN,10000051,Cloud Ring,0.584,0,0
30004073,6ON-RW,10000051,Cloud Ring,30004075,X-M9ON,10000051,Cloud Ring,0.47,0,0
30000457,6OU9-U,10000005,Detorid,30000458,9N-0HF,10000005,Detorid,1.124,0,0
30004740,6Q-R50,10000060,Delve,30004742,RCI-VL,10000060,Delve,0.825,0,1
30002446,6RQ9-A,10000029,Geminate,30002449,3USX-F,10000029,Geminate,0.904,0,0
30002446,6RQ9-A,10000029,Geminate,30002447,K42-IE,10000029,Geminate,0.528,0,0
30003179,6SB-BN,10000039,Esoteria,30003182,2R-KLH,10000039,Esoteria,0.685,0,0
30003179,6SB-BN,10000039,Esoteria,30003180,B1D-KU,10000039,Esoteria,0.67,0,0
30003179,6SB-BN,10000039,Esoteria,30003181,QFIU-K,10000039,Esoteria,0.449,0,0
30004908,6T3I-L,10000062,Omist,30004911,NZPK-G,10000062,Omist,1.525,0,1
30004908,6T3I-L,10000062,Omist,30004909,QSF-EJ,10000062,Omist,1.413,0,0
30001545,6U-1RX,10000018,The Spire,30001546,Y4OK-W,10000018,The Spire,1.317,0,0
30003210,6U-MFQ,10000040,Oasa,30003211,1EO-OE,10000040,Oasa,0.714,0,0
30003210,6U-MFQ,10000040,Oasa,30003214,5-9L3H,10000040,Oasa,0.766,0,0
30003210,6U-MFQ,10000040,Oasa,30003213,FZCR-3,10000040,Oasa,0.67,0,0
30003210,6U-MFQ,10000040,Oasa,30003212,YQTK-R,10000040,Oasa,0.749,0,0
30004608,6VDT-H,10000058,Fountain,30004611,15U-JY,10000058,Fountain,1.142,0,1
30004608,6VDT-H,10000058,Fountain,30004616,7BX-6F,10000058,Fountain,2.23,0,0
30004608,6VDT-H,10000058,Fountain,30004609,NDH-NV,10000058,Fountain,1.486,0,0
30001574,6W-6O9,10000018,The Spire,30001575,H4X-0I,10000018,The Spire,0.787,0,1
30001276,6W-HRH,10000015,Venal,30001277,N5Y-4N,10000015,Venal,0.695,0,1
30000967,6WT-BE,10000011,Great Wildlands,30000969,9SNK-O,10000011,Great Wildlands,0.743,0,0
30001907,6Y-0TW,10000022,Stain,30001910,B-G1LG,10000022,Stain,0.952,0,0
30001907,6Y-0TW,10000022,Stain,30001908,TL-T9Z,10000022,Stain,0.756,0,0
30000297,6Y-WRK,10000003,Vale of the Silent,30000299,5T-KM3,10000003,Vale of the Silent,0.703,0,0
30002465,6YC-TU,10000029,Geminate,30002499,O2O-2X,10000029,Geminate,0.773,0,1
30004792,6Z-CKS,10000060,Delve,30004794,KBAK-I,10000060,Delve,0.918,0,0
30004792,6Z-CKS,10000060,Delve,30004795,M-SRKS,10000060,Delve,1.677,0,1
30004057,6Z9-0M,10000051,Cloud Ring,30004058,FQ9W-C,10000051,Cloud Ring,0.947,0,0
30004057,6Z9-0M,10000051,Cloud Ring,30004074,U65-CN,10000051,Cloud Ring,3.967,0,0
30001328,6ZJ-SC,10000015,Venal,30001329,P-VYVL,10000015,Venal,0.637,0,0
30001075,7-2Z93,10000013,Malpais,30001081,1NZV-7,10000013,Malpais,1.227,0,0
30001075,7-2Z93,10000013,Malpais,30001076,B-VFDD,10000013,Malpais,1.179,0,0
30001075,7-2Z93,10000013,Malpais,30001117,NBW-GD,10000013,Malpais,0.716,0,1
30004525,7-692B,10000057,Outer Ring,30004552,XF-TQL,10000058,Fountain,0.886,1,0
30004925,7-8EOE,10000062,Omist,30004926,7L9-ZC,10000062,Omist,1.252,0,0
30000525,7-A6XV,10000005,Detorid,30000527,U69-YC,10000005,Detorid,0.874,0,0
30000919,7-IDWY,10000011,Great Wildlands,30000925,BY5-V8,10000011,Great Wildlands,0.466,0,0
30000919,7-IDWY,10000011,Great Wildlands,30000926,TET3-B,10000011,Great Wildlands,1.335,0,0
30000759,7-JT09,10000009,Insmother,30000762,5-2PQU,10000009,Insmother,0.755,0,0
30000759,7-JT09,10000009,Insmother,30000760,AGCP-I,10000009,Insmother,1.196,0,0
30000224,7-K5EL,10000003,Vale of the Silent,30000225,H-5GUI,10000003,Vale of the Silent,1.418,0,0
30004790,7-K6UE,10000060,Delve,30004792,6Z-CKS,10000060,Delve,1.404,0,0
30004790,7-K6UE,10000060,Delve,30004791,C6Y-ZF,10000060,Delve,1.493,0,0
30004790,7-K6UE,10000060,Delve,30004793,G-M5L3,10000060,Delve,0.762,0,0
30000487,7-P1JO,10000005,Detorid,30000490,DX-TAR,10000005,Detorid,0.618,0,0
30000487,7-P1JO,10000005,Detorid,30000488,T-0JWP,10000005,Detorid,0.393,0,0
30001588,7-QOYS,10000018,The Spire,30001589,KS8G-M,10000018,The Spire,1.33,0,0
30001588,7-QOYS,10000018,The Spire,30001590,ZWM-BB,10000018,The Spire,0.688,0,0
30000217,7-UH4Z,10000003,Vale of the Silent,30000218,5ZO-NZ,10000003,Vale of the Silent,1.267,0,1
30000217,7-UH4Z,10000003,Vale of the Silent,30000221,X97D-W,10000003,Vale of the Silent,0.941,0,0
30000217,7-UH4Z,10000003,Vale of the Silent,30000220,Y0-BVN,10000003,Vale of the Silent,1.236,0,1
30003217,7-UVMT,10000040,Oasa,30003222,Q-ITV5,10000040,Oasa,2.214,0,0
30001057,7-YHRX,10000013,Malpais,30002851,O31W-6,10000034,The Kalevala Expanse,1.165,1,0
30001057,7-YHRX,10000013,Malpais,30001059,X-PQEX,10000013,Malpais,0.701,0,0
30001057,7-YHRX,10000013,Malpais,30001058,Y6-9LF,10000013,Malpais,1.254,0,1
30000726,71-UTX,10000008,Scalding Pass,30000729,Y5-E1U,10000008,Scalding Pass,0.458,0,0
30000787,74-VZA,10000009,Insmother,30000788,I-1QKL,10000009,Insmother,1.179,0,0
30000827,74L2-U,10000009,Insmother,30000828,HL-VZX,10000009,Insmother,1.227,0,0
30004429,75C-WN,10000056,Feythabolis,30004430,I5Q2-S,10000056,Feythabolis,0.475,0,1
30004620,75FA-Z,10000058,Fountain,30004636,I-CUVX,10000058,Fountain,1.068,0,0
30004620,75FA-Z,10000058,Fountain,30004621,WY-9LL,10000058,Fountain,1.3,0,1
30004045,77-KDQ,10000051,Cloud Ring,30004046,F7C-H0,10000051,Cloud Ring,1.106,0,0
30004045,77-KDQ,10000051,Cloud Ring,30004047,TN-T7T,10000051,Cloud Ring,1.083,0,1
30000483,77S8-E,10000005,Detorid,30004878,46DP-O,10000061,Tenerifis,11.064,1,0
30000483,77S8-E,10000005,Detorid,30000484,FMH-OV,10000005,Detorid,1.925,0,0
30000773,78-0R6,10000009,Insmother,30000774,MSG-BZ,10000009,Insmother,0.948,0,0
30002125,78TS-Q,10000025,Immensea,30002127,CJNF-J,10000025,Immensea,0.491,0,0
30005145,7AH-SF,10000066,Perrigen Falls,30005149,4-1ECP,10000066,Perrigen Falls,0.765,0,0
30005145,7AH-SF,10000066,Perrigen Falls,30005151,5-U12M,10000066,Perrigen Falls,0.596,0,0
30005145,7AH-SF,10000066,Perrigen Falls,30005146,7MMJ-3,10000066,Perrigen Falls,0.477,0,0
30005145,7AH-SF,10000066,Perrigen Falls,30005148,9-EXU9,10000066,Perrigen Falls,0.641,0,0
30005145,7AH-SF,10000066,Perrigen Falls,30005150,UYOC-1,10000066,Perrigen Falls,0.827,0,0
30002046,7D-0SQ,10000023,Pure Blind,30004063,Z-Y7R7,10000051,Cloud Ring,4.35,1,0
30003671,7D-PAT,10000045,Tenal,30003672,V-LDEJ,10000045,Tenal,0.661,0,0
30000840,7EX-14,10000009,Insmother,30000841,N7-KGJ,10000009,Insmother,1.57,0,0
30004768,7G-QIG,10000060,Delve,30004770,PS-94K,10000060,Delve,0.873,0,0
30003948,7GCD-P,10000050,Querious,30003949,G-3BOG,10000050,Querious,1.168,0,0
30003948,7GCD-P,10000050,Querious,30003951,L-6BE1,10000050,Querious,1.516,0,0
30000955,7JF-0Z,10000011,Great Wildlands,30000983,OJOS-T,10000011,Great Wildlands,0.6,0,0
30005176,7JRA-G,10000066,Perrigen Falls,30005177,W-CSFY,10000066,Perrigen Falls,1.413,0,0
30000606,7K-NSE,10000006,Wicked Creek,30000607,OR-7N5,10000006,Wicked Creek,0.542,0,0
30004872,7KIK-H,10000061,Tenerifis,30004873,B-6STA,10000061,Tenerifis,1.307,0,1
30000745,7L3-JS,10000009,Insmother,30000746,WF4C-8,10000009,Insmother,0.868,0,0
30004860,7M4C-F,10000061,Tenerifis,30004861,MS1-KJ,10000061,Tenerifis,1.037,0,0
30001232,7MD-S1,10000014,Catch,30001233,ERVK-P,10000014,Catch,1.149,0,0
30001232,7MD-S1,10000014,Catch,30003715,T-RPFU,10000047,Providence,0.569,1,0
30005146,7MMJ-3,10000066,Perrigen Falls,30005151,5-U12M,10000066,Perrigen Falls,0.681,0,0
30005146,7MMJ-3,10000066,Perrigen Falls,30005148,9-EXU9,10000066,Perrigen Falls,0.969,0,0
30005146,7MMJ-3,10000066,Perrigen Falls,30005147,PVF-N9,10000066,Perrigen Falls,0.489,0,0
30003165,7P-J38,10000039,Esoteria,30003166,WT-2J9,10000039,Esoteria,1.463,0,0
30000943,7Q-8Z2,10000011,Great Wildlands,30000944,SUR-F7,10000011,Great Wildlands,1.531,0,0
30001845,7R5-7R,10000022,Stain,30001850,57M7-W,10000022,Stain,2.027,0,0
30001845,7R5-7R,10000022,Stain,30001846,Y1-UQ2,10000022,Stain,0.724,0,0
30002016,7RM-N0,10000023,Pure Blind,30002019,F-NMX6,10000023,Pure Blind,1.554,0,0
30002016,7RM-N0,10000023,Pure Blind,30002020,GA-P6C,10000023,Pure Blind,0.961,0,1
30002016,7RM-N0,10000023,Pure Blind,30002017,S-MDYI,10000023,Pure Blind,0.956,0,0
30001141,7T-0QS,10000013,Malpais,30001144,8C-VE3,10000013,Malpais,0.674,0,0
30001141,7T-0QS,10000013,Malpais,30001142,RWML-A,10000013,Malpais,0.563,0,0
30001141,7T-0QS,10000013,Malpais,30001143,V-JCJS,10000013,Malpais,0.826,0,0
30003945,7V-KHW,10000050,Querious,30003947,0-WT2D,10000050,Querious,0.697,0,0
30004587,7X-02R,10000058,Fountain,30004588,D2AH-Z,10000058,Fountain,0.861,0,1
30001071,8-2JZA,10000013,Malpais,30001073,VVB-QH,10000013,Malpais,0.65,0,0
30001071,8-2JZA,10000013,Malpais,30001072,ZT-L3S,10000013,Malpais,1.106,0,1
30004351,8-4GQM,10000055,Branch,30004353,LRWD-B,10000055,Branch,0.894,0,0
30004351,8-4GQM,10000055,Branch,30004352,T-Q2DD,10000055,Branch,0.838,0,0
30004869,8-4KME,10000061,Tenerifis,30004870,T6GY-Y,10000061,Tenerifis,1.154,0,0
30001768,8-AA98,10000021,Outer Passage,30001769,EZWQ-X,10000021,Outer Passage,1.266,0,0
30001768,8-AA98,10000021,Outer Passage,30001772,QG3-Z0,10000021,Outer Passage,0.834,0,0
30001768,8-AA98,10000021,Outer Passage,30001771,T0DT-T,10000021,Outer Passage,2.489,0,0
30001768,8-AA98,10000021,Outer Passage,30001824,VE-W7O,10000021,Outer Passage,2.846,0,0
30004862,8-BEW8,10000061,Tenerifis,30004865,5-NZNW,10000061,Tenerifis,1.419,0,0
30004862,8-BEW8,10000061,Tenerifis,30004863,NZW-ZO,10000061,Tenerifis,0.947,0,0
30000614,8-BIE3,10000007,Cache,30000630,4S0-NP,10000007,Cache,0.709,0,0
30003282,8-JYPM,10000041,Syndicate,30003284,M2-CF1,10000041,Syndicate,0.541,0,0
30003282,8-JYPM,10000041,Syndicate,30003292,QWF-6P,10000041,Syndicate,0.52,0,0
30002484,8-KZXQ,10000029,Geminate,30002486,3SFU-S,10000029,Geminate,1.706,0,0
30000542,8-OZU1,10000006,Wicked Creek,30000543,0TYR-T,10000006,Wicked Creek,0.662,0,0
30000542,8-OZU1,10000006,Wicked Creek,30000773,78-0R6,10000009,Insmother,1.15,1,0
30003985,8-SNUD,10000050,Querious,30003986,H-4R6Z,10000050,Querious,1.101,0,0
30003985,8-SNUD,10000050,Querious,30003989,Z-XX2J,10000050,Querious,1.057,0,0
30000628,8-SPNN,10000007,Cache,30001542,JNG7-K,10000018,The Spire,8.702,1,0
30000312,8-TFDX,10000003,Vale of the Silent,30000313,UL-4ZW,10000003,Vale of the Silent,1.133,0,0
30000648,8-VC6H,10000007,Cache,30000823,3-0FYP,10000009,Insmother,13.856,1,0
30000775,8-WYQZ,10000009,Insmother,30000803,MJ-LGH,10000009,Insmother,1.117,0,1
30004025,8-YNBE,10000050,Querious,30004028,E-VKJV,10000050,Querious,0.451,0,0
30004025,8-YNBE,10000050,Querious,30004026,YQX-7U,10000050,Querious,1.168,0,0
30001745,80G-H5,10000021,Outer Passage,30001747,M1-PX9,10000021,Outer Passage,1.279,0,0
30001745,80G-H5,10000021,Outer Passage,30001749,QHH-13,10000021,Outer Passage,0.659,0,0
30002924,85-B52,10000035,Deklein,30002925,YZ-UKA,10000035,Deklein,0.902,0,0
30001132,863P-X,10000013,Malpais,30001134,6A-FUY,10000013,Malpais,0.724,0,0
30001132,863P-X,10000013,Malpais,30001135,HG-YEQ,10000013,Malpais,1.292,0,0
30001132,863P-X,10000013,Malpais,30003186,ND-X7X,10000040,Oasa,2.204,1,0
30001132,863P-X,10000013,Malpais,30001137,QSCO-D,10000013,Malpais,0.566,0,0
30001132,863P-X,10000013,Malpais,30001133,ZO-YJZ,10000013,Malpais,0.648,0,0
30004190,87-1PM,10000053,Cobalt Edge,30004191,C2-1B5,10000053,Cobalt Edge,0.648,0,0
30004190,87-1PM,10000053,Cobalt Edge,30004195,DN58-U,10000053,Cobalt Edge,1.992,0,0
30004640,87XQ-0,10000058,Fountain,30004642,KVN-36,10000058,Fountain,1.228,0,0
30004640,87XQ-0,10000058,Fountain,30004641,LJ-TZW,10000058,Fountain,1.804,0,0
30000770,88A-RA,10000009,Insmother,30000773,78-0R6,10000009,Insmother,0.925,0,0
30000770,88A-RA,10000009,Insmother,30000772,C-J6MT,10000009,Insmother,0.969,0,0
30000770,88A-RA,10000009,Insmother,30000780,RERZ-L,10000009,Insmother,0.986,0,0
30002346,89-JPE,10000027,Etherium Reach,30002347,D-IZT9,10000027,Etherium Reach,1.334,0,0
30002346,89-JPE,10000027,Etherium Reach,30002349,E8-432,10000027,Etherium Reach,1.057,0,0
30002346,89-JPE,10000027,Etherium Reach,30002348,WU9-ZR,10000027,Etherium Reach,0.641,0,0
30002314,89JS-J,10000027,Etherium Reach,30002350,43-1TL,10000027,Etherium Reach,0.956,0,0
30001053,8AB-Q4,10000013,Malpais,30001055,JA-G0T,10000013,Malpais,0.849,0,0
30001219,8B-2YA,10000014,Catch,30001220,SNFV-I,10000014,Catch,0.729,0,0
30003771,8B-VLX,10000047,Providence,30003772,G-B22J,10000047,Providence,1.056,0,0
30003771,8B-VLX,10000047,Providence,30003773,X6AB-Y,10000047,Providence,1.192,0,0
30001144,8C-VE3,10000013,Malpais,30001146,IL-OL1,10000013,Malpais,1.772,0,0
30000910,8DL-CP,10000011,Great Wildlands,30000911,UMDQ-6,10000011,Great Wildlands,0.506,0,1
30004574,8ESL-G,10000058,Fountain,30004576,APM-6K,10000058,Fountain,0.796,0,0
30004574,8ESL-G,10000058,Fountain,30004575,JGOW-Y,10000058,Fountain,0.736,0,0
30004574,8ESL-G,10000058,Fountain,30004579,KCT-0A,10000058,Fountain,1.087,0,0
30004781,8F-TK3,10000060,Delve,30004782,PF-KUQ,10000060,Delve,1.227,0,0
30000494,8FN-GP,10000005,Detorid,30000844,5C-RPA,10000009,Insmother,1.007,1,0
30000494,8FN-GP,10000005,Detorid,30000495,FIDY-8,10000005,Detorid,1.486,0,0
30000771,8G-2FP,10000009,Insmother,30000775,8-WYQZ,10000009,Insmother,0.735,0,1
30001017,8G-MQV,10000012,Curse,30001025,CL-85V,10000012,Curse,0.569,0,0
30001017,8G-MQV,10000012,Curse,30001019,VOL-MI,10000012,Curse,0.911,0,0
30001776,8K-QCZ,10000021,Outer Passage,30001777,JBUH-H,10000021,Outer Passage,0.962,0,0
30001776,8K-QCZ,10000021,Outer Passage,30001778,XDTW-F,10000021,Outer Passage,0.548,0,0
30002354,8KE-YS,10000027,Etherium Reach,30002355,LXQ2-T,10000027,Etherium Reach,0.965,0,0
30001887,8KQR-O,10000022,Stain,30001888,F9SX-1,10000022,Stain,0.913,0,1
30004942,8KR9-5,10000063,Period Basis,30004943,VQE-CN,10000063,Period Basis,0.982,0,0
30000652,8OYE-Z,10000007,Cache,30001581,DVN6-0,10000018,The Spire,4.114,1,0
30001561,8P-LKL,10000018,The Spire,30001567,JVA-FE,10000018,The Spire,0.887,0,0
30001561,8P-LKL,10000018,The Spire,30001564,QFU-4S,10000018,The Spire,0.544,0,0
30001561,8P-LKL,10000018,The Spire,30001565,QQGH-G,10000018,The Spire,0.939,0,0
30003750,8P9-BM,10000047,Providence,30003751,F-YH5B,10000047,Providence,0.999,0,0
30000697,8Q-T7B,10000008,Scalding Pass,30000701,4E-EZS,10000008,Scalding Pass,1.127,0,0
30000697,8Q-T7B,10000008,Scalding Pass,30000721,HJ-BCH,10000008,Scalding Pass,1.61,0,0
30000697,8Q-T7B,10000008,Scalding Pass,30000698,WV0D-1,10000008,Scalding Pass,0.682,0,1
30000697,8Q-T7B,10000008,Scalding Pass,30000699,ZNF-OK,10000008,Scalding Pass,0.828,0,0
30004681,8Q-UYU,10000059,Paragon Soul,30004682,3PPT-9,10000059,Paragon Soul,0.67,0,0
30004681,8Q-UYU,10000059,Paragon Soul,30004685,UAAU-C,10000059,Paragon Soul,0.618,0,0
30004012,8QT-H4,10000050,Querious,30004758,SVM-3K,10000060,Delve,5.708,1,0
30004056,8R-RTB,10000051,Cloud Ring,30004065,PPG-XC,10000051,Cloud Ring,0.692,0,0
30001805,8RL-OG,10000021,Outer Passage,30001806,R3P0-Z,10000021,Outer Passage,2.044,0,0
30002004,8S-0E1,10000023,Pure Blind,30002005,5ZXX-K,10000023,Pure Blind,0.884,0,0
30002930,8S28-3,10000035,Deklein,30002931,E3UY-6,10000035,Deklein,0.94,0,0
30002930,8S28-3,10000035,Deklein,30003687,K4YZ-Y,10000046,Fade,5.979,1,0
30003320,8V-SJJ,10000041,Syndicate,30003322,3KNK-A,10000041,Syndicate,1.214,0,0
30003320,8V-SJJ,10000041,Syndicate,30003321,5-FGQI,10000041,Syndicate,1.044,0,0
30003695,8W-OSE,10000046,Fade,30003696,WQY-IQ,10000046,Fade,0.902,0,0
30004760,8WA-Z6,10000060,Delve,30004761,5BTK-M,10000060,Delve,0.717,0,1
30004760,8WA-Z6,10000060,Delve,30004765,MO-GZ5,10000060,Delve,0.716,0,0
30000942,8YC-AN,10000011,Great Wildlands,30000943,7Q-8Z2,10000011,Great Wildlands,1.087,0,0
30000942,8YC-AN,10000011,Great Wildlands,30000944,SUR-F7,10000011,Great Wildlands,1.707,0,0
30001877,8ZO-CK,10000022,Stain,30001878,WEQT-K,10000022,Stain,0.594,0,1
30000469,9-02G0,10000005,Detorid,30000471,M-XUZZ,10000005,Detorid,1.125,0,0
30002868,9-0QB7,10000034,The Kalevala Expanse,30002871,HVGR-R,10000034,The Kalevala Expanse,0.716,0,0
30002868,9-0QB7,10000034,The Kalevala Expanse,30002869,M-75WN,10000034,The Kalevala Expanse,0.671,0,0
30001273,9-266Q,10000015,Venal,30001286,BV-1JG,10000015,Venal,0.446,0,0
30001273,9-266Q,10000015,Venal,30001280,N6G-H3,10000015,Venal,1.54,0,0
30004059,9-4RP2,10000051,Cloud Ring,30004061,G8AD-C,10000051,Cloud Ring,2.155,0,0
30004059,9-4RP2,10000051,Cloud Ring,30004060,O-BDXB,10000051,Cloud Ring,0.333,0,0
30004059,9-4RP2,10000051,Cloud Ring,30004062,XZH-4X,10000051,Cloud Ring,1.338,0,1
30001166,9-8GBA,10000014,Catch,30001167,6-K738,10000014,Catch,1.345,0,0
30001166,9-8GBA,10000014,Catch,30002118,XD-JW7,10000025,Immensea,0.726,1,0
30004879,9-980U,10000061,Tenerifis,30004880,EMIG-F,10000061,Tenerifis,0.539,0,0
30004879,9-980U,10000061,Tenerifis,30004881,M-RPN3,10000061,Tenerifis,0.715,0,1
30004397,9-B1DS,10000055,Branch,30004401,CH9L-K,10000055,Branch,1.694,0,0
30004397,9-B1DS,10000055,Branch,30004398,ME-4IU,10000055,Branch,0.698,0,0
30005148,9-EXU9,10000066,Perrigen Falls,30005149,4-1ECP,10000066,Perrigen Falls,0.632,0,0
30003704,9-F0B2,10000047,Providence,30003706,4B-NQN,10000047,Providence,1.03,0,0
30003704,9-F0B2,10000047,Providence,30003705,YWS0-Z,10000047,Providence,0.997,0,0
30000318,9-GBPD,10000003,Vale of the Silent,30002470,L-TOFR,10000029,Geminate,3.597,1,0
30000318,9-GBPD,10000003,Vale of the Silent,30000319,LS-JEP,10000003,Vale of the Silent,0.935,0,0
30002590,9-IIBL,10000031,Impass,30002591,5GQ-S9,10000031,Impass,1.233,0,1
30002590,9-IIBL,10000031,Impass,30002593,68FT-6,10000031,Impass,2.599,0,0
30002450,9-KWXC,10000029,Geminate,30002467,P-E9GN,10000029,Geminate,0.716,0,0
30004826,9-MJVQ,10000061,Tenerifis,30004828,4-IT9G,10000061,Tenerifis,0.938,0,1
30004826,9-MJVQ,10000061,Tenerifis,30004827,L2GN-K,10000061,Tenerifis,1.169,0,1
30000454,9-OUGJ,10000005,Detorid,30000455,4NDT-W,10000005,Detorid,1.393,0,0
30000454,9-OUGJ,10000005,Detorid,30000459,U-OVFR,10000005,Detorid,1.129,0,0
30001266,9-R6GU,10000015,Venal,30002889,4U90-Z,10000035,Deklein,1.395,1,0
30004557,9-VO0Q,10000058,Fountain,30004573,5-D82P,10000058,Fountain,0.663,0,0
30004557,9-VO0Q,10000058,Fountain,30004559,PNQY-Y,10000058,Fountain,0.929,0,0
30004201,9-WEMC,10000053,Cobalt Edge,30004208,E0DR-G,10000053,Cobalt Edge,0.73,0,1
30002159,9-XN3F,10000025,Immensea,30002160,AC-7LZ,10000025,Immensea,0.574,0,0
30002159,9-XN3F,10000025,Immensea,30002162,Y-FZ5N,10000025,Immensea,0.57,0,0
30005168,9-ZA4Z,10000066,Perrigen Falls,30005180,9IZ-HU,10000066,Perrigen Falls,1.361,0,0
30005168,9-ZA4Z,10000066,Perrigen Falls,30005169,IU-E9T,10000066,Perrigen Falls,0.592,0,0
30005168,9-ZA4Z,10000066,Perrigen Falls,30005170,NGM-OK,10000066,Perrigen Falls,1.44,0,0
30004409,9-ZFCG,10000056,Feythabolis,30004418,DUU1-K,10000056,Feythabolis,1.278,0,0
30001814,90-A1P,10000021,Outer Passage,30001825,CNHV-M,10000021,Outer Passage,1.327,0,0
30001312,92D-OI,10000015,Venal,30004369,MA-VDX,10000055,Branch,4.967,1,0
30001284,92K-H2,10000015,Venal,30001285,AA-YRK,10000015,Venal,0.994,0,0
30002895,94-H3F,10000035,Deklein,30002896,CU9-T0,10000035,Deklein,1.136,0,0
30002895,94-H3F,10000035,Deklein,30002897,XCF-8N,10000035,Deklein,1.544,0,0
30002131,94FR-S,10000025,Immensea,30002134,I-NGI8,10000025,Immensea,0.42,0,0
30002131,94FR-S,10000025,Immensea,30002135,R-ZUOL,10000025,Immensea,1.109,0,0
30005130,972C-1,10000066,Perrigen Falls,30005131,U-W436,10000066,Perrigen Falls,0.917,0,0
30003301,97X-CH,10000041,Syndicate,30003304,2Q-I6Q,10000041,Syndicate,0.908,0,1
30003301,97X-CH,10000041,Syndicate,30003302,5-T0PZ,10000041,Syndicate,1.098,0,0
30003301,97X-CH,10000041,Syndicate,30003307,Y9G-KS,10000041,Syndicate,2.434,0,0
30004914,99-0GS,10000062,Omist,30004917,0DD-MH,10000062,Omist,0.606,0,0
30004914,99-0GS,10000062,Omist,30004919,NQH-MR,10000062,Omist,0.69,0,0
30004914,99-0GS,10000062,Omist,30004915,X-3AUU,10000062,Omist,1.34,0,1
30003979,9CG6-H,10000050,Querious,30003980,NDII-Q,10000050,Querious,1.904,0,0
30003979,9CG6-H,10000050,Querious,30003981,UYU-VV,10000050,Querious,1.068,0,0
30003979,9CG6-H,10000050,Querious,30003983,W6V-VM,10000050,Querious,0.714,0,1
30004646,9DQW-W,10000058,Fountain,30004647,PXF-RF,10000058,Fountain,0.595,0,1
30003954,9ES-SI,10000050,Querious,30003956,60M-TG,10000050,Querious,0.994,0,0
30003954,9ES-SI,10000050,Querious,30003958,TV8-HS,10000050,Querious,1.622,0,0
30003954,9ES-SI,10000050,Querious,30003955,UQY-IK,10000050,Querious,1.047,0,0
30003954,9ES-SI,10000050,Querious,30003960,YOP-0T,10000050,Querious,1.43,0,0
30002284,9F-3CR,10000027,Etherium Reach,30002318,BNX-AS,10000027,Etherium Reach,0.951,0,0
30002284,9F-3CR,10000027,Etherium Reach,30002288,QNXJ-M,10000027,Etherium Reach,1.101,0,0
30001079,9F-ERQ,10000013,Malpais,30001082,NIM-FY,10000013,Malpais,0.788,0,0
30003249,9G5J-1,10000040,Oasa,30003253,91-KD8,10000040,Oasa,3.562,0,0
30003249,9G5J-1,10000040,Oasa,30003250,B-ETDW,10000040,Oasa,0.813,0,0
30000875,9GI-FB,10000010,Tribute,30000877,DBT-GB,10000010,Tribute,1.129,0,1
30004796,9GNS-2,10000060,Delve,30004801,1-2J4P,10000060,Delve,1.134,0,0
30004796,9GNS-2,10000060,Delve,30004799,CX8-6K,10000060,Delve,0.685,0,0
30004796,9GNS-2,10000060,Delve,30004797,YAW-7M,10000060,Delve,0.958,0,0
30003338,9GYL-O,10000041,Syndicate,30003340,S-GKKR,10000041,Syndicate,0.66,0,0
30003338,9GYL-O,10000041,Syndicate,30003339,VLGD-R,10000041,Syndicate,0.656,0,0
30002589,9I-SRF,10000031,Impass,30002593,68FT-6,10000031,Impass,1.222,0,0
30002589,9I-SRF,10000031,Impass,30002592,YALR-F,10000031,Impass,1.567,0,0
30001306,9IPC-E,10000015,Venal,30001307,EIV-1W,10000015,Venal,0.901,0,0
30001306,9IPC-E,10000015,Venal,30004310,UQ9-3C,10000055,Branch,1.163,1,0
30005180,9IZ-HU,10000066,Perrigen Falls,30005182,2AUL-X,10000066,Perrigen Falls,1.258,0,0
30005180,9IZ-HU,10000066,Perrigen Falls,30005184,F-A3TR,10000066,Perrigen Falls,0.896,0,0
30005180,9IZ-HU,10000066,Perrigen Falls,30005183,F-HQWV,10000066,Perrigen Falls,0.863,0,0
30005180,9IZ-HU,10000066,Perrigen Falls,30005181,OBV-YC,10000066,Perrigen Falls,1.057,0,0
30004169,9KE-IT,10000053,Cobalt Edge,30004171,Y-RAW3,10000053,Cobalt Edge,1.334,0,0
30004169,9KE-IT,10000053,Cobalt Edge,30004174,YVSL-2,10000053,Cobalt Edge,0.958,0,1
30001154,9KOE-A,10000014,Catch,30001157,36N-HZ,10000014,Catch,0.927,0,0
30001154,9KOE-A,10000014,Catch,30001160,WD-VTV,10000014,Catch,1.837,0,0
30004884,9MWZ-B,10000062,Omist,30004885,LS-QLX,10000062,Omist,0.484,0,0
30004884,9MWZ-B,10000062,Omist,30004886,S-XZHU,10000062,Omist,0.597,0,0
30000458,9N-0HF,10000005,Detorid,30000779,SHBF-V,10000009,Insmother,1.211,1,0
30001128,9NI-FW,10000013,Malpais,30001129,H-EBQG,10000013,Malpais,0.444,0,1
30004780,9O-8W1,10000060,Delve,30004781,8F-TK3,10000060,Delve,1.022,0,0
30000800,9OLQ-6,10000009,Insmother,30000801,MOCW-2,10000009,Insmother,0.935,0,1
30000247,9OO-LH,10000003,Vale of the Silent,30000864,MSHD-4,10000010,Tribute,1.853,1,0
30002287,9P-870,10000027,Etherium Reach,30002378,DYPL-6,10000027,Etherium Reach,2.74,0,0
30002472,9P4O-F,10000029,Geminate,30002866,1S-SU1,10000034,The Kalevala Expanse,10.031,1,0
30000668,9PX2-F,10000008,Scalding Pass,30000669,N3-JBX,10000008,Scalding Pass,1.1,0,0
30002339,9QS5-C,10000027,Etherium Reach,30002341,N-SFZK,10000027,Etherium Reach,0.832,0,0
30002339,9QS5-C,10000027,Etherium Reach,30002340,NWX-LI,10000027,Etherium Reach,0.999,0,0
30004569,9R4-EJ,10000058,Fountain,30004571,Q-XEB3,10000058,Fountain,0.646,0,0
30004569,9R4-EJ,10000058,Fountain,30004570,SPLE-Y,10000058,Fountain,1.148,0,0
30001840,9RQ-L8,10000022,Stain,30001844,4J-ZC9,10000022,Stain,0.876,0,0
30001840,9RQ-L8,10000022,Stain,30001842,TG-Z23,10000022,Stain,0.928,0,0
30001796,9S-GPT,10000021,Outer Passage,30001799,2WU-XT,10000021,Outer Passage,1.203,0,1
30001796,9S-GPT,10000021,Outer Passage,30005178,PFV-ZH,10000066,Perrigen Falls,1.976,1,0
30001796,9S-GPT,10000021,Outer Passage,30001797,UAJ5-K,10000021,Outer Passage,1.042,0,0
30001796,9S-GPT,10000021,Outer Passage,30001798,XJ-AG7,10000021,Outer Passage,0.725,0,0
30000883,9SL-K9,10000010,Tribute,30000884,Y-PZHM,10000010,Tribute,0.765,0,1
30000969,9SNK-O,10000011,Great Wildlands,30000970,B-VIP9,10000011,Great Wildlands,1.476,0,0
30001857,9U6-SV,10000022,Stain,30001858,4GQ-XQ,10000022,Stain,1.885,0,0
30003707,9UY4-H,10000047,Providence,30003708,49GC-R,10000047,Providence,1.247,0,0
30003707,9UY4-H,10000047,Providence,30003723,H6-CX8,10000047,Providence,0.886,0,0
30003707,9UY4-H,10000047,Providence,30003717,U-HYMT,10000047,Providence,0.901,0,0
30001764,9Z-XJN,10000021,Outer Passage,30001766,QFRV-2,10000021,Outer Passage,0.973,0,1
30004179,A-0IIQ,10000053,Cobalt Edge,30004180,CBY8-J,10000053,Cobalt Edge,1.15,0,0
30004179,A-0IIQ,10000053,Cobalt Edge,30004181,E-BYOS,10000053,Cobalt Edge,1.109,0,0
30004179,A-0IIQ,10000053,Cobalt Edge,30004182,ETXT-F,10000053,Cobalt Edge,0.644,0,0
30004619,A-1CON,10000058,Fountain,30004630,LIWW-P,10000058,Fountain,0.773,0,1
30003650,A-1IJ9,10000045,Tenal,30003651,Y-YHZQ,10000045,Tenal,0.734,0,0
30000587,A-4JOO,10000006,Wicked Creek,30000590,3Q-VZA,10000006,Wicked Creek,0.465,0,1
30000587,A-4JOO,10000006,Wicked Creek,30000588,TP7-KE,10000006,Wicked Creek,1.355,0,1
30004544,A-5M31,10000057,Outer Ring,30004545,BOE7-P,10000057,Outer Ring,0.792,0,1
30000491,A-7XFN,10000005,Detorid,30000492,O3-4MN,10000005,Detorid,0.73,0,0
30001193,A-803L,10000014,Catch,30001197,6X7-JO,10000014,Catch,1.374,0,0
30001283,A-AFGR,10000015,Venal,30001284,92K-H2,10000015,Venal,0.829,0,0
30001283,A-AFGR,10000015,Venal,30001285,AA-YRK,10000015,Venal,1.813,0,0
30003967,A-BO4V,10000050,Querious,30004706,UHKL-N,10000060,Delve,1.027,1,0
30000476,A-C5TC,10000005,Detorid,30000478,FR46-E,10000005,Detorid,0.48,0,0
30000476,A-C5TC,10000005,Detorid,30000477,RZ-PIY,10000005,Detorid,0.736,0,0
30003100,A-CJGE,10000039,Esoteria,30003101,G2-INZ,10000039,Esoteria,0.808,0,1
30003100,A-CJGE,10000039,Esoteria,30003102,WAC-HW,10000039,Esoteria,0.828,0,1
30000852,A-DDGY,10000010,Tribute,30000856,F-749O,10000010,Tribute,1.019,0,1
30001954,A-DZA8,10000022,Stain,30001955,O-CT8N,10000022,Stain,1.967,0,0
30001954,A-DZA8,10000022,Stain,30001956,Z-6YQC,10000022,Stain,0.787,0,0
30004708,A-ELE2,10000060,Delve,30004710,1DH-SX,10000060,Delve,0.959,0,0
30004708,A-ELE2,10000060,Delve,30004740,6Q-R50,10000060,Delve,3.37,0,0
30004359,A-G1FM,10000055,Branch,30004360,4-BE0M,10000055,Branch,0.811,0,0
30004359,A-G1FM,10000055,Branch,30004361,I-7RIS,10000055,Branch,0.722,0,1
30004359,A-G1FM,10000055,Branch,30004362,P7Z-R3,10000055,Branch,1.022,0,0
30004359,A-G1FM,10000055,Branch,30004363,ZIU-EP,10000055,Branch,1.092,0,0
30001870,A-GPTM,10000022,Stain,30001893,S-DLKC,10000022,Stain,1.319,0,0
30004605,A-HZYL,10000058,Fountain,30004643,57-KJB,10000058,Fountain,1.391,0,1
30004605,A-HZYL,10000058,Fountain,30004607,Z30S-A,10000058,Fountain,0.531,0,0
30001537,A-J6SN,10000018,The Spire,30001539,AG-SYG,10000018,The Spire,0.972,0,1
30000314,A-QRQT,10000003,Vale of the Silent,30000315,WMBZ-U,10000003,Vale of the Silent,0.738,0,0
30003335,A-SJ8X,10000041,Syndicate,30004037,1-3HWZ,10000051,Cloud Ring,0.824,1,0
30000769,A-TJ0G,10000009,Insmother,30000814,EJ48-O,10000009,Insmother,0.537,0,0
30001210,A-VILQ,10000014,Catch,30001212,3-SFWG,10000014,Catch,0.512,0,1
30001210,A-VILQ,10000014,Catch,30001211,X3FQ-W,10000014,Catch,0.985,0,1
30003305,A-ZLHX,10000041,Syndicate,30003306,UTKS-5,10000041,Syndicate,1.037,0,0
30001077,A0M-R8,10000013,Malpais,30001078,LY-WRW,10000013,Malpais,1.162,0,0
30001077,A0M-R8,10000013,Malpais,30001080,QCGG-Q,10000013,Malpais,0.67,0,0
30003125,A1-AUH,10000039,Esoteria,30003126,F-UVBV,10000039,Esoteria,0.862,0,1
30003125,A1-AUH,10000039,Esoteria,30003133,G-YZUX,10000039,Esoteria,0.896,0,1
30003125,A1-AUH,10000039,Esoteria,30003129,VUAC-Y,10000039,Esoteria,0.924,0,0
30003655,A1RR-M,10000045,Tenal,30003656,AR-5SY,10000045,Tenal,0.506,0,0
30003655,A1RR-M,10000045,Tenal,30003657,OE-4HB,10000045,Tenal,0.967,0,0
30003942,A2-V27,10000050,Querious,30003944,A3-LOG,10000050,Querious,1.257,0,0
30003942,A2-V27,10000050,Querious,30003946,O3L-95,10000050,Querious,0.705,0,0
30003942,A2-V27,10000050,Querious,30003943,T8H-66,10000050,Querious,0.66,0,0
30000794,A24L-V,10000009,Insmother,30000795,4CJ-AC,10000009,Insmother,3.093,0,0
30000317,A3-RQ3,10000003,Vale of the Silent,30000318,9-GBPD,10000003,Vale of the Silent,0.788,0,0
30000317,A3-RQ3,10000003,Vale of the Silent,30000319,LS-JEP,10000003,Vale of the Silent,0.909,0,0
30002113,A4B-V5,10000025,Immensea,30002114,LN-56V,10000025,Immensea,0.742,0,0
30002952,A4L-A2,10000035,Deklein,30002953,CZDJ-1,10000035,Deklein,1.808,0,0
30002952,A4L-A2,10000035,Deklein,30002956,UEJX-G,10000035,Deklein,0.933,0,1
30001896,A4UG-O,10000022,Stain,30001898,U2-BJ2,10000022,Stain,1.086,0,0
30001896,A4UG-O,10000022,Stain,30001897,W-VXL9,10000022,Stain,0.454,0,0
30000259,A8A-JN,10000003,Vale of the Silent,30000260,S-NJBB,10000003,Vale of the Silent,0.556,0,0
30001993,A8I-C5,10000023,Pure Blind,30001994,DK-FXK,10000023,Pure Blind,1.591,0,0
30001993,A8I-C5,10000023,Pure Blind,30001997,U-INPD,10000023,Pure Blind,0.507,0,0
30005092,A9-F18,10000066,Perrigen Falls,30005116,H-FOYG,10000066,Perrigen Falls,1.089,0,0
30001022,AAM-1A,10000012,Curse,30001026,K-QWHE,10000012,Curse,0.99,0,1
30003293,AAS-8R,10000041,Syndicate,30003294,V4-L0X,10000041,Syndicate,0.419,0,0
30000914,AB-FZE,10000011,Great Wildlands,30000915,N-6Z8B,10000011,Great Wildlands,1.118,0,0
30004831,ABE-M2,10000061,Tenerifis,30004832,IL-YTR,10000061,Tenerifis,1.486,0,0
30004831,ABE-M2,10000061,Tenerifis,30004834,U2U5-A,10000061,Tenerifis,0.74,0,0
30002160,AC-7LZ,10000025,Immensea,30002163,E8-YS9,10000025,Immensea,0.75,0,0
30002160,AC-7LZ,10000025,Immensea,30002161,LBA-SO,10000025,Immensea,0.534,0,0
30004563,AC2E-3,10000058,Fountain,30004565,CL-BWB,10000058,Fountain,0.821,0,0
30002478,AD-5B8,10000029,Geminate,30002480,54-MF6,10000029,Geminate,0.968,0,0
30002478,AD-5B8,10000029,Geminate,30003466,Eurgrana,10000042,Metropolis,4.855,1,0
30002587,AFJ-NB,10000031,Impass,30002588,H-64KI,10000031,Impass,1.015,0,0
30002933,AGG-NR,10000035,Deklein,30002935,O-2RNZ,10000035,Deklein,1.189,0,1
30004323,AH-B84,10000055,Branch,30004325,HB7R-F,10000055,Branch,1.199,0,1
30004323,AH-B84,10000055,Branch,30004324,JTAU-5,10000055,Branch,0.78,0,1
30000691,AH8-Q7,10000008,Scalding Pass,30000695,F2-NXA,10000008,Scalding Pass,0.85,0,0
30000691,AH8-Q7,10000008,Scalding Pass,30000694,V-S9YY,10000008,Scalding Pass,0.944,0,0
30000933,AI-EVH,10000011,Great Wildlands,30000934,F-MKH3,10000011,Great Wildlands,0.893,0,0
30000933,AI-EVH,10000011,Great Wildlands,30000947,Y7-XFD,10000011,Great Wildlands,1.355,0,0
30002289,AID-9T,10000027,Etherium Reach,30002295,D3S-EA,10000027,Etherium Reach,0.834,0,1
30002289,AID-9T,10000027,Etherium Reach,30002847,L-GY1B,10000034,The Kalevala Expanse,1.219,1,0
30002289,AID-9T,10000027,Etherium Reach,30002290,PXE-RG,10000027,Etherium Reach,0.556,0,0
30001289,AJCJ-1,10000015,Venal,30001290,6NJ8-V,10000015,Venal,1.232,0,0
30004717,AJI-MA,10000060,Delve,30004737,Q-HESZ,10000060,Delve,2.277,0,0
30004717,AJI-MA,10000060,Delve,30004724,RF-K9W,10000060,Delve,1.164,0,1
30005098,AK-L0Z,10000066,Perrigen Falls,30005139,2-YO2K,10000066,Perrigen Falls,0.88,0,1
30005098,AK-L0Z,10000066,Perrigen Falls,30005116,H-FOYG,10000066,Perrigen Falls,1.677,0,0
30001534,AL-JSG,10000018,The Spire,30001535,ETO-OT,10000018,The Spire,2.774,0,0
30001534,AL-JSG,10000018,The Spire,30001536,KPI-OW,10000018,The Spire,0.849,0,0
30004578,AL8-V4,10000058,Fountain,30004581,OW-TPO,10000058,Fountain,0.856,0,1
30002338,ALC-JM,10000027,Etherium Reach,30002339,9QS5-C,10000027,Etherium Reach,0.76,0,0
30004527,AN-G54,10000057,Outer Ring,30004530,CT7-5V,10000057,Outer Ring,1.043,0,1
30004527,AN-G54,10000057,Outer Ring,30004529,T-Z6J2,10000057,Outer Ring,1.116,0,0
30004527,AN-G54,10000057,Outer Ring,30004528,ZXI-K2,10000057,Outer Ring,0.55,0,0
30001216,AOK-WQ,10000014,Catch,30001218,7LHB-Z,10000014,Catch,0.898,0,0
30001216,AOK-WQ,10000014,Catch,30001217,E3-SDZ,10000014,Catch,0.92,0,0
30002453,AP9-LV,10000029,Geminate,30002454,0-GZX9,10000029,Geminate,0.604,0,0
30002453,AP9-LV,10000029,Geminate,30002456,4NGK-F,10000029,Geminate,0.654,0,1
30001114,APES-G,10000013,Malpais,30001551,0J-MQW,10000018,The Spire,3.088,1,0
30004576,APM-6K,10000058,Fountain,30004582,9O-ORX,10000058,Fountain,1.029,0,0
30004576,APM-6K,10000058,Fountain,30004579,KCT-0A,10000058,Fountain,1.413,0,0
30004576,APM-6K,10000058,Fountain,30004577,RE-C26,10000058,Fountain,1.118,0,0
30003656,AR-5SY,10000045,Tenal,30003657,OE-4HB,10000045,Tenal,0.597,0,0
30004669,ARBX-9,10000059,Paragon Soul,30004672,9T-APQ,10000059,Paragon Soul,1.413,0,0
30000656,ARG-3R,10000008,Scalding Pass,30000668,9PX2-F,10000008,Scalding Pass,2.067,0,0
30000656,ARG-3R,10000008,Scalding Pass,30000665,K212-A,10000008,Scalding Pass,0.897,0,0
30000656,ARG-3R,10000008,Scalding Pass,30000661,P-N5N9,10000008,Scalding Pass,0.602,0,1
30000656,ARG-3R,10000008,Scalding Pass,30000658,R-3FBU,10000008,Scalding Pass,1.022,0,0
30000656,ARG-3R,10000008,Scalding Pass,30001019,VOL-MI,10000012,Curse,1.561,1,0
30003273,ATY-2U,10000041,Syndicate,30003295,PFP-GU,10000041,Syndicate,0.853,0,0
30003273,ATY-2U,10000041,Syndicate,30003294,V4-L0X,10000041,Syndicate,0.856,0,0
30002834,AU2V-J,10000034,The Kalevala Expanse,30002838,D-6PKO,10000034,The Kalevala Expanse,0.902,0,0
30002834,AU2V-J,10000034,The Kalevala Expanse,30002837,QZX-L9,10000034,The Kalevala Expanse,0.713,0,0
30002834,AU2V-J,10000034,The Kalevala Expanse,30002835,SY-0AM,10000034,The Kalevala Expanse,0.853,0,0
30004614,AV-VB6,10000058,Fountain,30004616,7BX-6F,10000058,Fountain,0.641,0,0
30001203,AX-DOT,10000014,Catch,30001213,MUXX-4,10000014,Catch,0.738,0,0
30004904,AXDX-F,10000062,Omist,30004905,J-4FNO,10000062,Omist,0.664,0,0
30004904,AXDX-F,10000062,Omist,30004906,PEM-LC,10000062,Omist,1.129,0,0
30004904,AXDX-F,10000062,Omist,30004909,QSF-EJ,10000062,Omist,3.368,0,0
30004904,AXDX-F,10000062,Omist,30004907,X-EHHD,10000062,Omist,0.723,0,1
30003756,AY-24I,10000047,Providence,30003758,K1I1-J,10000047,Providence,0.388,0,0
30003756,AY-24I,10000047,Providence,30003773,X6AB-Y,10000047,Providence,4.071,0,0
30003746,AY-YCU,10000047,Providence,30003774,2V-CS5,10000047,Providence,0.618,0,1
30003746,AY-YCU,10000047,Providence,30003747,ZT-LPU,10000047,Providence,0.516,0,0
30005094,AY9X-Q,10000066,Perrigen Falls,30005099,R-AG7W,10000066,Perrigen Falls,1.152,0,0
30005094,AY9X-Q,10000066,Perrigen Falls,30005095,XU7-CH,10000066,Perrigen Falls,1.793,0,0
30000672,AZ3F-N,10000008,Scalding Pass,30000676,ER2O-Y,10000008,Scalding Pass,0.88,0,0
30000672,AZ3F-N,10000008,Scalding Pass,30000675,FYD-TO,10000008,Scalding Pass,0.89,0,1
30000672,AZ3F-N,10000008,Scalding Pass,30000673,RNM-Y6,10000008,Scalding Pass,0.995,0,0
30001070,AZA-QE,10000013,Malpais,30001103,2XI8-Y,10000013,Malpais,0.792,0,0
30000265,AZBR-2,10000003,Vale of the Silent,30000266,Z-8Q65,10000003,Vale of the Silent,0.816,0,0
30000920,AZF-GH,10000011,Great Wildlands,30000923,CRXA-Y,10000011,Great Wildlands,1.031,0,0
30000920,AZF-GH,10000011,Great Wildlands,30000924,VXO-OM,10000011,Great Wildlands,2.708,0,0
30004450,AZN-D2,10000056,Feythabolis,30004451,E-PR0S,10000056,Feythabolis,0.447,0,0
30004450,AZN-D2,10000056,Feythabolis,30004452,TR07-S,10000056,Feythabolis,1.295,0,0
30001396,Aakari,10000016,Lonetrek,30001397,Isseras,10000016,Lonetrek,0.708,0,0
30000147,Abagawa,10000002,The Forge,30000150,Hurtoken,10000002,The Forge,0.591,0,0
30001694,Abai,10000020,Tash-Murkon,30001696,Iro,10000020,Tash-Murkon,0.943,0,0
30001694,Abai,10000020,Tash-Murkon,30001695,Nehkiah,10000020,Tash-Murkon,1.287,0,0
30004090,Aband,10000052,Kador,30004129,Munory,10000052,Kador,2.096,0,0
30005062,Abath,10000065,Kor-Azor,30005063,Schmaeel,10000065,Kor-Azor,0.761,0,0
30005254,Abhan,10000067,Genesis,30005256,Itrin,10000067,Genesis,1.99,0,0
30002507,Abudban,10000030,Heimatar,30002512,Alakgur,10000030,Heimatar,1.128,0,0
30002507,Abudban,10000030,Heimatar,30002530,Avesber,10000030,Heimatar,2.665,0,0
30002507,Abudban,10000030,Heimatar,30002509,Odatrik,10000030,Heimatar,1.882,0,0
30002507,Abudban,10000030,Heimatar,30002510,Rens,10000030,Heimatar,1.26,0,0
30004984,Abune,10000064,Essence,30045347,Oinasiken,10000069,Black Rise,2.351,1,0
30005266,Access,10000067,Genesis,30005281,Exit,10000067,Genesis,0.661,0,1
30003028,Aclan,10000037,Everyshore,30003029,Jaschercis,10000037,Everyshore,1.133,0,1
30004981,Actee,10000064,Essence,30004983,Amane,10000064,Essence,0.648,0,1
30003832,Adacyne,10000048,Placid,30003834,Chardalane,10000048,Placid,1.156,0,1
30003832,Adacyne,10000048,Placid,30003835,Maut,10000048,Placid,1.131,0,0
30001717,Adar,10000020,Tash-Murkon,30001718,Paye,10000020,Tash-Murkon,1.051,0,0
30100078,Adaz,10001004,Exordium,30100080,Kanta,10001004,Exordium,0.318,0,0
30100078,Adaz,10001004,Exordium,30100079,Mazor,10001004,Exordium,0.311,0,0
30100078,Adaz,10001004,Exordium,30100081,Taikud,10001004,Exordium,0.084,0,0
30002710,Adiere,10000032,Sinq Laison,30002711,Stetille,10000032,Sinq Laison,1.84,0,0
30005003,Adirain,10000064,Essence,30005008,Aeschee,10000064,Essence,2.841,0,0
30002639,Adreland,10000032,Sinq Laison,30002710,Adiere,10000032,Sinq Laison,1.513,0,0
30002639,Adreland,10000032,Sinq Laison,30003034,Mattere,10000037,Everyshore,2.418,1,0
30002393,Aedald,10000028,Molden Heath,30002395,Audesder,10000028,Molden Heath,0.372,0,0
30002393,Aedald,10000028,Molden Heath,30002394,Muttokon,10000028,Molden Heath,0.673,0,0
30002383,Aeddin,10000028,Molden Heath,30002523,Austraka,10000030,Heimatar,1.13,1,0
30002383,Aeddin,10000028,Molden Heath,30002384,Gulfonodi,10000028,Molden Heath,0.389,0,0
30002383,Aeddin,10000028,Molden Heath,30002385,Teonusude,10000028,Molden Heath,0.906,0,0
30002419,Aeditide,10000028,Molden Heath,30002420,Egbinger,10000028,Molden Heath,0.831,0,0
30005006,Aere,10000064,Essence,30005007,Lisbaetanne,10000064,Essence,1.553,0,0
30005008,Aeschee,10000064,Essence,30005321,Jovainnon,10000068,Verge Vendor,2.507,1,0
30003585,Aeter,10000044,Solitude,30003587,Harner,10000044,Solitude,1.927,0,0
30002729,Aetree,10000032,Sinq Laison,30002730,Esmes,10000032,Sinq Laison,1.691,0,0
30003903,Afnakat,10000049,Khanid,30003904,Col,10000049,Khanid,0.851,0,0
30003903,Afnakat,10000049,Khanid,30003906,Firbha,10000049,Khanid,0.562,0,1
30003903,Afnakat,10000049,Khanid,30003909,Parses,10000049,Khanid,3.483,0,0
30004271,Afrah,10000054,Aridia,30004273,Soliara,10000054,Aridia,1.764,0,1
30005292,Agal,10000067,Genesis,30005293,Doza,10000067,Genesis,0.515,0,0
30003600,Agaullores,10000044,Solitude,30004233,Shirshocin,10000054,Aridia,6.99,1,0
30002220,Aghesi,10000043,Domain,30002222,Airshaz,10000043,Domain,0.898,0,0
30002220,Aghesi,10000043,Domain,30002224,Charra,10000043,Domain,1.042,0,0
30002220,Aghesi,10000043,Domain,30002221,Fabin,10000043,Domain,0.417,0,0
30002220,Aghesi,10000043,Domain,30003546,Maiah,10000043,Domain,1.281,0,0
30002220,Aghesi,10000043,Domain,30003526,Murzi,10000043,Domain,1.668,0,0
30002220,Aghesi,10000043,Domain,30002223,Patzcha,10000043,Domain,0.81,0,0
30002220,Aghesi,10000043,Domain,30003545,Yuhelia,10000043,Domain,1.328,0,0
30003862,Agil,10000049,Khanid,30003866,Bukah,10000049,Khanid,1.05,0,0
30003862,Agil,10000049,Khanid,30003875,Hishai,10000049,Khanid,1.642,0,0
30003787,Agoze,10000048,Placid,30003791,Annancale,10000048,Placid,1.72,0,0
30003787,Agoze,10000048,Placid,30003788,Intaki,10000048,Placid,2.039,0,0
30003787,Agoze,10000048,Placid,30005300,Loes,10000068,Verge Vendor,0.96,1,0
30003787,Agoze,10000048,Placid,30003792,Ostingele,10000048,Placid,1.986,0,0
30003787,Agoze,10000048,Placid,30003790,Vey,10000048,Placid,0.976,0,0
30002658,Agrallarier,10000032,Sinq Laison,30002661,Botane,10000032,Sinq Laison,0.422,0,0
30002658,Agrallarier,10000032,Sinq Laison,30002659,Dodixie,10000032,Sinq Laison,0.484,0,0
30002658,Agrallarier,10000032,Sinq Laison,30002660,Eglennaert,10000032,Sinq Laison,1.715,0,0
30003404,Agtver,10000042,Metropolis,30003405,Datulen,10000042,Metropolis,0.647,0,0
30003404,Agtver,10000042,Metropolis,30003407,Tamekamur,10000042,Metropolis,0.342,0,0
30001697,Ahkour,10000020,Tash-Murkon,30001698,Gaknem,10000020,Tash-Murkon,0.896,0,0
30001649,Ahrosseas,10000020,Tash-Murkon,30001653,Jarzalad,10000020,Tash-Murkon,2.124,0,0
30002752,Ahynada,10000033,The Citadel,30002775,Paara,10000033,The Citadel,0.465,0,0
30003015,Aice,10000037,Everyshore,30003045,Enedore,10000037,Everyshore,0.814,0,0
30002753,Aikoro,10000033,The Citadel,30002754,Alikara,10000033,The Citadel,1.308,0,0
30003566,Aimoguier,10000044,Solitude,30003569,Cadelanne,10000044,Solitude,1.169,0,1
30000185,Airaken,10000002,The Forge,30000186,Oijanen,10000002,The Forge,0.738,0,0
30001404,Airkio,10000016,Lonetrek,30011407,Akiainavas,10000016,Lonetrek,0.448,0,1
30001404,Airkio,10000016,Lonetrek,30001405,Kakakela,10000016,Lonetrek,0.509,0,0
30001404,Airkio,10000016,Lonetrek,30001406,Kamokor,10000016,Lonetrek,1.013,0,0
30001404,Airkio,10000016,Lonetrek,30001408,Ruvas,10000016,Lonetrek,0.972,0,0
30000166,Airmia,10000002,The Forge,30000168,Friggi,10000002,The Forge,1.46,0,0
30000166,Airmia,10000002,The Forge,30000167,Sakkikainen,10000002,The Forge,0.381,0,0
30002222,Airshaz,10000043,Domain,30003482,Mista,10000043,Domain,1.19,0,0
30001431,Aivoli,10000016,Lonetrek,30001432,Uesuro,10000016,Lonetrek,1.3,0,0
30045340,Aivonen,10000069,Black Rise,30045342,Akidagi,10000069,Black Rise,1.353,0,0
30001414,Ajanen,10000016,Lonetrek,30001415,Kuoka,10000016,Lonetrek,0.738,0,0
30004277,Ajna,10000054,Aridia,30004279,Ahraghen,10000054,Aridia,1.136,0,0
30004277,Ajna,10000054,Aridia,30004278,Sheri,10000054,Aridia,2.219,0,0
30002992,Akes,10000036,Devoid,30002994,Hati,10000036,Devoid,1.516,0,0
30000065,Akhrad,10000001,Derelik,30000067,Sharir,10000001,Derelik,0.657,0,0
30000065,Akhrad,10000001,Derelik,30000118,Uanzin,10000001,Derelik,4.253,0,0
30002197,Akhragan,10000043,Domain,30002198,Mikhir,10000043,Domain,0.93,0,0
30002197,Akhragan,10000043,Domain,30002203,Ziona,10000043,Domain,1.173,0,0
30002197,Akhragan,10000043,Domain,30004081,Zororzih,10000052,Kador,1.046,1,0
30045342,Akidagi,10000069,Black Rise,30045344,Nennamaila,10000069,Black Rise,2.599,0,0
30003479,Akila,10000043,Domain,30003480,Amod,10000043,Domain,0.913,0,0
30000178,Akkilen,10000002,The Forge,30000188,Hentogaira,10000002,The Forge,0.995,0,0
30000200,Akkio,10000002,The Forge,30002475,EOA-ZC,10000029,Geminate,1.569,1,0
30000200,Akkio,10000002,The Forge,30002062,Todifrauan,10000042,Metropolis,8.737,1,0
30001382,Akonoinen,10000016,Lonetrek,30001384,Autaris,10000016,Lonetrek,0.712,0,0
30001382,Akonoinen,10000016,Lonetrek,30001383,Vaajaita,10000016,Lonetrek,0.94,0,0
30000163,Akora,10000002,The Forge,30000164,Messoya,10000002,The Forge,1.357,0,0
30000163,Akora,10000002,The Forge,30000186,Oijanen,10000002,The Forge,3.44,0,0
30000003,Akpivem,10000001,Derelik,30000084,Asghatil,10000001,Derelik,0.699,0,0
30000003,Akpivem,10000001,Derelik,30000052,Maspah,10000001,Derelik,0.803,0,0
30000003,Akpivem,10000001,Derelik,30000007,Yuzier,10000001,Derelik,1.279,0,0
30002652,Ala,10000070,Pochven,30005029,Vale,10000070,Pochven,7.984,0,0
30003042,Alachene,10000037,Everyshore,30003043,Uphene,10000037,Everyshore,2.183,0,0
30002512,Alakgur,10000030,Heimatar,30002513,Dammalin,10000030,Heimatar,0.713,0,0
30005225,Alal,10000067,Genesis,30005228,Chamja,10000067,Genesis,0.817,0,0
30005225,Alal,10000067,Genesis,30005226,Dom-Aphis,10000067,Genesis,0.744,0,0
30003854,Alamel,10000048,Placid,30003855,Mantenault,10000048,Placid,0.67,0,0
30003854,Alamel,10000048,Placid,30003857,Odamia,10000048,Placid,0.75,0,0
30003415,Aldagolf,10000042,Metropolis,30003441,Earwik,10000042,Metropolis,1.178,0,0
30003464,Aldik,10000042,Metropolis,30003466,Eurgrana,10000042,Metropolis,0.944,0,0
30100065,Aldoras,10001004,Exordium,30100068,Dyka-hau,10001004,Exordium,0.317,0,0
30100065,Aldoras,10001004,Exordium,30100067,Hotak,10001004,Exordium,0.358,0,0
30100065,Aldoras,10001004,Exordium,30100066,Pamirasu,10001004,Exordium,0.423,0,0
30003837,Aldranette,10000048,Placid,30003839,Evaulon,10000048,Placid,0.98,0,0
30003837,Aldranette,10000048,Placid,30045344,Nennamaila,10000069,Black Rise,1.95,1,0
30003416,Aldrat,10000042,Metropolis,30003419,Erstur,10000042,Metropolis,0.809,0,0
30003416,Aldrat,10000042,Metropolis,30003420,Fredagod,10000042,Metropolis,1.463,0,0
30003416,Aldrat,10000042,Metropolis,30003418,Hardbako,10000042,Metropolis,0.659,0,0
30003416,Aldrat,10000042,Metropolis,30003417,Urnhard,10000042,Metropolis,0.722,0,0
30005302,Alenia,10000068,Verge Vendor,30005304,Alentene,10000068,Verge Vendor,2.247,0,0
30005302,Alenia,10000068,Verge Vendor,30005306,Vaere,10000068,Verge Vendor,0.886,0,0
30005304,Alentene,10000068,Verge Vendor,30015305,Adallier,10000068,Verge Vendor,0.381,0,1
30005304,Alentene,10000068,Verge Vendor,30005305,Cistuvaert,10000068,Verge Vendor,1.458,0,0
30005304,Alentene,10000068,Verge Vendor,30005322,Scolluzer,10000068,Verge Vendor,0.767,0,0
30005304,Alentene,10000068,Verge Vendor,30005306,Vaere,10000068,Verge Vendor,2.993,0,0
30003380,Alf,10000042,Metropolis,30013410,Abrat,10000042,Metropolis,0.448,0,1
30003811,Algasienan,10000048,Placid,30003824,Archavoinet,10000048,Placid,1.783,0,0
30003811,Algasienan,10000048,Placid,30003812,Osmallanais,10000048,Placid,0.711,0,1
30004972,Algogille,10000064,Essence,30014971,Couster,10000064,Essence,0.381,0,1
30004972,Algogille,10000064,Essence,30005015,Synchelle,10000064,Essence,1.222,0,0
30002712,Alillere,10000032,Sinq Laison,30002713,Abenync,10000032,Sinq Laison,0.594,0,0
30002712,Alillere,10000032,Sinq Laison,30002716,Aurcel,10000032,Sinq Laison,1.263,0,0
30002712,Alillere,10000032,Sinq Laison,30002717,Aymaerne,10000032,Sinq Laison,0.891,0,0
30002712,Alillere,10000032,Sinq Laison,30002715,Bourynes,10000032,Sinq Laison,0.755,0,0
30002712,Alillere,10000032,Sinq Laison,30002714,Pozirblant,10000032,Sinq Laison,0.396,0,0
30003521,Alkabsi,10000043,Domain,30003522,Sarum Prime,10000043,Domain,2.029,0,0
30004995,Allamotte,10000064,Essence,30004997,Vifrevaert,10000064,Essence,1.324,0,0
30005009,Allebin,10000064,Essence,30005010,Atlulle,10000064,Essence,1.413,0,0
30005009,Allebin,10000064,Essence,30005012,Haine,10000064,Essence,0.877,0,0
30005009,Allebin,10000064,Essence,30005013,Perckhevin,10000064,Essence,0.794,0,0
30002664,Alles,10000032,Sinq Laison,30002712,Alillere,10000032,Sinq Laison,1.365,0,0
30002664,Alles,10000032,Sinq Laison,30002667,Chelien,10000032,Sinq Laison,0.42,0,0
30002727,Allipes,10000032,Sinq Laison,30002729,Aetree,10000032,Sinq Laison,0.726,0,0
30003850,Alparena,10000048,Placid,30003851,Reschard,10000048,Placid,1.902,0,0
30003800,Alperaute,10000048,Placid,30003801,Aunsou,10000048,Placid,1.362,0,0
30001730,Alra,10000020,Tash-Murkon,30001731,Ilas,10000020,Tash-Murkon,0.786,0,0
30001730,Alra,10000020,Tash-Murkon,30001733,Tew,10000020,Tash-Murkon,1.146,0,0
30001730,Alra,10000020,Tash-Murkon,30001732,Zith,10000020,Tash-Murkon,0.463,0,0
30003841,Alsavoinon,10000048,Placid,30004046,F7C-H0,10000051,Cloud Ring,9.004,1,0
30003841,Alsavoinon,10000048,Placid,30100000,Zarzakh,10001000,Yasna Zakh,32.859,1,0
30002678,Alsottobier,10000032,Sinq Laison,30002684,Audaerne,10000032,Sinq Laison,0.489,0,0
30003389,Altrinur,10000042,Metropolis,30003392,Eygfe,10000042,Metropolis,0.745,0,0
30003389,Altrinur,10000042,Metropolis,30003391,Reset,10000042,Metropolis,0.912,0,0
30003389,Altrinur,10000042,Metropolis,30003390,Vilur,10000042,Metropolis,1.222,0,1
30003917,Amafi,10000049,Khanid,30003919,Ashkoo,10000049,Khanid,0.955,0,0
30003917,Amafi,10000049,Khanid,30003918,Hakana,10000049,Khanid,0.66,0,1
30003917,Amafi,10000049,Khanid,30003922,Nahrneder,10000049,Khanid,1.06,0,0
30002537,Amamake,10000030,Heimatar,30002542,Auga,10000030,Heimatar,0.432,0,0
30002537,Amamake,10000030,Heimatar,30002541,Dal,10000030,Heimatar,1.108,0,0
30002537,Amamake,10000030,Heimatar,30002539,Siseide,10000030,Heimatar,0.909,0,0
30002537,Amamake,10000030,Heimatar,30002538,Vard,10000030,Heimatar,0.846,0,0
30004983,Amane,10000064,Essence,30004986,Estaunitte,10000064,Essence,0.542,0,1
30002187,Amarr,10000043,Domain,30003491,Ashab,10000043,Domain,1.802,0,0
30002187,Amarr,10000043,Domain,30002282,Bhizheba,10000043,Domain,0.971,0,0
30002187,Amarr,10000043,Domain,30002189,Hedion,10000043,Domain,0.954,0,0
30002187,Amarr,10000043,Domain,30002192,Irnin,10000043,Domain,2.895,0,0
30002187,Amarr,10000043,Domain,30005038,Kor-Azor Prime,10000065,Kor-Azor,7.714,1,0
30002187,Amarr,10000043,Domain,30003522,Sarum Prime,10000043,Domain,6.486,0,0
30003848,Amasiree,10000048,Placid,30003849,Aubonnie,10000048,Placid,0.518,0,0
30003012,Amattens,10000037,Everyshore,30003015,Aice,10000037,Everyshore,0.795,0,0
30003012,Amattens,10000037,Everyshore,30003014,Bereye,10000037,Everyshore,0.621,0,0
30003012,Amattens,10000037,Everyshore,30003016,Junsoraert,10000037,Everyshore,0.685,0,0
30003012,Amattens,10000037,Everyshore,30003013,Jurlesel,10000037,Everyshore,0.771,0,0
30003012,Amattens,10000037,Everyshore,30003043,Uphene,10000037,Everyshore,0.743,0,0
30002644,Ambeke,10000032,Sinq Laison,30002691,Crielere,10000032,Sinq Laison,1.807,0,0
30002644,Ambeke,10000032,Sinq Laison,30002686,Olettiers,10000032,Sinq Laison,2.4,0,0
30005036,Amdonen,10000065,Kor-Azor,30005038,Kor-Azor Prime,10000065,Kor-Azor,1.211,0,0
30005036,Amdonen,10000065,Kor-Azor,30005039,Leva,10000065,Kor-Azor,2.131,0,0
30005036,Amdonen,10000065,Kor-Azor,30005037,Mora,10000065,Kor-Azor,1.721,0,0
30005036,Amdonen,10000065,Kor-Azor,30005040,Nishah,10000065,Kor-Azor,0.637,0,1
30002511,Ameinaka,10000030,Heimatar,30003374,Arlulf,10000042,Metropolis,0.842,1,0
30002511,Ameinaka,10000030,Heimatar,30002524,Ivar,10000030,Heimatar,0.934,0,0
30002511,Ameinaka,10000030,Heimatar,30012505,Malukker,10000030,Heimatar,0.448,0,1
30005035,Ami,10000065,Kor-Azor,30005036,Amdonen,10000065,Kor-Azor,1.43,0,0
30005035,Ami,10000065,Kor-Azor,30005074,Daran,10000065,Kor-Azor,7.08,0,0
30002547,Ammold,10000030,Heimatar,30002548,Emolgranlan,10000030,Heimatar,1.162,0,0
30002055,Amo,10000042,Metropolis,30002059,Auner,10000042,Metropolis,0.838,0,0
30002055,Amo,10000042,Metropolis,30002056,Resbroko,10000042,Metropolis,0.594,0,0
30003480,Amod,10000043,Domain,30004136,Mod,10000052,Kador,1.81,1,0
30005329,Amoderia,10000068,Verge Vendor,30005330,Arraron,10000068,Verge Vendor,1.128,0,0
30005329,Amoderia,10000068,Verge Vendor,30005333,Stou,10000068,Verge Vendor,0.962,0,0
30003847,Amoen,10000048,Placid,30003848,Amasiree,10000048,Placid,0.797,0,0
30000058,Amphar,10000001,Derelik,30000105,Abha,10000001,Derelik,1.778,0,0
30000058,Amphar,10000001,Derelik,30000059,Salashayama,10000001,Derelik,0.864,0,0
30000058,Amphar,10000001,Derelik,30000068,Usroh,10000001,Derelik,0.834,0,0
30001392,Amsen,10000016,Lonetrek,30001393,Malkalen,10000016,Lonetrek,0.586,0,0
30005279,Anara,10000067,Genesis,30005280,Partod,10000067,Genesis,0.843,0,1
30003840,Anchauttes,10000048,Placid,30003842,Esesier,10000048,Placid,1.293,0,1
30003840,Anchauttes,10000048,Placid,30003857,Odamia,10000048,Placid,4.219,0,0
30003571,Anckee,10000044,Solitude,30003594,Heluene,10000044,Solitude,0.982,0,0
30003571,Anckee,10000044,Solitude,30003572,Vevelonel,10000044,Solitude,1.486,0,0
30005049,Andrub,10000065,Kor-Azor,30005069,Nahol,10000065,Kor-Azor,0.931,0,0
30005022,Ane,10000064,Essence,30005023,Clorteler,10000064,Essence,1.156,0,1
30005264,Angur,10000067,Genesis,30005266,Access,10000067,Genesis,1.052,0,1
30005264,Angur,10000067,Genesis,30005265,Hangond,10000067,Genesis,0.858,0,0
30003046,Angymonne,10000070,Pochven,30045329,Ichoriya,10000070,Pochven,15.175,0,0
30003046,Angymonne,10000070,Pochven,30005029,Vale,10000070,Pochven,3.796,0,0
30002051,Anher,10000042,Metropolis,30002060,Evati,10000042,Metropolis,1.753,0,0
30003515,Anila,10000043,Domain,30003535,Afivad,10000043,Domain,1.104,0,0
30003515,Anila,10000043,Domain,30003517,Etav,10000043,Domain,0.934,0,0
30003515,Anila,10000043,Domain,30003533,Hahda,10000043,Domain,0.869,0,0
30003515,Anila,10000043,Domain,30003531,Hisoufad,10000043,Domain,1.506,0,0
30003515,Anila,10000043,Domain,30003516,Pedel,10000043,Domain,0.696,0,0
30003515,Anila,10000043,Domain,30003518,Saheri,10000043,Domain,0.946,0,0
30001439,Anin,10000016,Lonetrek,30001440,Karjataimon,10000016,Lonetrek,1.488,0,0
30001439,Anin,10000016,Lonetrek,30001441,Tartoken,10000016,Lonetrek,2.909,0,0
30001647,Anjedin,10000020,Tash-Murkon,30001656,Ivih,10000020,Tash-Murkon,0.601,0,0
30001647,Anjedin,10000020,Tash-Murkon,30001669,Pimebeka,10000020,Tash-Murkon,1.718,0,0
30001647,Anjedin,10000020,Tash-Murkon,30001681,Teshkat,10000020,Tash-Murkon,0.824,0,1
30003071,Anka,10000038,The Bleak Lands,30003076,Gammel,10000038,The Bleak Lands,0.653,0,0
30003071,Anka,10000038,The Bleak Lands,30003072,Iesa,10000038,The Bleak Lands,1.358,0,0
30003071,Anka,10000038,The Bleak Lands,30003091,Tannakan,10000038,The Bleak Lands,4.23,0,0
30002776,Annaro,10000033,The Citadel,30002777,Isutaka,10000033,The Citadel,0.874,0,1
30002776,Annaro,10000033,The Citadel,30002780,Muvolailen,10000033,The Citadel,1.42,0,0
30005326,Annelle,10000068,Verge Vendor,30005327,Chesiette,10000068,Verge Vendor,0.907,0,0
30004291,Anohel,10000054,Aridia,30004294,Illi,10000054,Aridia,0.438,0,0
30005309,Ansalle,10000068,Verge Vendor,30005312,Gisleres,10000068,Verge Vendor,0.67,0,0
30004104,Ansasos,10000052,Kador,30004106,Bordan,10000052,Kador,0.571,0,0
30004104,Ansasos,10000052,Kador,30004105,Dehrokh,10000052,Kador,1.265,0,1
30004104,Ansasos,10000052,Kador,30005227,Iderion,10000067,Genesis,1.042,1,0
30000132,Ansila,10000002,The Forge,30000133,Hirtamon,10000002,The Forge,1.109,0,0
30000132,Ansila,10000002,The Forge,30000134,Hykkota,10000002,The Forge,0.751,0,0
30000132,Ansila,10000002,The Forge,30000138,Ikuchi,10000002,The Forge,1.062,0,0
30002669,Ansone,10000032,Sinq Laison,30002670,Dunraelare,10000032,Sinq Laison,0.723,0,0
30003426,Anstard,10000042,Metropolis,30003427,Osvestmunnur,10000042,Metropolis,0.698,0,0
30005261,Antem,10000067,Genesis,30005262,Djimame,10000067,Genesis,0.572,0,0
30005261,Antem,10000067,Genesis,30005263,Mozzidit,10000067,Genesis,0.858,0,0
30001357,Antiainen,10000016,Lonetrek,30001360,Kiskoken,10000016,Lonetrek,0.851,0,1
30001357,Antiainen,10000016,Lonetrek,30001358,Ossa,10000016,Lonetrek,1.319,0,1
30001357,Antiainen,10000016,Lonetrek,30001359,Semiki,10000016,Lonetrek,1.196,0,1
30003051,Antollare,10000037,Everyshore,30003053,Avele,10000037,Everyshore,0.87,0,0
30005249,Anyed,10000067,Genesis,30005252,Anzalaisio,10000067,Genesis,1.055,0,0
30005249,Anyed,10000067,Genesis,30005251,Asanot,10000067,Genesis,1.22,0,0
30005249,Anyed,10000067,Genesis,30005250,Habu,10000067,Genesis,1.135,0,0
30005252,Anzalaisio,10000067,Genesis,30005256,Itrin,10000067,Genesis,1.082,0,0
30005216,Apanake,10000067,Genesis,30005217,Sheroo,10000067,Genesis,1.072,0,0
30004079,Aphend,10000052,Kador,30004080,Romi,10000052,Kador,1.314,0,0
30004124,Aphi,10000052,Kador,30004125,Jakri,10000052,Kador,0.956,0,0
30004124,Aphi,10000052,Kador,30004126,Nidupad,10000052,Kador,0.455,0,0
30005019,Aporulie,10000064,Essence,30005020,Seyllin,10000064,Essence,1.47,0,0
30002565,Appen,10000030,Heimatar,30002566,Klir,10000030,Heimatar,0.571,0,1
30002551,Aralgrund,10000030,Heimatar,30002553,Bogelek,10000030,Heimatar,1.204,0,0
30002551,Aralgrund,10000030,Heimatar,30002554,Wiskeber,10000030,Heimatar,0.693,0,0
30002817,Aramachi,10000033,The Citadel,30041392,Laah,10000033,The Citadel,1.706,0,0
30000092,Aranir,10000001,Derelik,30000094,Hahyil,10000001,Derelik,0.657,0,1
30004994,Arant,10000064,Essence,30005206,Kemerk,10000067,Genesis,1.649,1,0
30004994,Arant,10000064,Essence,30004996,Obalyu,10000064,Essence,0.922,0,0
30003590,Arasare,10000044,Solitude,30003592,Lazer,10000044,Solitude,0.572,0,1
30003590,Arasare,10000044,Solitude,30003591,Yvelet,10000044,Solitude,0.67,0,0
30002977,Arayar,10000036,Devoid,30002978,Asghed,10000036,Devoid,1.063,0,0
30002977,Arayar,10000036,Devoid,30002981,Halmah,10000036,Devoid,0.959,0,0
30003487,Arbaz,10000043,Domain,30003489,Chaven,10000043,Domain,0.87,0,0
30003487,Arbaz,10000043,Domain,30013489,Deepari,10000043,Domain,0.334,0,1
30003487,Arbaz,10000043,Domain,30003501,Kudi,10000043,Domain,1.281,0,0
30003824,Archavoinet,10000048,Placid,30003827,Aubenall,10000048,Placid,1.501,0,0
30003824,Archavoinet,10000048,Placid,30003825,Eugales,10000048,Placid,1.715,0,0
30002702,Archee,10000070,Pochven,30003046,Angymonne,10000070,Pochven,6.495,0,0
30002702,Archee,10000070,Pochven,30005029,Vale,10000070,Pochven,7.395,0,0
30002058,Ardar,10000042,Metropolis,30002082,Floseswin,10000042,Metropolis,0.579,0,0
30002058,Ardar,10000042,Metropolis,30002090,Frerstorn,10000042,Metropolis,0.904,0,0
30002648,Ardene,10000032,Sinq Laison,30002704,Adrallezoen,10000032,Sinq Laison,2.775,0,0
30002648,Ardene,10000032,Sinq Laison,30003030,Ardallabier,10000037,Everyshore,1.071,1,0
30002648,Ardene,10000032,Sinq Laison,30002649,Boillair,10000032,Sinq Laison,0.561,0,0
30002648,Ardene,10000032,Sinq Laison,30002650,Ney,10000032,Sinq Laison,0.883,0,0
30003852,Arderonne,10000048,Placid,30003854,Alamel,10000048,Placid,0.559,0,0
30003852,Arderonne,10000048,Placid,30003857,Odamia,10000048,Placid,1.12,0,0
30004118,Ardhis,10000052,Kador,30004120,Iaokit,10000052,Kador,0.824,0,0
30002231,Ardishapur Prime,10000043,Domain,30003494,Ekid,10000043,Domain,1.542,0,0
30002231,Ardishapur Prime,10000043,Domain,30002232,Gid,10000043,Domain,0.471,0,0
30000099,Arena,10000001,Derelik,30000102,Dysa,10000001,Derelik,1.634,0,0
30000099,Arena,10000001,Derelik,30000103,Serad,10000001,Derelik,0.623,0,0
30000099,Arena,10000001,Derelik,30000101,Uhtafal,10000001,Derelik,0.548,0,0
30002244,Arera,10000043,Domain,30002247,Ahala,10000043,Domain,0.848,0,0
30002244,Arera,10000043,Domain,30002245,Hizhara,10000043,Domain,0.611,0,0
30002244,Arera,10000043,Domain,30002248,Knophtikoo,10000043,Domain,0.746,0,1
30002080,Arifsdald,10000042,Metropolis,30002081,Ansen,10000042,Metropolis,0.908,0,0
30005239,Aring,10000067,Genesis,30005261,Antem,10000067,Genesis,2.102,0,0
30005239,Aring,10000067,Genesis,30005240,Gayar,10000067,Genesis,1.606,0,0
30005239,Aring,10000067,Genesis,30005241,Petidu,10000067,Genesis,0.852,0,0
30003411,Arlek,10000042,Metropolis,30003412,Elgoi,10000042,Metropolis,0.6,0,0
30003374,Arlulf,10000042,Metropolis,30003380,Alf,10000042,Metropolis,0.694,0,0
30003374,Arlulf,10000042,Metropolis,30003375,Brundakur,10000042,Metropolis,0.798,0,0
30003374,Arlulf,10000042,Metropolis,30022505,Orgron,10000042,Metropolis,0.448,0,1
30003374,Arlulf,10000042,Metropolis,30003376,Stirht,10000042,Metropolis,0.826,0,0
30002205,Armala,10000043,Domain,30003485,Andabiar,10000043,Domain,1.565,0,0
30002205,Armala,10000043,Domain,30002208,Ilonarav,10000043,Domain,0.967,0,0
30002205,Armala,10000043,Domain,30002206,Murema,10000043,Domain,1.179,0,0
30002205,Armala,10000043,Domain,30002209,Uchat,10000043,Domain,1.158,0,0
30003009,Arnatele,10000037,Everyshore,30003012,Amattens,10000037,Everyshore,0.628,0,0
30003009,Arnatele,10000037,Everyshore,30003014,Bereye,10000037,Everyshore,0.792,0,0
30003009,Arnatele,10000037,Everyshore,30003010,Halle,10000037,Everyshore,0.781,0,0
30003009,Arnatele,10000037,Everyshore,30003016,Junsoraert,10000037,Everyshore,0.583,0,0
30003009,Arnatele,10000037,Everyshore,30003013,Jurlesel,10000037,Everyshore,0.807,0,0
30003009,Arnatele,10000037,Everyshore,30003011,Mormoen,10000037,Everyshore,0.944,0,0
30002066,Arnher,10000042,Metropolis,30002099,Egmar,10000042,Metropolis,1.993,0,0
30000112,Arnola,10000001,Derelik,30000113,Astabih,10000001,Derelik,0.655,0,0
30000112,Arnola,10000001,Derelik,30000118,Uanzin,10000001,Derelik,0.797,0,0
30005001,Arnon,10000064,Essence,30005003,Adirain,10000064,Essence,0.86,0,0
30005001,Arnon,10000064,Essence,30005006,Aere,10000064,Essence,0.827,0,0
30005001,Arnon,10000064,Essence,30005202,Emsar,10000067,Genesis,1.189,1,0
30005001,Arnon,10000064,Essence,30005002,Laurvier,10000064,Essence,0.79,0,0
30002064,Arnstur,10000042,Metropolis,30002067,Brin,10000042,Metropolis,1.104,0,0
30002064,Arnstur,10000042,Metropolis,30002560,Gultratren,10000030,Heimatar,1.837,1,0
30002240,Arodan,10000043,Domain,30002241,Rimbah,10000043,Domain,1.326,0,0
30005330,Arraron,10000068,Verge Vendor,30005331,Chantrousse,10000068,Verge Vendor,0.989,0,0
30005330,Arraron,10000068,Verge Vendor,30005333,Stou,10000068,Verge Vendor,0.568,0,0
30002253,Arshat,10000043,Domain,30002254,Jerma,10000043,Domain,1.128,0,0
30002687,Artisine,10000032,Sinq Laison,30002690,Bamiette,10000032,Sinq Laison,0.936,0,0
30003556,Arton,10000043,Domain,30003557,Sieh,10000043,Domain,1.096,0,1
30002278,Artoun,10000043,Domain,30002279,Safizon,10000043,Domain,0.578,0,0
30001381,Arvasaras,10000070,Pochven,30002797,Kaunokka,10000070,Pochven,5.843,0,0
30001381,Arvasaras,10000070,Pochven,30010141,Sakenta,10000070,Pochven,4.264,0,0
30003007,Arveyil,10000036,Devoid,30003008,Palpis,10000036,Devoid,0.484,0,0
30002078,Arwa,10000042,Metropolis,30002081,Ansen,10000042,Metropolis,0.708,0,0
30002078,Arwa,10000042,Metropolis,30002080,Arifsdald,10000042,Metropolis,0.639,0,0
30002960,Arzad,10000036,Devoid,30002962,Ezzara,10000036,Devoid,0.714,0,0
30002960,Arzad,10000036,Devoid,30002979,Tararan,10000036,Devoid,2.552,0,0
30003885,Arzanni,10000049,Khanid,30003903,Afnakat,10000049,Khanid,1.498,0,0
30003885,Arzanni,10000049,Khanid,30003886,Ashmarir,10000049,Khanid,1.197,0,0
30005065,Arzi,10000065,Kor-Azor,30005066,Kerying,10000065,Kor-Azor,0.686,0,1
30005065,Arzi,10000065,Kor-Azor,30005068,Oguser,10000065,Kor-Azor,3.195,0,0
30005065,Arzi,10000065,Kor-Azor,30005067,Zorenyen,10000065,Kor-Azor,1.165,0,0
30000012,Asabona,10000001,Derelik,30000073,Irshah,10000001,Derelik,1.063,0,0
30000012,Asabona,10000001,Derelik,30000013,Onsooh,10000001,Derelik,1.295,0,0
30045332,Asakai,10000069,Black Rise,30045336,Elunala,10000069,Black Rise,1.26,0,0
30045332,Asakai,10000069,Black Rise,30045337,Ikoskio,10000069,Black Rise,0.927,0,0
30045332,Asakai,10000069,Black Rise,30045334,Mushikegi,10000069,Black Rise,0.336,0,0
30045332,Asakai,10000069,Black Rise,30045333,Prism,10000069,Black Rise,0.978,0,0
30005251,Asanot,10000067,Genesis,30005256,Itrin,10000067,Genesis,1.46,0,0
30001689,Asesamy,10000020,Tash-Murkon,30001690,Hostni,10000020,Tash-Murkon,1.736,0,0
30002084,Aset,10000042,Metropolis,30002089,Avenod,10000042,Metropolis,0.836,0,0
30002084,Aset,10000042,Metropolis,30002085,Eytjangard,10000042,Metropolis,0.445,0,0
30002084,Aset,10000042,Metropolis,30002087,Isbrabata,10000042,Metropolis,0.741,0,0
30002084,Aset,10000042,Metropolis,30002086,Turnur,10000042,Metropolis,0.841,0,0
30002084,Aset,10000042,Metropolis,30002088,Vimeini,10000042,Metropolis,1.35,0,0
30001708,Asezai,10000020,Tash-Murkon,30001711,Azerakish,10000020,Tash-Murkon,2.538,0,0
30001708,Asezai,10000020,Tash-Murkon,30001709,Ferira,10000020,Tash-Murkon,1.157,0,0
30001708,Asezai,10000020,Tash-Murkon,30001710,Yeder,10000020,Tash-Murkon,1.72,0,0
30003384,Asgeir,10000042,Metropolis,30003393,Eiluvodi,10000042,Metropolis,0.62,0,0
30003384,Asgeir,10000042,Metropolis,30003385,Evuldgenzo,10000042,Metropolis,0.803,0,0
30000084,Asghatil,10000001,Derelik,30000086,Sucha,10000001,Derelik,1.876,0,0
30002978,Asghed,10000036,Devoid,30002981,Halmah,10000036,Devoid,1.029,0,0
30002978,Asghed,10000036,Devoid,30002980,Sosan,10000036,Devoid,0.713,0,0
30002978,Asghed,10000036,Devoid,30002979,Tararan,10000036,Devoid,0.715,0,0
30003491,Ashab,10000043,Domain,30003503,Madirmilire,10000043,Domain,2.897,0,0
30003491,Ashab,10000043,Domain,30003507,Teshi,10000043,Domain,1.11,0,0
30045311,Ashitsu,10000069,Black Rise,30045313,Ienakkamon,10000069,Black Rise,1.224,0,0
30003919,Ashkoo,10000049,Khanid,30003920,Baratar,10000049,Khanid,1.633,0,0
30003886,Ashmarir,10000049,Khanid,30003896,Claini,10000049,Khanid,0.984,0,0
30003886,Ashmarir,10000049,Khanid,30003887,Kaira,10000049,Khanid,1.387,0,0
30005214,Ashokon,10000067,Genesis,30005215,Avyuh,10000067,Genesis,1.176,0,0
30000095,Asilem,10000001,Derelik,30000102,Dysa,10000001,Derelik,0.721,0,0
30000095,Asilem,10000001,Derelik,30000097,Shach,10000001,Derelik,0.639,0,0
30004093,Askonak,10000052,Kador,30004153,Minin,10000052,Kador,0.753,0,0
30004156,Asrios,10000052,Kador,30004158,Telang,10000052,Kador,1.16,0,1
30004156,Asrios,10000052,Kador,30004160,Zorrabed,10000052,Kador,0.698,0,1
30000075,Assah,10000001,Derelik,30003703,G-5EN2,10000047,Providence,0.676,1,0
30005224,Assez,10000067,Genesis,30005225,Alal,10000067,Genesis,1.019,0,0
30005224,Assez,10000067,Genesis,30005228,Chamja,10000067,Genesis,1.034,0,0
30001723,Assiad,10000020,Tash-Murkon,30011672,Kerepa,10000020,Tash-Murkon,0.334,0,1
30001723,Assiad,10000020,Tash-Murkon,30001725,Nosodnis,10000020,Tash-Murkon,0.452,0,1
30001723,Assiad,10000020,Tash-Murkon,30001724,Rumida,10000020,Tash-Murkon,0.343,0,0
30002724,Assiettes,10000032,Sinq Laison,30002725,Goinard,10000032,Sinq Laison,1.733,0,0
30000113,Astabih,10000001,Derelik,30000115,Bimener,10000001,Derelik,1.32,0,0
30000113,Astabih,10000001,Derelik,30000116,Kenobanala,10000001,Derelik,0.866,0,0
30000113,Astabih,10000001,Derelik,30000117,Khabi,10000001,Derelik,1.557,0,0
30000113,Astabih,10000001,Derelik,30000114,Ubtes,10000001,Derelik,0.888,0,0
30045323,Astoh,10000069,Black Rise,30045327,Tsuruma,10000069,Black Rise,1.236,0,0
30045323,Astoh,10000069,Black Rise,30045326,Uuhulanen,10000069,Black Rise,2.05,0,0
30001419,Atai,10000016,Lonetrek,30001420,Daras,10000016,Lonetrek,0.991,0,0
30001419,Atai,10000016,Lonetrek,30001423,Jotenen,10000016,Lonetrek,1.788,0,0
30005077,Atarli,10000065,Kor-Azor,30005078,Keproh,10000065,Kor-Azor,1.186,0,0
30005077,Atarli,10000065,Kor-Azor,30005238,Menai,10000067,Genesis,1.214,1,0
30005077,Atarli,10000065,Kor-Azor,30005081,Piri,10000065,Kor-Azor,1.065,0,0
30005077,Atarli,10000065,Kor-Azor,30005080,Rannoze,10000065,Kor-Azor,0.728,0,0
30005077,Atarli,10000065,Kor-Azor,30005079,Zatamaka,10000065,Kor-Azor,0.906,0,0
30002557,Atgur,10000030,Heimatar,30002558,Endrulf,10000030,Heimatar,0.743,0,0
30003031,Athinard,10000037,Everyshore,30003033,Ethernity,10000037,Everyshore,0.914,0,0
30003031,Athinard,10000037,Everyshore,30003032,Meves,10000037,Everyshore,0.439,0,0
30003856,Athounon,10000048,Placid,30045322,Samanuni,10000069,Black Rise,9.88,1,0
30002701,Atier,10000032,Sinq Laison,30002705,Croleur,10000032,Sinq Laison,0.534,0,1
30005024,Atlangeins,10000064,Essence,30005025,Derririntel,10000064,Essence,0.646,0,0
30005024,Atlangeins,10000064,Essence,30024971,Hecarrin,10000064,Essence,0.448,0,1
30005024,Atlangeins,10000064,Essence,30005203,Ourapheh,10000067,Genesis,0.637,1,0
30003038,Atlanins,10000037,Everyshore,30003042,Alachene,10000037,Everyshore,1.418,0,0
30003038,Atlanins,10000037,Everyshore,30003040,Bille,10000037,Everyshore,1.071,0,0
30003038,Atlanins,10000037,Everyshore,30003044,Elarel,10000037,Everyshore,1.329,0,0
30003038,Atlanins,10000037,Everyshore,30003039,Leremblompes,10000037,Everyshore,0.81,0,0
30002389,Atlar,10000028,Molden Heath,30002396,Illamur,10000028,Molden Heath,1.004,0,0
30005010,Atlulle,10000064,Essence,30005011,Droselory,10000064,Essence,0.701,0,0
30005010,Atlulle,10000064,Essence,30005014,Isenan,10000064,Essence,0.94,0,1
30003455,Atonder,10000042,Metropolis,30003456,Hotrardik,10000042,Metropolis,0.502,0,0
30003455,Atonder,10000042,Metropolis,30003458,Klaevik,10000042,Metropolis,0.996,0,0
30003455,Atonder,10000042,Metropolis,30003457,Ridoner,10000042,Metropolis,0.676,0,0
30001678,Atoosh,10000020,Tash-Murkon,30001680,Hoona,10000020,Tash-Murkon,2.145,0,0
30001678,Atoosh,10000020,Tash-Murkon,30001729,Sinid,10000020,Tash-Murkon,1.006,0,0
30001678,Atoosh,10000020,Tash-Murkon,30001679,Unkah,10000020,Tash-Murkon,0.405,0,0
30005197,Atreen,10000067,Genesis,30005207,Nardiarang,10000067,Genesis,0.593,0,0
30005004,Attyn,10000064,Essence,30005330,Arraron,10000068,Verge Vendor,1.641,1,0
30003827,Aubenall,10000048,Placid,30003833,Oulley,10000048,Placid,7.367,0,0
30003827,Aubenall,10000048,Placid,30003829,Renarelle,10000048,Placid,1.427,0,0
30002709,Auberulle,10000032,Sinq Laison,30002710,Adiere,10000032,Sinq Laison,0.577,0,0
30002641,Aufay,10000032,Sinq Laison,30002681,Deltole,10000032,Sinq Laison,2.342,0,0
30002542,Auga,10000030,Heimatar,30003068,Kourmonen,10000038,The Bleak Lands,4.276,1,0
30002680,Augnais,10000032,Sinq Laison,30002684,Audaerne,10000032,Sinq Laison,1.958,0,0
30002680,Augnais,10000032,Sinq Laison,30002681,Deltole,10000032,Sinq Laison,0.684,0,0
30003818,Aulbres,10000048,Placid,30003819,Barleguet,10000048,Placid,1.307,0,0
30001398,Aunenen,10000016,Lonetrek,30001416,Liukikka,10000016,Lonetrek,1.154,0,0
30001398,Aunenen,10000016,Lonetrek,30001401,Nonni,10000016,Lonetrek,1.221,0,0
30001398,Aunenen,10000016,Lonetrek,30001421,Otalieto,10000016,Lonetrek,2.574,0,0
30002657,Aunia,10000032,Sinq Laison,30002658,Agrallarier,10000032,Sinq Laison,0.504,0,0
30002657,Aunia,10000032,Sinq Laison,30002661,Botane,10000032,Sinq Laison,0.792,0,0
30003801,Aunsou,10000048,Placid,30003802,Cumemare,10000048,Placid,0.998,0,0
30003801,Aunsou,10000048,Placid,30003805,Gare,10000048,Placid,0.827,0,0
30003801,Aunsou,10000048,Placid,30003803,Reynire,10000048,Placid,1.561,0,1
30003915,Aurejet,10000049,Khanid,30003916,Rilera,10000049,Khanid,0.673,0,0
30001361,Aurohunen,10000016,Lonetrek,30001394,Korama,10000016,Lonetrek,1.642,0,0
30001361,Aurohunen,10000016,Lonetrek,30001383,Vaajaita,10000016,Lonetrek,3.071,0,0
30003821,Ausmaert,10000048,Placid,30003823,Kenninck,10000048,Placid,1.279,0,0
30002523,Austraka,10000030,Heimatar,30002531,Gerek,10000030,Heimatar,0.908,0,0
30001411,Autama,10000016,Lonetrek,30001412,Tsukuras,10000016,Lonetrek,0.357,0,0
30001384,Autaris,10000016,Lonetrek,30001385,Jan,10000016,Lonetrek,0.563,0,0
30002656,Auvergne,10000032,Sinq Laison,30002658,Agrallarier,10000032,Sinq Laison,0.572,0,0
30002656,Auvergne,10000032,Sinq Laison,30002657,Aunia,10000032,Sinq Laison,0.645,0,0
30002656,Auvergne,10000032,Sinq Laison,30002661,Botane,10000032,Sinq Laison,0.853,0,0
30002656,Auvergne,10000032,Sinq Laison,30002659,Dodixie,10000032,Sinq Laison,0.628,0,0
30002656,Auvergne,10000032,Sinq Laison,30012715,Odotte,10000032,Sinq Laison,0.236,0,1
30002744,Auviken,10000033,The Citadel,30002747,Kakki,10000033,The Citadel,0.887,0,0
30002744,Auviken,10000033,The Citadel,30002749,Kausaaja,10000033,The Citadel,1.309,0,0
30002744,Auviken,10000033,The Citadel,30002746,Oijamon,10000033,The Citadel,0.598,0,0
30004249,Avada,10000054,Aridia,30004251,Mishi,10000054,Aridia,0.849,0,0
30004249,Avada,10000054,Aridia,30004253,Pahineh,10000054,Aridia,0.758,0,0
30002270,Avair,10000043,Domain,30002272,Asoutar,10000043,Domain,0.895,0,0
30002270,Avair,10000043,Domain,30002271,Rayl,10000043,Domain,0.494,0,0
30002270,Avair,10000043,Domain,30002274,Tastela,10000043,Domain,0.628,0,1
30003843,Avaux,10000048,Placid,30005307,Aidart,10000068,Verge Vendor,0.739,1,0
30003843,Avaux,10000048,Placid,30003844,Gallusiene,10000048,Placid,0.787,0,0
30002089,Avenod,10000042,Metropolis,30002684,Audaerne,10000032,Sinq Laison,1.562,1,0
30003047,Averon,10000037,Everyshore,30003048,Carirgnottin,10000037,Everyshore,0.493,0,0
30003047,Averon,10000037,Everyshore,30003050,Odixie,10000037,Everyshore,0.756,0,0
30003047,Averon,10000037,Everyshore,30003054,Scuelazyns,10000037,Everyshore,0.649,0,0
30005215,Avyuh,10000067,Genesis,30005216,Apanake,10000067,Genesis,0.816,0,0
30005215,Avyuh,10000067,Genesis,30005217,Sheroo,10000067,Genesis,1.416,0,0
30100060,Axiosere,10001004,Exordium,30100062,Maso,10001004,Exordium,0.238,0,0
30100060,Axiosere,10001004,Exordium,30100063,Mondaekus,10001004,Exordium,0.239,0,0
30100060,Axiosere,10001004,Exordium,30100061,Waison,10001004,Exordium,0.308,0,0
30003055,Aydoteaux,10000037,Everyshore,30005288,Girani-Fa,10000067,Genesis,0.62,1,0
30003093,Ayeroilen,10000038,The Bleak Lands,30003094,Imata,10000038,The Bleak Lands,0.821,0,1
30005275,Azedi,10000067,Genesis,30005276,Sharza,10000067,Genesis,0.604,0,1
30003018,Azer,10000037,Everyshore,30003038,Atlanins,10000037,Everyshore,1.345,0,0
30003018,Azer,10000037,Everyshore,30003019,Cherore,10000037,Everyshore,0.548,0,0
30003018,Azer,10000037,Everyshore,30003021,Mosson,10000037,Everyshore,0.562,0,0
30003018,Azer,10000037,Everyshore,30003020,Torvi,10000037,Everyshore,0.727,0,1
30001711,Azerakish,10000020,Tash-Murkon,30001712,Lari,10000020,Tash-Murkon,1.178,0,1
30001711,Azerakish,10000020,Tash-Murkon,30001715,Moutid,10000020,Tash-Murkon,0.554,0,0
30001711,Azerakish,10000020,Tash-Murkon,30001713,Yasud,10000020,Tash-Murkon,0.473,0,0
30001705,Azhgabid,10000020,Tash-Murkon,30001727,Rand,10000020,Tash-Murkon,1.069,0,0
30002265,Azizora,10000043,Domain,30002267,Shabura,10000043,Domain,0.813,0,0
30000716,B-1UJC,10000008,Scalding Pass,30000718,4-CM8I,10000008,Scalding Pass,1.045,0,0
30002334,B-2VXB,10000027,Etherium Reach,30002344,4-QDIX,10000027,Etherium Reach,1.024,0,0
30002334,B-2VXB,10000027,Etherium Reach,30002336,JAWX-R,10000027,Etherium Reach,0.72,0,0
30001156,B-3QPD,10000014,Catch,30001162,V-3YG7,10000014,Catch,1.048,0,0
30000211,B-588R,10000003,Vale of the Silent,30000213,G-LOIT,10000003,Vale of the Silent,0.799,0,0
30000435,B-5UFY,10000005,Detorid,30000438,PQRE-W,10000005,Detorid,1.24,0,0
30004873,B-6STA,10000061,Tenerifis,30004874,0P-U0Q,10000061,Tenerifis,0.815,0,1
30005160,B-7LYC,10000066,Perrigen Falls,30005165,49V-E4,10000066,Perrigen Falls,0.424,0,1
30005160,B-7LYC,10000066,Perrigen Falls,30005162,PT-2KR,10000066,Perrigen Falls,1.096,0,0
30002029,B-9C24,10000023,Pure Blind,30002031,7X-VKB,10000023,Pure Blind,0.575,0,0
30002029,B-9C24,10000023,Pure Blind,30002030,P-2TTL,10000023,Pure Blind,0.917,0,0
30005088,B-B0ME,10000066,Perrigen Falls,30005090,H-HGGJ,10000066,Perrigen Falls,1.152,0,0
30005088,B-B0ME,10000066,Perrigen Falls,30005089,TDP-T3,10000066,Perrigen Falls,0.789,0,0
30001321,B-CZXG,10000015,Venal,30001322,0-O2UT,10000015,Venal,1.632,0,0
30004040,B-DBYQ,10000051,Cloud Ring,30004042,DY-F70,10000051,Cloud Ring,1.405,0,0
30004040,B-DBYQ,10000051,Cloud Ring,30004589,J5A-IX,10000058,Fountain,11.028,1,0
30004040,B-DBYQ,10000051,Cloud Ring,30004041,QXW-PV,10000051,Cloud Ring,1.409,0,0
30000423,B-DXO9,10000004,UUA-F4,30000424,1TS-WN,10000004,UUA-F4,1.456,0,1
30000307,B-E3KQ,10000003,Vale of the Silent,30000309,O-LR1H,10000003,Vale of the Silent,0.68,0,0
30000307,B-E3KQ,10000003,Vale of the Silent,30000308,Y5J-EU,10000003,Vale of the Silent,0.693,0,0
30003250,B-ETDW,10000040,Oasa,30003251,0PU2-R,10000040,Oasa,1.489,0,0
30002496,B-F1MI,10000029,Geminate,30002498,BE-UUN,10000029,Geminate,0.875,0,0
30002496,B-F1MI,10000029,Geminate,30002497,W-3BSU,10000029,Geminate,0.669,0,0
30002143,B-KDOZ,10000025,Immensea,30002159,9-XN3F,10000025,Immensea,0.708,0,0
30002105,B-S347,10000025,Immensea,30002107,AF0-V5,10000025,Immensea,1.28,0,1
30000854,B-S42H,10000010,Tribute,30000860,AW1-2I,10000010,Tribute,1.313,0,0
30000854,B-S42H,10000010,Tribute,30000856,F-749O,10000010,Tribute,0.848,0,0
30000854,B-S42H,10000010,Tribute,30000859,GKP-YT,10000010,Tribute,1.14,0,0
30000854,B-S42H,10000010,Tribute,30000886,S8-NSQ,10000010,Tribute,2.044,0,1
30000624,B-T6BT,10000007,Cache,30000628,8-SPNN,10000007,Cache,0.93,0,0
30000624,B-T6BT,10000007,Cache,30000631,K-RMI5,10000007,Cache,5.034,0,0
30000624,B-T6BT,10000007,Cache,30000625,VK-A5G,10000007,Cache,2.12,0,0
30004194,B-U299,10000053,Cobalt Edge,30004200,CUT-0V,10000053,Cobalt Edge,4.106,0,0
30001076,B-VFDD,10000013,Malpais,30001081,1NZV-7,10000013,Malpais,0.901,0,0
30001076,B-VFDD,10000013,Malpais,30001082,NIM-FY,10000013,Malpais,1.191,0,0
30000970,B-VIP9,10000011,Great Wildlands,30002420,Egbinger,10000028,Molden Heath,2.134,1,0
30003730,B-WPLZ,10000047,Providence,30003732,E-YCML,10000047,Providence,0.789,0,0
30003730,B-WPLZ,10000047,Providence,30003733,TU-O0T,10000047,Providence,0.896,0,0
30003730,B-WPLZ,10000047,Providence,30003734,Y9-MDG,10000047,Providence,0.487,0,0
30001215,B-XJX4,10000014,Catch,30001216,AOK-WQ,10000014,Catch,0.883,0,0
30004532,B0C-LD,10000057,Outer Ring,30004533,NP6-38,10000057,Outer Ring,0.574,0,0
30004532,B0C-LD,10000057,Outer Ring,30004537,W-Z3HW,10000057,Outer Ring,0.851,0,0
30004590,B17O-R,10000058,Fountain,30004591,6F-H3W,10000058,Fountain,0.842,0,1
30004590,B17O-R,10000058,Fountain,30004608,6VDT-H,10000058,Fountain,1.451,0,1
30003180,B1D-KU,10000039,Esoteria,30003182,2R-KLH,10000039,Esoteria,1.0,0,0
30002850,B1UE-J,10000034,The Kalevala Expanse,30002851,O31W-6,10000034,The Kalevala Expanse,1.028,0,0
30002165,B2-UQW,10000025,Immensea,30002167,6-I162,10000025,Immensea,0.723,0,0
30002165,B2-UQW,10000025,Immensea,30002166,U9U-TQ,10000025,Immensea,0.725,0,0
30004599,B32-14,10000058,Fountain,30004601,CHA2-Q,10000058,Fountain,0.692,0,0
30001346,B3QP-K,10000015,Venal,30003612,EOY-BG,10000045,Tenal,5.836,1,0
30001346,B3QP-K,10000015,Venal,30001348,G9D-XW,10000015,Venal,2.762,0,0
30001346,B3QP-K,10000015,Venal,30001347,GVZ-1W,10000015,Venal,1.231,0,0
30002436,B6-52M,10000029,Geminate,30002437,V-MZW0,10000029,Geminate,1.492,0,0
30001555,B6-XE8,10000018,The Spire,30001558,4HF-4R,10000018,The Spire,0.962,0,0
30001555,B6-XE8,10000018,The Spire,30001556,JLH-FN,10000018,The Spire,1.795,0,1
30004848,B8HU-Z,10000061,Tenerifis,30004849,16AM-3,10000061,Tenerifis,1.907,0,0
30004346,B8O-KJ,10000055,Branch,30004384,4DTQ-K,10000055,Branch,1.401,0,1
30004346,B8O-KJ,10000055,Branch,30004349,UB-UQZ,10000055,Branch,1.015,0,0
30002110,B9E-H6,10000025,Immensea,30002112,JDAS-0,10000025,Immensea,0.822,0,0
30002110,B9E-H6,10000025,Immensea,30002145,PH-NFR,10000025,Immensea,0.707,0,1
30002110,B9E-H6,10000025,Immensea,30002122,XVV-21,10000025,Immensea,1.431,0,1
30001529,B9EA-G,10000018,The Spire,30001532,5LAJ-8,10000018,The Spire,0.607,0,0
30001529,B9EA-G,10000018,The Spire,30001580,GF-GR7,10000018,The Spire,2.375,0,0
30005127,B9N2-2,10000066,Perrigen Falls,30005128,6Q4-X6,10000066,Perrigen Falls,0.694,0,0
30001976,BDV3-T,10000023,Pure Blind,30001991,ION-FG,10000023,Pure Blind,0.531,0,0
30001976,BDV3-T,10000023,Pure Blind,30001998,WW-KGD,10000023,Pure Blind,0.781,0,0
30005129,BEG-RL,10000066,Perrigen Falls,30005130,972C-1,10000066,Perrigen Falls,1.226,0,0
30005129,BEG-RL,10000066,Perrigen Falls,30005132,Z-ENUD,10000066,Perrigen Falls,1.492,0,0
30004506,BF-SDP,10000057,Outer Ring,30004508,5WAE-M,10000057,Outer Ring,1.447,0,1
30004506,BF-SDP,10000057,Outer Ring,30004526,L3-XYO,10000057,Outer Ring,0.724,0,0
30002876,BGMZ-0,10000034,The Kalevala Expanse,30002877,I2D3-5,10000034,The Kalevala Expanse,1.208,0,0
30004163,BI0Y-X,10000053,Cobalt Edge,30004166,5-3722,10000053,Cobalt Edge,0.712,0,0
30004163,BI0Y-X,10000053,Cobalt Edge,30004164,SK7-G6,10000053,Cobalt Edge,1.038,0,0
30004444,BJ-ZFD,10000056,Feythabolis,30004445,5ELE-A,10000056,Feythabolis,1.067,0,1
30004444,BJ-ZFD,10000056,Feythabolis,30004449,M-CMLV,10000056,Feythabolis,0.607,0,0
30004422,BJD4-E,10000056,Feythabolis,30004436,U-BXU9,10000056,Feythabolis,1.56,0,1
30004333,BKG-Q2,10000055,Branch,30004351,8-4GQM,10000055,Branch,1.352,0,0
30004333,BKG-Q2,10000055,Branch,30004364,LXWN-W,10000055,Branch,0.858,0,0
30004333,BKG-Q2,10000055,Branch,30004341,Z-K495,10000055,Branch,0.662,0,0
30004420,BLC-X0,10000056,Feythabolis,30004421,K-X5AX,10000056,Feythabolis,2.191,0,0
30004420,BLC-X0,10000056,Feythabolis,30004424,O9V-R7,10000056,Feythabolis,0.908,0,1
30000619,BLMX-B,10000007,Cache,30000821,C1G-XC,10000009,Insmother,6.55,1,0
30000619,BLMX-B,10000007,Cache,30000620,M-CNUD,10000007,Cache,1.8,0,0
30003327,BMNV-P,10000041,Syndicate,30003329,31-MLU,10000041,Syndicate,0.622,0,0
30003327,BMNV-P,10000041,Syndicate,30003331,A9D-R0,10000041,Syndicate,0.917,0,0
30003327,BMNV-P,10000041,Syndicate,30003328,BY-S36,10000041,Syndicate,2.084,0,1
30003327,BMNV-P,10000041,Syndicate,30003333,RF-GGF,10000041,Syndicate,0.843,0,0
30004539,BMU-V1,10000057,Outer Ring,30004540,ZXC8-1,10000057,Outer Ring,1.119,0,1
30002438,BND-16,10000029,Geminate,30002441,4-CUM5,10000029,Geminate,0.657,0,0
30002438,BND-16,10000029,Geminate,30002439,IOO-7O,10000029,Geminate,1.271,0,0
30002318,BNX-AS,10000027,Etherium Reach,30002320,F9-FUV,10000027,Etherium Reach,0.905,0,1
30002318,BNX-AS,10000027,Etherium Reach,30002321,FB-MPY,10000027,Etherium Reach,1.018,0,0
30004545,BOE7-P,10000057,Outer Ring,30004546,E-GCX0,10000057,Outer Ring,0.947,0,1
30000504,BOZ1-O,10000005,Detorid,30000507,Q0J-RH,10000005,Detorid,1.426,0,1
30000504,BOZ1-O,10000005,Detorid,30000505,QIMO-2,10000005,Detorid,2.742,0,0
30001037,BPK-XK,10000012,Curse,30001042,CL-1JE,10000012,Curse,0.538,0,0
30001037,BPK-XK,10000012,Curse,30001039,Y-K50G,10000012,Curse,0.808,0,0
30003230,BQ0-UU,10000040,Oasa,30003233,1P-QWR,10000040,Oasa,0.614,0,0
30003230,BQ0-UU,10000040,Oasa,30003231,3-JG3X,10000040,Oasa,0.471,0,0
30003230,BQ0-UU,10000040,Oasa,30003234,FJ-GUR,10000040,Oasa,1.132,0,0
30003230,BQ0-UU,10000040,Oasa,30003232,GK3-RX,10000040,Oasa,0.861,0,0
30000311,BR-6XP,10000003,Vale of the Silent,30000312,8-TFDX,10000003,Vale of the Silent,0.726,0,0
30000311,BR-6XP,10000003,Vale of the Silent,30000314,A-QRQT,10000003,Vale of the Silent,0.958,0,0
30000311,BR-6XP,10000003,Vale of the Silent,30000313,UL-4ZW,10000003,Vale of the Silent,0.945,0,0
30001235,BR-N97,10000014,Catch,30001236,IS-R7P,10000014,Catch,1.075,0,0
30001235,BR-N97,10000014,Catch,30001237,S25C-K,10000014,Catch,0.149,0,1
30000986,BRT-OP,10000011,Great Wildlands,30002375,C-4D0W,10000027,Etherium Reach,2.519,1,0
30000986,BRT-OP,10000011,Great Wildlands,30000987,JUK0-1,10000011,Great Wildlands,1.025,0,1
30000643,BTLH-I,10000007,Cache,30000645,0LY-W1,10000007,Cache,0.742,0,1
30000643,BTLH-I,10000007,Cache,30000644,U93O-A,10000007,Cache,1.468,0,0
30004399,BU-IU4,10000055,Branch,30004402,QYZM-W,10000055,Branch,0.436,0,0
30001245,BUZ-DB,10000014,Catch,30001246,QETZ-W,10000014,Catch,1.076,0,0
30001286,BV-1JG,10000015,Venal,30001287,0-BFTQ,10000015,Venal,1.307,0,0
30001286,BV-1JG,10000015,Venal,30001290,6NJ8-V,10000015,Venal,4.475,0,0
30002828,BVRQ-O,10000034,The Kalevala Expanse,30002829,QX-4HO,10000034,The Kalevala Expanse,0.779,0,1
30004804,BW-WJ2,10000061,Tenerifis,30004805,S4-9DN,10000061,Tenerifis,0.833,0,0
30002440,BWF-ZZ,10000029,Geminate,30002442,8MG-J6,10000029,Geminate,0.662,0,1
30002440,BWF-ZZ,10000029,Geminate,30002443,RLSI-V,10000029,Geminate,0.599,0,0
30004371,BWI1-9,10000055,Branch,30004372,C-LBQS,10000055,Branch,1.134,0,0
30004029,BX-VEX,10000050,Querious,30004030,B-7DFU,10000050,Querious,1.431,0,1
30002305,BY-7PY,10000027,Etherium Reach,30002381,F69O-M,10000027,Etherium Reach,1.021,0,0
30002305,BY-7PY,10000027,Etherium Reach,30002380,RK-Q51,10000027,Etherium Reach,0.94,0,0
30004562,BYXF-Q,10000058,Fountain,30004563,AC2E-3,10000058,Fountain,0.781,0,0
30004562,BYXF-Q,10000058,Fountain,30004564,C-C99Z,10000058,Fountain,1.689,0,1
30004562,BYXF-Q,10000058,Fountain,30004624,P5-EFH,10000058,Fountain,1.337,0,0
30002882,BZ-BCK,10000034,The Kalevala Expanse,30002883,5-VFC6,10000034,The Kalevala Expanse,0.897,0,1
30002882,BZ-BCK,10000034,The Kalevala Expanse,30002887,J-OAH2,10000034,The Kalevala Expanse,0.561,0,1
30002882,BZ-BCK,10000034,The Kalevala Expanse,30002884,O5-YNW,10000034,The Kalevala Expanse,0.785,0,1
30003888,Badivefi,10000049,Khanid,30003890,Ashi,10000049,Khanid,0.992,0,1
30003888,Badivefi,10000049,Khanid,30003889,Talidal,10000049,Khanid,1.217,0,0
30003888,Badivefi,10000049,Khanid,30003891,Tzashrah,10000049,Khanid,1.129,0,0
30003525,Bagodan,10000043,Domain,30003548,Barira,10000043,Domain,1.535,0,0
30003525,Bagodan,10000043,Domain,30003538,Merz,10000043,Domain,0.627,0,0
30003525,Bagodan,10000043,Domain,30003526,Murzi,10000043,Domain,0.833,0,0
30003502,Bahromab,10000043,Domain,30003503,Madirmilire,10000043,Domain,0.846,0,0
30003502,Bahromab,10000043,Domain,30003506,Saana,10000043,Domain,1.733,0,0
30000041,Bairshir,10000001,Derelik,30000042,Moh,10000001,Derelik,0.809,0,1
30004261,Balas,10000054,Aridia,30004264,Hoseen,10000054,Aridia,0.864,0,0
30002528,Balginia,10000030,Heimatar,30002572,Hurjafren,10000030,Heimatar,1.026,0,0
30002634,Balle,10000032,Sinq Laison,30002641,Aufay,10000032,Sinq Laison,0.514,0,0
30002634,Balle,10000032,Sinq Laison,30002635,Decon,10000032,Sinq Laison,1.443,0,0
30002634,Balle,10000032,Sinq Laison,30002655,Vylade,10000032,Sinq Laison,2.507,0,0
30005257,Bantish,10000067,Genesis,30005275,Azedi,10000067,Genesis,1.345,0,0
30005257,Bantish,10000067,Genesis,30005258,Korridi,10000067,Genesis,1.389,0,0
30005257,Bantish,10000067,Genesis,30005259,Lela,10000067,Genesis,1.163,0,1
30004296,Bapraya,10000054,Aridia,30004303,Fobiner,10000054,Aridia,0.502,0,0
30000085,Bar,10000001,Derelik,30000107,Gamis,10000001,Derelik,1.729,0,0
30000085,Bar,10000001,Derelik,30000086,Sucha,10000001,Derelik,0.875,0,0
30003920,Baratar,10000049,Khanid,30003930,Goudiyah,10000049,Khanid,0.261,0,1
30003920,Baratar,10000049,Khanid,30003923,Nandeza,10000049,Khanid,1.563,0,0
30002071,Barkrik,10000042,Metropolis,30002075,Hjoramold,10000042,Metropolis,1.532,0,0
30002071,Barkrik,10000042,Metropolis,30002074,Lanngisi,10000042,Metropolis,1.347,0,0
30002071,Barkrik,10000042,Metropolis,30002073,Tvink,10000042,Metropolis,0.981,0,0
30003819,Barleguet,10000048,Placid,30003821,Ausmaert,10000048,Placid,0.703,0,0
30003819,Barleguet,10000048,Placid,30003820,Vestouve,10000048,Placid,1.519,0,0
30003478,Basan,10000043,Domain,30003479,Akila,10000043,Domain,1.804,0,0
30002199,Bashakru,10000043,Domain,30002244,Arera,10000043,Domain,1.197,0,0
30002199,Bashakru,10000043,Domain,30002201,Shuria,10000043,Domain,1.521,0,0
30002199,Bashakru,10000043,Domain,30002200,Sukirah,10000043,Domain,1.206,0,1
30003908,Bashyam,10000049,Khanid,30003909,Parses,10000049,Khanid,0.413,0,0
30001670,Baviasi,10000020,Tash-Murkon,30001694,Abai,10000020,Tash-Murkon,0.639,0,0
30001670,Baviasi,10000020,Tash-Murkon,30001671,Tash-Murkon Prime,10000020,Tash-Murkon,0.562,0,0
30002700,Bawilan,10000032,Sinq Laison,30002701,Atier,10000032,Sinq Laison,0.662,0,1
30000039,Bayuka,10000001,Derelik,30000041,Bairshir,10000001,Derelik,0.948,0,1
30000039,Bayuka,10000001,Derelik,30000040,Uzistoon,10000001,Derelik,0.756,0,0
30002048,Bei,10000042,Metropolis,30002682,Colelie,10000032,Sinq Laison,4.221,1,0
30002048,Bei,10000042,Metropolis,30002050,Hagilur,10000042,Metropolis,2.376,0,0
30002048,Bei,10000042,Metropolis,30003386,Ongund,10000042,Metropolis,1.173,0,0
30002048,Bei,10000042,Metropolis,30002049,Uttindar,10000042,Metropolis,0.768,0,0
30005234,Beke,10000067,Genesis,30005291,Ebasez,10000067,Genesis,1.24,0,0
30003014,Bereye,10000037,Everyshore,30003015,Aice,10000037,Everyshore,0.789,0,0
30003014,Bereye,10000037,Everyshore,30003039,Leremblompes,10000037,Everyshore,0.956,0,0
30003014,Bereye,10000037,Everyshore,30004968,Mies,10000064,Essence,1.813,1,0
30000109,Berta,10000001,Derelik,30000110,Bekirdod,10000001,Derelik,2.814,0,0
30000109,Berta,10000001,Derelik,30000111,Hothomouh,10000001,Derelik,1.758,0,0
30005267,Bherdasopt,10000067,Genesis,30005268,Gonditsa,10000067,Genesis,1.546,0,0
30005267,Bherdasopt,10000067,Genesis,30005269,Simela,10000067,Genesis,0.654,0,1
30002282,Bhizheba,10000043,Domain,30004080,Romi,10000052,Kador,3.347,1,0
30002252,Bika,10000043,Domain,30002254,Jerma,10000043,Domain,0.341,0,0
30002252,Bika,10000043,Domain,30002255,Miyeli,10000043,Domain,0.746,0,0
30002252,Bika,10000043,Domain,30002256,Reyi,10000043,Domain,1.255,0,0
30003040,Bille,10000037,Everyshore,30003044,Elarel,10000037,Everyshore,0.701,0,0
30003040,Bille,10000037,Everyshore,30003043,Uphene,10000037,Everyshore,0.716,0,0
30000115,Bimener,10000001,Derelik,30000116,Kenobanala,10000001,Derelik,0.788,0,0
30000115,Bimener,10000001,Derelik,30000117,Khabi,10000001,Derelik,0.434,0,0
30003555,Bittanshal,10000043,Domain,30003556,Arton,10000043,Domain,1.112,0,0
30002553,Bogelek,10000030,Heimatar,30002580,Katugumur,10000030,Heimatar,1.529,0,0
30002649,Boillair,10000032,Sinq Laison,30002650,Ney,10000032,Sinq Laison,0.547,0,0
30003913,Bomana,10000049,Khanid,30003915,Aurejet,10000049,Khanid,0.635,0,0
30003397,Bongveber,10000042,Metropolis,30003398,Anbald,10000042,Metropolis,2.166,0,1
30002188,Boranai,10000043,Domain,30002189,Hedion,10000043,Domain,1.164,0,0
30002188,Boranai,10000043,Domain,30004095,Kador Prime,10000052,Kador,3.124,1,0
30002188,Boranai,10000043,Domain,30002193,Kehour,10000043,Domain,1.379,0,0
30002188,Boranai,10000043,Domain,30002191,Toshabia,10000043,Domain,1.044,0,0
30004106,Bordan,10000052,Kador,30004108,Chaneya,10000052,Kador,1.333,0,0
30004106,Bordan,10000052,Kador,30004109,Oberen,10000052,Kador,1.549,0,0
30004106,Bordan,10000052,Kador,30004107,Zimmem,10000052,Kador,1.017,0,0
30002514,Bosboger,10000030,Heimatar,30002517,Gulmorogod,10000030,Heimatar,0.79,0,0
30002514,Bosboger,10000030,Heimatar,30002516,Lulm,10000030,Heimatar,0.715,0,0
30002387,Bosena,10000028,Molden Heath,30002390,Heild,10000028,Molden Heath,0.977,0,0
30002387,Bosena,10000028,Molden Heath,30002388,Oddelulf,10000028,Molden Heath,0.744,0,0
30002661,Botane,10000032,Sinq Laison,30005203,Ourapheh,10000067,Genesis,3.983,1,0
30002238,Bourar,10000043,Domain,30002241,Rimbah,10000043,Domain,0.894,0,0
30002715,Bourynes,10000032,Sinq Laison,30002717,Aymaerne,10000032,Sinq Laison,0.537,0,0
30002715,Bourynes,10000032,Sinq Laison,30003033,Ethernity,10000037,Everyshore,2.371,1,0
30002715,Bourynes,10000032,Sinq Laison,30002731,Vittenyn,10000032,Sinq Laison,0.632,0,0
30003574,Boystin,10000044,Solitude,30003575,Lour,10000044,Solitude,0.972,0,0
30003574,Boystin,10000044,Solitude,30003577,Oerse,10000044,Solitude,0.955,0,0
30002699,Brapelille,10000032,Sinq Laison,30002704,Adrallezoen,10000032,Sinq Laison,2.463,0,0
30002699,Brapelille,10000032,Sinq Laison,30003030,Ardallabier,10000037,Everyshore,1.478,1,0
30002699,Brapelille,10000032,Sinq Laison,30002700,Bawilan,10000032,Sinq Laison,1.45,0,1
30002699,Brapelille,10000032,Sinq Laison,30002703,Brybier,10000032,Sinq Laison,0.519,0,1
30002699,Brapelille,10000032,Sinq Laison,30002735,Caretyn,10000032,Sinq Laison,0.713,0,0
30002699,Brapelille,10000032,Sinq Laison,30002734,Fricoure,10000032,Sinq Laison,0.882,0,0
30003789,Brarel,10000048,Placid,30003791,Annancale,10000048,Placid,0.927,0,0
30003809,Brellystier,10000048,Placid,30003810,Vivanier,10000048,Placid,0.608,0,0
30005034,Bridi,10000065,Kor-Azor,30005035,Ami,10000065,Kor-Azor,0.799,0,0
30003375,Brundakur,10000042,Metropolis,30003380,Alf,10000042,Metropolis,0.874,0,0
30003375,Brundakur,10000042,Metropolis,30003378,Nedegulf,10000042,Metropolis,1.827,0,1
30003866,Bukah,10000049,Khanid,30003882,Lansez,10000049,Khanid,0.75,0,0
30002577,Bundindus,10000030,Heimatar,30002578,Otraren,10000030,Heimatar,0.655,0,1
30004117,Bushemal,10000052,Kador,30004118,Ardhis,10000052,Kador,0.991,0,0
30004117,Bushemal,10000052,Kador,30004119,Gasavak,10000052,Kador,1.146,0,0
30004434,C-0ND2,10000056,Feythabolis,30004471,P8-BKO,10000056,Feythabolis,0.965,0,1
30004378,C-4ZOS,10000055,Branch,30004390,3F-JZF,10000055,Branch,0.579,0,0
30004378,C-4ZOS,10000055,Branch,30004379,K-8SQS,10000055,Branch,0.604,0,1
30004378,C-4ZOS,10000055,Branch,30004383,NEH-CS,10000055,Branch,0.589,0,1
30000550,C-62I5,10000006,Wicked Creek,30000551,ZH-GKG,10000006,Wicked Creek,0.968,0,0
30000632,C-6YHJ,10000007,Cache,30000636,I-2705,10000007,Cache,0.614,0,0
30000632,C-6YHJ,10000007,Cache,30000633,M53-1V,10000007,Cache,0.856,0,0
30003995,C-7SBM,10000050,Querious,30004023,I1Y-IU,10000050,Querious,3.533,0,0
30001576,C-BHDN,10000018,The Spire,30001578,4DH-ST,10000018,The Spire,1.507,0,1
30001576,C-BHDN,10000018,The Spire,30001577,R-RE2B,10000018,The Spire,1.124,0,0
30004818,C-FD0D,10000061,Tenerifis,30004819,S-9RCJ,10000061,Tenerifis,0.72,0,0
30004818,C-FD0D,10000061,Tenerifis,30004822,W-16DY,10000061,Tenerifis,1.197,0,0
30004651,C-FER9,10000058,Fountain,30004652,F2-2C3,10000058,Fountain,0.654,0,0
30000302,C-FP70,10000003,Vale of the Silent,30000303,T-ZWA1,10000003,Vale of the Silent,1.16,0,0
30000302,C-FP70,10000003,Vale of the Silent,30000304,ZA0L-U,10000003,Vale of the Silent,1.223,0,0
30001992,C-H9X7,10000023,Pure Blind,30001993,A8I-C5,10000023,Pure Blind,1.54,0,0
30004319,C-HCGU,10000055,Branch,30004321,Q-FEEJ,10000055,Branch,1.251,0,0
30004319,C-HCGU,10000055,Branch,30004320,XW-2XP,10000055,Branch,1.152,0,0
30000772,C-J6MT,10000009,Insmother,30000776,4M-QXK,10000009,Insmother,1.451,0,1
30000772,C-J6MT,10000009,Insmother,30000773,78-0R6,10000009,Insmother,1.611,0,0
30000772,C-J6MT,10000009,Insmother,30000775,8-WYQZ,10000009,Insmother,0.71,0,1
30000772,C-J6MT,10000009,Insmother,30000784,YPW-M4,10000009,Insmother,2.142,0,0
30004372,C-LBQS,10000055,Branch,30004373,J52-BH,10000055,Branch,0.873,0,0
30004365,C-LP3N,10000055,Branch,30004367,1G-MJE,10000055,Branch,1.048,0,0
30004365,C-LP3N,10000055,Branch,30004366,9F-7PZ,10000055,Branch,1.761,0,1
30000567,C-LTXS,10000006,Wicked Creek,30000568,C0O6-K,10000006,Wicked Creek,1.877,0,0
30000567,C-LTXS,10000006,Wicked Creek,30000569,HD-AJ7,10000006,Wicked Creek,0.531,0,0
30000567,C-LTXS,10000006,Wicked Creek,30000571,SJJ-4F,10000006,Wicked Creek,0.576,0,0
30004600,C-N4OD,10000058,Fountain,30004642,KVN-36,10000058,Fountain,10.432,0,0
30003692,C-OK0R,10000046,Fade,30003693,0-ARFO,10000046,Fade,1.144,0,1
30003169,C-PEWN,10000039,Esoteria,30004491,D4-2XN,10000056,Feythabolis,7.257,1,0
30002367,C-V6DQ,10000027,Etherium Reach,30002369,EX-GBT,10000027,Etherium Reach,0.597,0,0
30002367,C-V6DQ,10000027,Etherium Reach,30002368,Z-FET0,10000027,Etherium Reach,0.673,0,0
30004380,C-VGYO,10000055,Branch,30004381,O94U-A,10000055,Branch,0.65,0,1
30004380,C-VGYO,10000055,Branch,30004382,XW-JHT,10000055,Branch,0.476,0,1
30003113,C-VZAK,10000039,Esoteria,30003114,0-O6XF,10000039,Esoteria,1.16,0,1
30003670,C-XNUA,10000045,Tenal,30003671,7D-PAT,10000045,Tenal,1.488,0,0
30000568,C0O6-K,10000006,Wicked Creek,30000570,G9NE-B,10000006,Wicked Creek,0.855,0,0
30000568,C0O6-K,10000006,Wicked Creek,30000569,HD-AJ7,10000006,Wicked Creek,2.087,0,0
30000568,C0O6-K,10000006,Wicked Creek,30000664,X9V-15,10000008,Scalding Pass,1.076,1,0
30004493,C0T-77,10000057,Outer Ring,30004497,P-NUWP,10000057,Outer Ring,0.335,0,0
30004493,C0T-77,10000057,Outer Ring,30004494,RL-KT0,10000057,Outer Ring,0.826,0,0
30004493,C0T-77,10000057,Outer Ring,30004500,TQ-RR8,10000057,Outer Ring,1.669,0,0
30000821,C1G-XC,10000009,Insmother,30000823,3-0FYP,10000009,Insmother,1.414,0,0
30004597,C1XD-X,10000058,Fountain,30004599,B32-14,10000058,Fountain,0.721,0,0
30004597,C1XD-X,10000058,Fountain,30004598,G95F-H,10000058,Fountain,0.763,0,0
30004191,C2-1B5,10000053,Cobalt Edge,30004193,5ED-4E,10000053,Cobalt Edge,1.117,0,0
30004191,C2-1B5,10000053,Cobalt Edge,30004192,JE-VLG,10000053,Cobalt Edge,0.649,0,0
30000863,C2X-M5,10000010,Tribute,30000864,MSHD-4,10000010,Tribute,0.836,0,0
30004824,C3-0YD,10000061,Tenerifis,30004825,PDF-3Z,10000061,Tenerifis,0.868,0,1
30004798,C3N-3S,10000060,Delve,30004799,CX8-6K,10000060,Delve,2.478,0,0
30004798,C3N-3S,10000060,Delve,30004800,LWX-93,10000060,Delve,1.495,0,0
30003697,C4C-Z4,10000046,Fade,30003698,GME-PQ,10000046,Fade,1.188,0,1
30000446,C5-SUU,10000005,Detorid,30000452,3-3EZB,10000005,Detorid,0.511,0,0
30000446,C5-SUU,10000005,Detorid,30000448,3-LJW3,10000005,Detorid,1.333,0,0
30000446,C5-SUU,10000005,Detorid,30000450,P7MI-T,10000005,Detorid,1.039,0,0
30000446,C5-SUU,10000005,Detorid,30000447,XSUD-1,10000005,Detorid,1.416,0,0
30001533,C6C-K9,10000018,The Spire,30001539,AG-SYG,10000018,The Spire,1.479,0,0
30001533,C6C-K9,10000018,The Spire,30001534,AL-JSG,10000018,The Spire,0.824,0,0
30001533,C6C-K9,10000018,The Spire,30002336,JAWX-R,10000027,Etherium Reach,1.59,1,0
30005122,C6CG-W,10000066,Perrigen Falls,30005152,5V-Q1R,10000066,Perrigen Falls,1.241,0,0
30004791,C6Y-ZF,10000060,Delve,30004792,6Z-CKS,10000060,Delve,0.585,0,0
30004791,C6Y-ZF,10000060,Delve,30004794,KBAK-I,10000060,Delve,1.391,0,0
30002915,C7Y-7Z,10000035,Deklein,30002916,X-Z4DA,10000035,Deklein,1.216,0,0
30000700,C8-7AS,10000008,Scalding Pass,30000701,4E-EZS,10000008,Scalding Pass,0.764,0,0
30000700,C8-7AS,10000008,Scalding Pass,30000702,A-80UA,10000008,Scalding Pass,0.654,0,1
30000700,C8-7AS,10000008,Scalding Pass,30000722,QPTT-F,10000008,Scalding Pass,1.104,0,0
30003676,C8-CHY,10000046,Fade,30003677,E-9ORY,10000046,Fade,1.133,0,0
30000743,C8H5-X,10000009,Insmother,30000756,2-Q4YG,10000009,Insmother,0.913,0,1
30000743,C8H5-X,10000009,Insmother,30000749,4DS-OI,10000009,Insmother,0.782,0,0
30000743,C8H5-X,10000009,Insmother,30000745,7L3-JS,10000009,Insmother,0.905,0,0
30000743,C8H5-X,10000009,Insmother,30000747,TZN-2V,10000009,Insmother,0.852,0,0
30003109,C9N-CC,10000039,Esoteria,30003110,X-7BIX,10000039,Esoteria,1.336,0,0
30002315,C9R-NO,10000027,Etherium Reach,30002316,FKR-SR,10000027,Etherium Reach,0.996,0,0
30001205,CB4-Q2,10000014,Catch,30001206,CBL-XP,10000014,Catch,1.019,0,0
30001205,CB4-Q2,10000014,Catch,30001209,N-8BZ6,10000014,Catch,0.643,0,1
30001205,CB4-Q2,10000014,Catch,30001207,WJ-9YO,10000014,Catch,0.544,0,1
30001895,CBGG-0,10000022,Stain,30001896,A4UG-O,10000022,Stain,1.171,0,0
30001895,CBGG-0,10000022,Stain,30001899,UKYS-5,10000022,Stain,0.648,0,0
30001206,CBL-XP,10000014,Catch,30001231,KA6D-K,10000014,Catch,1.537,0,0
30001206,CBL-XP,10000014,Catch,30001208,UQ-PWD,10000014,Catch,0.608,0,1
30004180,CBY8-J,10000053,Cobalt Edge,30004181,E-BYOS,10000053,Cobalt Edge,0.768,0,0
30004841,CCE-0J,10000061,Tenerifis,30004843,0VK-43,10000061,Tenerifis,1.329,0,0
30002906,CCP-US,10000035,Deklein,30003681,DO6H-Q,10000046,Fade,3.235,1,0
30004407,CFLF-P,10000056,Feythabolis,30004409,9-ZFCG,10000056,Feythabolis,0.906,0,0
30004407,CFLF-P,10000056,Feythabolis,30004410,J-TPTA,10000056,Feythabolis,1.021,0,1
30002483,CFYY-J,10000029,Geminate,30002485,HKYW-T,10000029,Geminate,1.2,0,0
30004210,CHP-76,10000053,Cobalt Edge,30004213,M-VACR,10000053,Cobalt Edge,1.269,0,0
30004210,CHP-76,10000053,Cobalt Edge,30004211,T-67F8,10000053,Cobalt Edge,0.704,0,0
30000951,CI4M-T,10000011,Great Wildlands,30000952,I-QRJA,10000011,Great Wildlands,1.03,0,0
30003363,CIS-7X,10000041,Syndicate,30003366,4-JWWQ,10000041,Syndicate,1.078,0,0
30003363,CIS-7X,10000041,Syndicate,30003364,DCHR-L,10000041,Syndicate,0.608,0,0
30003363,CIS-7X,10000041,Syndicate,30003367,G-6SXJ,10000041,Syndicate,1.422,0,0
30001926,CJF-1P,10000022,Stain,30004932,XZ-SKZ,10000063,Period Basis,21.977,1,0
30001926,CJF-1P,10000022,Stain,30001929,Z-XMUC,10000022,Stain,0.644,0,0
30002170,CKX-RW,10000025,Immensea,30002171,8X6T-8,10000025,Immensea,1.051,0,1
30002170,CKX-RW,10000025,Immensea,30002178,KCDX-7,10000025,Immensea,0.686,0,0
30001042,CL-1JE,10000012,Curse,30001043,J4UD-J,10000012,Curse,0.812,0,1
30001025,CL-85V,10000012,Curse,30001026,K-QWHE,10000012,Curse,1.345,0,0
30002362,CL-IRS,10000027,Etherium Reach,30002363,QBZO-R,10000027,Etherium Reach,1.622,0,0
30001981,CL6-ZG,10000023,Pure Blind,30002023,RD-G2R,10000023,Pure Blind,1.263,0,1
30001100,CLW-SI,10000013,Malpais,30001101,5-A0PX,10000013,Malpais,0.502,0,0
30001100,CLW-SI,10000013,Malpais,30001102,R-RMDH,10000013,Malpais,1.029,0,0
30001254,CNC-4V,10000014,Catch,30001256,FAT-6P,10000014,Catch,0.549,0,0
30001254,CNC-4V,10000014,Catch,30001255,Y-PNRL,10000014,Catch,0.605,0,0
30001825,CNHV-M,10000021,Outer Passage,30001826,NEU-UD,10000021,Outer Passage,1.22,0,1
30004887,CO-7BI,10000062,Omist,30004888,ZJG-7D,10000062,Omist,0.931,0,0
30003123,CR-0E5,10000039,Esoteria,30003124,Z-Y9C3,10000039,Esoteria,0.716,0,0
30003678,CR-IFM,10000046,Fade,30003679,HHK-VL,10000046,Fade,0.585,0,0
30003678,CR-IFM,10000046,Fade,30003680,P-33KR,10000046,Fade,2.211,0,0
30004357,CS-ZGD,10000055,Branch,30004358,3-N3OO,10000055,Branch,1.588,0,0
30004357,CS-ZGD,10000055,Branch,30004359,A-G1FM,10000055,Branch,1.393,0,0
30001275,CSOA-B,10000015,Venal,30001276,6W-HRH,10000015,Venal,1.101,0,1
30004530,CT7-5V,10000057,Outer Ring,30004531,2JJ-0E,10000057,Outer Ring,0.694,0,1
30002373,CT8K-0,10000027,Etherium Reach,30002375,C-4D0W,10000027,Etherium Reach,0.515,0,0
30002373,CT8K-0,10000027,Etherium Reach,30002374,M9-LAN,10000027,Etherium Reach,0.412,0,0
30002896,CU9-T0,10000035,Deklein,30002898,FMB-JP,10000035,Deklein,0.92,0,0
30002896,CU9-T0,10000035,Deklein,30002897,XCF-8N,10000035,Deklein,0.675,0,0
30004200,CUT-0V,10000053,Cobalt Edge,30004201,9-WEMC,10000053,Cobalt Edge,0.678,0,1
30004200,CUT-0V,10000053,Cobalt Edge,30004202,U6R-F9,10000053,Cobalt Edge,0.861,0,0
30004939,CW9-1Y,10000063,Period Basis,30004955,ZU-MS3,10000063,Period Basis,1.046,0,0
30004335,CX-1XF,10000055,Branch,30004336,3-TD6L,10000055,Branch,1.082,0,0
30001224,CX65-5,10000014,Catch,30001225,JA-O6J,10000014,Catch,1.368,0,0
30004072,CX7-70,10000051,Cloud Ring,30004073,6ON-RW,10000051,Cloud Ring,1.071,0,0
30004799,CX8-6K,10000060,Delve,30004801,1-2J4P,10000060,Delve,0.617,0,0
30001979,CXN1-Z,10000023,Pure Blind,30001981,CL6-ZG,10000023,Pure Blind,0.934,0,0
30001979,CXN1-Z,10000023,Pure Blind,30001980,KLY-C0,10000023,Pure Blind,0.873,0,0
30003371,CY-ZLP,10000041,Syndicate,30003373,98Q-8O,10000041,Syndicate,0.722,0,0
30002312,CYB-BZ,10000027,Etherium Reach,30002313,5U-3PW,10000027,Etherium Reach,1.751,0,0
30002312,CYB-BZ,10000027,Etherium Reach,30002314,89JS-J,10000027,Etherium Reach,1.403,0,0
30002953,CZDJ-1,10000035,Deklein,30002954,RG9-7U,10000035,Deklein,0.875,0,0
30002953,CZDJ-1,10000035,Deklein,30002955,UJY-HE,10000035,Deklein,2.008,0,0
30001253,CZK-ZQ,10000014,Catch,30001254,CNC-4V,10000014,Catch,0.452,0,0
30002735,Caretyn,10000032,Sinq Laison,30002736,Ainaille,10000032,Sinq Laison,0.546,0,0
30003048,Carirgnottin,10000037,Everyshore,30003050,Odixie,10000037,Everyshore,0.62,0,0
30003048,Carirgnottin,10000037,Everyshore,30003054,Scuelazyns,10000037,Everyshore,0.478,0,0
30003048,Carirgnottin,10000037,Everyshore,30003052,Tolle,10000037,Everyshore,0.903,0,0
30002645,Carrou,10000032,Sinq Laison,30002690,Bamiette,10000032,Sinq Laison,1.338,0,0
30002645,Carrou,10000032,Sinq Laison,30002646,Direrie,10000032,Sinq Laison,1.433,0,0
30002645,Carrou,10000032,Sinq Laison,30002647,Ignoitton,10000032,Sinq Laison,0.112,0,0
30004973,Caslemon,10000064,Essence,30005021,Adrel,10000064,Essence,0.801,0,0
30004973,Caslemon,10000064,Essence,30004976,Charmerout,10000064,Essence,1.529,0,0
30004973,Caslemon,10000064,Essence,30004974,Jolevier,10000064,Essence,1.478,0,0
30004973,Caslemon,10000064,Essence,30004975,Mesybier,10000064,Essence,0.41,0,0
30004973,Caslemon,10000064,Essence,30005018,Noghere,10000064,Essence,0.879,0,0
30005026,Cat,10000064,Essence,30005027,Ommare,10000064,Essence,0.515,0,1
30100039,Celerity,10001004,Exordium,30100064,Kita-Aino,10001004,Exordium,1.778,0,1
30100039,Celerity,10001004,Exordium,30100040,Ratiocinate,10001004,Exordium,0.346,0,0
30005283,Central Point,10000067,Genesis,30005287,Canard,10000067,Genesis,1.596,0,1
30005283,Central Point,10000067,Genesis,30005285,Dead End,10000067,Genesis,2.336,0,1
30005283,Central Point,10000067,Genesis,30005284,Promised Land,10000067,Genesis,0.79,0,1
30002688,Chainelant,10000032,Sinq Laison,30002707,Unel,10000032,Sinq Laison,0.537,0,0
30003905,Chamemi,10000049,Khanid,30003908,Bashyam,10000049,Khanid,0.743,0,0
30003905,Chamemi,10000049,Khanid,30003909,Parses,10000049,Khanid,1.027,0,0
30004108,Chaneya,10000052,Kador,30004109,Oberen,10000052,Kador,0.662,0,0
30004122,Chanoun,10000052,Kador,30004124,Aphi,10000052,Kador,0.557,0,0
30004122,Chanoun,10000052,Kador,30004123,Garisas,10000052,Kador,0.43,0,0
30004122,Chanoun,10000052,Kador,30005227,Iderion,10000067,Genesis,0.892,1,0
30004122,Chanoun,10000052,Kador,30004125,Jakri,10000052,Kador,0.788,0,0
30004122,Chanoun,10000052,Kador,30004126,Nidupad,10000052,Kador,0.653,0,0
30005331,Chantrousse,10000068,Verge Vendor,30005332,Osmomonne,10000068,Verge Vendor,1.185,0,0
30005331,Chantrousse,10000068,Verge Vendor,30005334,Tierijev,10000068,Verge Vendor,1.073,0,0
30004976,Charmerout,10000064,Essence,30004977,Yvangier,10000064,Essence,0.645,0,0
30003489,Chaven,10000043,Domain,30003491,Ashab,10000043,Domain,1.729,0,0
30005237,Chej,10000067,Genesis,30005239,Aring,10000067,Genesis,1.114,0,0
30005237,Chej,10000067,Genesis,30005240,Gayar,10000067,Genesis,1.592,0,0
30002667,Chelien,10000032,Sinq Laison,30002732,Mirilene,10000032,Sinq Laison,0.781,0,0
30003529,Chemilip,10000043,Domain,30003531,Hisoufad,10000043,Domain,1.288,0,0
30003529,Chemilip,10000043,Domain,30003532,Jesoyeh,10000043,Domain,0.562,0,1
30003529,Chemilip,10000043,Domain,30003530,Raravath,10000043,Domain,1.044,0,1
30003019,Cherore,10000037,Everyshore,30003029,Jaschercis,10000037,Everyshore,0.986,0,0
30003019,Cherore,10000037,Everyshore,30003021,Mosson,10000037,Everyshore,0.511,0,0
30005327,Chesiette,10000068,Verge Vendor,30005328,Reblier,10000068,Verge Vendor,0.829,0,0
30003527,Chesoh,10000043,Domain,30003528,Herila,10000043,Domain,0.759,0,0
30000010,Chidah,10000001,Derelik,30000013,Onsooh,10000001,Derelik,0.751,0,0
30000010,Chidah,10000001,Derelik,30000011,Shenela,10000001,Derelik,1.262,0,0
30003925,Chitiamem,10000049,Khanid,30003926,Kuhri,10000049,Khanid,0.816,0,1
30003925,Chitiamem,10000049,Khanid,30003927,Zahefeus,10000049,Khanid,0.569,0,0
30005051,Choga,10000065,Kor-Azor,30005053,Imih,10000065,Kor-Azor,0.908,0,0
30005051,Choga,10000065,Kor-Azor,30005052,Soumi,10000065,Kor-Azor,0.893,0,0
30002965,Choonka,10000036,Devoid,30002967,Dihra,10000036,Devoid,0.822,0,0
30002965,Choonka,10000036,Devoid,30002968,Dital,10000036,Devoid,1.534,0,0
30002965,Choonka,10000036,Devoid,30003069,Kamela,10000038,The Bleak Lands,3.844,1,0
30002965,Choonka,10000036,Devoid,30002966,Thasinaz,10000036,Devoid,0.629,0,0
30005305,Cistuvaert,10000068,Verge Vendor,30005307,Aidart,10000068,Verge Vendor,1.764,0,0
30005305,Cistuvaert,10000068,Verge Vendor,30005315,Eletta,10000068,Verge Vendor,0.702,0,0
30003896,Claini,10000049,Khanid,30003897,Gehi,10000049,Khanid,0.461,0,0
30005324,Claulenne,10000068,Verge Vendor,30005325,Masalle,10000068,Verge Vendor,0.476,0,0
30002708,Claysson,10000032,Sinq Laison,30003017,Harerget,10000037,Everyshore,1.233,1,0
30002708,Claysson,10000032,Sinq Laison,30022715,Oirtlair,10000032,Sinq Laison,0.381,0,1
30002708,Claysson,10000032,Sinq Laison,30002711,Stetille,10000032,Sinq Laison,0.753,0,0
30005194,Cleyd,10000067,Genesis,30005197,Atreen,10000067,Genesis,0.935,0,0
30005194,Cleyd,10000067,Genesis,30005195,Vecamia,10000067,Genesis,1.164,0,0
30003904,Col,10000049,Khanid,30003905,Chamemi,10000049,Khanid,2.156,0,0
30003904,Col,10000049,Khanid,30003907,Tegheon,10000049,Khanid,1.208,0,0
30003565,Conomette,10000044,Solitude,30003566,Aimoguier,10000044,Solitude,1.106,0,1
30003565,Conomette,10000044,Solitude,30003567,Yveve,10000044,Solitude,0.652,0,0
30005298,Costolle,10000068,Verge Vendor,30005299,Muetralle,10000068,Verge Vendor,0.593,0,0
30003795,Covryn,10000048,Placid,30003802,Cumemare,10000048,Placid,1.219,0,0
30003795,Covryn,10000048,Placid,30003796,Iges,10000048,Placid,0.986,0,0
30002691,Crielere,10000032,Sinq Laison,30002718,Rancer,10000032,Sinq Laison,0.595,0,0
30004750,D-3GIQ,10000060,Delve,30004751,K-6K16,10000060,Delve,0.592,0,0
30000613,D-6H64,10000007,Cache,30000614,8-BIE3,10000007,Cache,0.625,0,0
30000613,D-6H64,10000007,Cache,30000616,995-3G,10000007,Cache,1.327,0,0
30003727,D-6WS1,10000047,Providence,30003728,SI-I89,10000047,Providence,0.927,0,1
30001272,D-8SI1,10000015,Venal,30001273,9-266Q,10000015,Venal,2.501,0,0
30001272,D-8SI1,10000015,Venal,30001292,HBD-CC,10000015,Venal,1.371,0,1
30001272,D-8SI1,10000015,Venal,30001274,K3JR-J,10000015,Venal,0.629,0,1
30004813,D-9UEV,10000061,Tenerifis,30004816,78R-PI,10000061,Tenerifis,1.155,0,0
30004813,D-9UEV,10000061,Tenerifis,30004814,H-HWQR,10000061,Tenerifis,0.697,0,0
30002149,D-BAMJ,10000025,Immensea,30002150,JKWP-U,10000025,Immensea,0.779,0,0
30002149,D-BAMJ,10000025,Immensea,30002151,RHE7-W,10000025,Immensea,1.779,0,1
30002304,D-CR6W,10000027,Etherium Reach,30002308,0M-24X,10000027,Etherium Reach,1.215,0,0
30002304,D-CR6W,10000027,Etherium Reach,30002306,GN-TNT,10000027,Etherium Reach,0.835,0,0
30003709,D-GTMI,10000047,Providence,30003710,FSW-3C,10000047,Providence,1.573,0,0
30003709,D-GTMI,10000047,Providence,30003715,T-RPFU,10000047,Providence,4.256,0,0
30002481,D-I9HJ,10000029,Geminate,30002484,8-KZXQ,10000029,Geminate,0.982,0,0
30002481,D-I9HJ,10000029,Geminate,30002489,Atioth,10000029,Geminate,3.666,0,0
30002481,D-I9HJ,10000029,Geminate,30002482,P-6I0B,10000029,Geminate,0.808,0,0
30002481,D-I9HJ,10000029,Geminate,30002490,PYY3-5,10000029,Geminate,0.78,0,1
30002347,D-IZT9,10000027,Etherium Reach,30002349,E8-432,10000027,Etherium Reach,0.626,0,0
30001761,D-JVGJ,10000021,Outer Passage,30001762,K4UV-G,10000021,Outer Passage,1.31,0,0
30002626,D-L4H0,10000031,Impass,30002628,FG-1GH,10000031,Impass,0.796,0,0
30002626,D-L4H0,10000031,Impass,30002627,GU-9F4,10000031,Impass,0.423,0,0
30000826,D-P1EH,10000009,Insmother,30000827,74L2-U,10000009,Insmother,0.955,0,0
30003135,D-PNP9,10000039,Esoteria,30003139,6EK-BV,10000039,Esoteria,0.727,0,1
30003135,D-PNP9,10000039,Esoteria,30003136,E1UU-3,10000039,Esoteria,0.629,0,1
30004622,D-Q04X,10000058,Fountain,30004649,O-PNSN,10000058,Fountain,1.213,0,1
30005125,D-QJR9,10000066,Perrigen Falls,30005127,B9N2-2,10000066,Perrigen Falls,0.483,0,0
30004730,D-W7F0,10000060,Delve,30004731,JP4-AA,10000060,Delve,0.741,0,0
30004730,D-W7F0,10000060,Delve,30004735,T5ZI-S,10000060,Delve,1.457,0,0
30002430,D0-F4W,10000029,Geminate,30002434,L-HV5C,10000029,Geminate,0.549,0,0
30002430,D0-F4W,10000029,Geminate,30002433,NBPH-N,10000029,Geminate,0.944,0,0
30002430,D0-F4W,10000029,Geminate,30002432,YN3-E3,10000029,Geminate,0.708,0,0
30002036,D2-HOS,10000023,Pure Blind,30002040,HPS5-C,10000023,Pure Blind,0.855,0,1
30002036,D2-HOS,10000023,Pure Blind,30002039,RQH-MY,10000023,Pure Blind,0.925,0,0
30002036,D2-HOS,10000023,Pure Blind,30002037,Y2-6EA,10000023,Pure Blind,0.687,0,0
30004902,D2EZ-X,10000062,Omist,30004903,DJK-67,10000062,Omist,0.762,0,1
30004386,D4R-H7,10000055,Branch,30004388,EQI2-2,10000055,Branch,0.925,0,0
30004502,D5IW-F,10000057,Outer Ring,30004503,F-XWIN,10000057,Outer Ring,0.652,0,0
30003724,D61A-G,10000047,Providence,30003726,Y-MPWL,10000047,Providence,0.866,0,0
30004480,D6SK-L,10000056,Feythabolis,30004483,0OYZ-G,10000056,Feythabolis,1.511,0,0
30004480,D6SK-L,10000056,Feythabolis,30004482,I9-ZQZ,10000056,Feythabolis,0.749,0,1
30000867,D7-ZAC,10000010,Tribute,30000868,SH1-6P,10000010,Tribute,0.932,0,0
30000867,D7-ZAC,10000010,Tribute,30000871,WH-JCA,10000010,Tribute,3.717,0,0
30001968,D7T-C0,10000023,Pure Blind,30002004,8S-0E1,10000023,Pure Blind,0.923,0,0
30001968,D7T-C0,10000023,Pure Blind,30001969,KI-TL0,10000023,Pure Blind,1.62,0,0
30003345,D85-VD,10000041,Syndicate,30003599,Faurulle,10000044,Solitude,4.667,1,0
30001010,D87E-A,10000012,Curse,30001014,5E-VR8,10000012,Curse,0.691,0,0
30001010,D87E-A,10000012,Curse,30001011,K-B2D3,10000012,Curse,0.453,0,0
30001010,D87E-A,10000012,Curse,30001012,PO4F-3,10000012,Curse,0.788,0,0
30001010,D87E-A,10000012,Curse,30001015,V7D-JD,10000012,Curse,0.628,0,0
30001881,D9D-GD,10000022,Stain,30001886,9O-ZTS,10000022,Stain,1.017,0,1
30004222,D9Z-VY,10000053,Cobalt Edge,30004223,MO-YDG,10000053,Cobalt Edge,1.813,0,1
30004222,D9Z-VY,10000053,Cobalt Edge,30004225,RGU1-T,10000053,Cobalt Edge,1.007,0,0
30001921,DABV-N,10000022,Stain,30001922,ZH-KEV,10000022,Stain,1.783,0,0
30001083,DAI-SH,10000013,Malpais,30001085,C-KW6X,10000013,Malpais,0.868,0,1
30001083,DAI-SH,10000013,Malpais,30001087,F-WZYG,10000013,Malpais,2.148,0,0
30001083,DAI-SH,10000013,Malpais,30001084,V3P-AZ,10000013,Malpais,0.885,0,0
30001083,DAI-SH,10000013,Malpais,30001086,X1W-AL,10000013,Malpais,0.732,0,0
30004524,DB-6W4,10000057,Outer Ring,30004525,7-692B,10000057,Outer Ring,0.962,0,0
30003364,DCHR-L,10000041,Syndicate,30003365,EU0I-T,10000041,Syndicate,0.826,0,0
30003364,DCHR-L,10000041,Syndicate,30003367,G-6SXJ,10000041,Syndicate,1.231,0,0
30004311,DCI7-7,10000055,Branch,30004312,J7YR-1,10000055,Branch,1.794,0,0
30003644,DCJ-ZT,10000045,Tenal,30003645,O36A-P,10000045,Tenal,0.825,0,1
30000663,DE-A7P,10000008,Scalding Pass,30000664,X9V-15,10000008,Scalding Pass,1.575,0,0
30005093,DE-IHK,10000066,Perrigen Falls,30005106,LW-YEW,10000066,Perrigen Falls,0.981,0,0
30000954,DE71-9,10000011,Great Wildlands,30000955,7JF-0Z,10000011,Great Wildlands,0.702,0,0
30000816,DFH-V5,10000009,Insmother,30000818,4LB-EL,10000009,Insmother,1.434,0,0
30001557,DFTK-D,10000018,The Spire,30001560,L7-BLT,10000018,The Spire,0.557,0,1
30000441,DG-8VJ,10000005,Detorid,30000445,1KAW-T,10000005,Detorid,0.943,0,0
30000441,DG-8VJ,10000005,Detorid,30000455,4NDT-W,10000005,Detorid,1.075,0,0
30000441,DG-8VJ,10000005,Detorid,30000442,5J4K-9,10000005,Detorid,1.732,0,0
30004016,DG-L7S,10000050,Querious,30004017,K4-RFZ,10000050,Querious,0.779,0,0
30003187,DGDT-3,10000040,Oasa,30003188,2-WNTD,10000040,Oasa,1.505,0,0
30003187,DGDT-3,10000040,Oasa,30003189,83-YGI,10000040,Oasa,0.689,0,1
30003156,DIBH-Q,10000039,Esoteria,30003160,H-YHYM,10000039,Esoteria,0.981,0,0
30003156,DIBH-Q,10000039,Esoteria,30003158,YAP-TN,10000039,Esoteria,0.501,0,0
30001781,DJ-GBH,10000021,Outer Passage,30001805,8RL-OG,10000021,Outer Passage,0.991,0,0
30001781,DJ-GBH,10000021,Outer Passage,30001783,QOK-SX,10000021,Outer Passage,0.747,0,1
30001994,DK-FXK,10000023,Pure Blind,30001995,M-76XI,10000023,Pure Blind,1.246,0,0
30001994,DK-FXK,10000023,Pure Blind,30001997,U-INPD,10000023,Pure Blind,1.663,0,0
30001994,DK-FXK,10000023,Pure Blind,30001996,ZJET-E,10000023,Pure Blind,0.841,0,0
30004207,DK0-N8,10000053,Cobalt Edge,30004215,J-QOKQ,10000053,Cobalt Edge,0.74,0,1
30003170,DL-CDY,10000039,Esoteria,30003171,29YH-V,10000039,Esoteria,0.907,0,1
30003170,DL-CDY,10000039,Esoteria,30003173,X-HISR,10000039,Esoteria,0.865,0,1
30000879,DL1C-E,10000010,Tribute,30000881,2ISU-Y,10000010,Tribute,0.499,0,1
30000879,DL1C-E,10000010,Tribute,30000880,YLS8-J,10000010,Tribute,1.556,0,1
30003157,DNEP-Y,10000039,Esoteria,30003159,PE-H02,10000039,Esoteria,0.607,0,0
30003762,DNR-7M,10000047,Providence,30003764,K1Y-5H,10000047,Providence,0.665,0,0
30001130,DOA-YU,10000013,Malpais,30001131,ZOPZ-6,10000013,Malpais,0.942,0,0
30002014,DP-1YE,10000023,Pure Blind,30002015,4-ABS8,10000023,Pure Blind,0.948,0,0
30003721,DP-JD4,10000047,Providence,30003722,OXIY-V,10000047,Providence,1.585,0,0
30003314,DP34-U,10000041,Syndicate,30003316,6-U2M8,10000041,Syndicate,0.545,0,0
30003314,DP34-U,10000041,Syndicate,30003315,617I-I,10000041,Syndicate,0.675,0,0
30002184,DR-427,10000025,Immensea,30002186,QN-6J2,10000025,Immensea,1.055,0,1
30003992,DS-LO3,10000050,Querious,30003995,C-7SBM,10000050,Querious,0.707,0,0
30003992,DS-LO3,10000050,Querious,30003994,RF-CN3,10000050,Querious,2.018,0,1
30003193,DS3-6A,10000040,Oasa,30003195,T-HMWP,10000040,Oasa,0.847,0,0
30003193,DS3-6A,10000040,Oasa,30003194,V0-H4L,10000040,Oasa,1.685,0,0
30001831,DSS-EZ,10000022,Stain,30001832,MB4D-4,10000022,Stain,0.652,0,0
30004806,DT-PXH,10000061,Tenerifis,30004807,UALX-3,10000061,Tenerifis,1.177,0,0
30003108,DTX8-M,10000039,Esoteria,30003109,C9N-CC,10000039,Esoteria,2.161,0,0
30000595,DUO-51,10000006,Wicked Creek,30000596,07-SLO,10000006,Wicked Creek,1.082,0,0
30000595,DUO-51,10000006,Wicked Creek,30000597,Z-A8FS,10000006,Wicked Creek,0.822,0,0
30004418,DUU1-K,10000056,Feythabolis,30004419,3L-Y9M,10000056,Feythabolis,0.932,0,0
30001581,DVN6-0,10000018,The Spire,30001585,U1-VHY,10000018,The Spire,1.019,0,1
30000518,DVWV-3,10000005,Detorid,30000520,I-9GI1,10000005,Detorid,1.49,0,0
30000518,DVWV-3,10000005,Detorid,30000519,KE-0FB,10000005,Detorid,1.156,0,0
30002146,DW-N2S,10000025,Immensea,30002149,D-BAMJ,10000025,Immensea,0.596,0,0
30002146,DW-N2S,10000025,Immensea,30002150,JKWP-U,10000025,Immensea,0.43,0,0
30002146,DW-N2S,10000025,Immensea,30002147,W-FHWJ,10000025,Immensea,0.662,0,0
30002146,DW-N2S,10000025,Immensea,30002148,X-6WC7,10000025,Immensea,1.048,0,0
30003682,DW-T2I,10000046,Fade,30003683,O-CNPR,10000046,Fade,0.987,0,0
30000516,DX-DFJ,10000005,Detorid,30000518,DVWV-3,10000005,Detorid,1.18,0,0
30000516,DX-DFJ,10000005,Detorid,30000519,KE-0FB,10000005,Detorid,0.495,0,0
30000490,DX-TAR,10000005,Detorid,30000491,A-7XFN,10000005,Detorid,1.155,0,0
30002599,DY-40Z,10000031,Impass,30002600,XWY-YM,10000031,Impass,0.611,0,1
30004042,DY-F70,10000051,Cloud Ring,30004043,FD53-H,10000051,Cloud Ring,1.432,0,0
30002119,DY-P7Q,10000025,Immensea,30002123,GXK-7F,10000025,Immensea,1.064,0,1
30002119,DY-P7Q,10000025,Immensea,30002122,XVV-21,10000025,Immensea,1.509,0,0
30002119,DY-P7Q,10000025,Immensea,30002121,ZBP-TP,10000025,Immensea,1.319,0,1
30002378,DYPL-6,10000027,Etherium Reach,30002380,RK-Q51,10000027,Etherium Reach,0.651,0,0
30002378,DYPL-6,10000027,Etherium Reach,30002379,V-OL61,10000027,Etherium Reach,0.503,0,0
30003196,DYS-CG,10000040,Oasa,30003210,6U-MFQ,10000040,Oasa,0.986,0,0
30003196,DYS-CG,10000040,Oasa,30005158,J9A-BH,10000066,Perrigen Falls,1.135,1,0
30004852,DZ6-I5,10000061,Tenerifis,30004854,G1-0UI,10000061,Tenerifis,1.177,0,0
30004852,DZ6-I5,10000061,Tenerifis,30004855,QCDG-H,10000061,Tenerifis,0.675,0,1
30004852,DZ6-I5,10000061,Tenerifis,30004857,QLU-P0,10000061,Tenerifis,1.27,0,0
30004852,DZ6-I5,10000061,Tenerifis,30004853,R-XDKM,10000061,Tenerifis,0.834,0,1
30004852,DZ6-I5,10000061,Tenerifis,30004856,XUDX-A,10000061,Tenerifis,0.845,0,0
30001660,Dabrid,10000020,Tash-Murkon,30001661,Gyerzen,10000020,Tash-Murkon,1.087,0,1
30002541,Dal,10000030,Heimatar,30002542,Auga,10000030,Heimatar,0.967,0,0
30002513,Dammalin,10000030,Heimatar,30002514,Bosboger,10000030,Heimatar,1.104,0,0
30002513,Dammalin,10000030,Heimatar,30002515,Olfeim,10000030,Heimatar,0.999,0,1
30003912,Danera,10000049,Khanid,30003913,Bomana,10000049,Khanid,1.599,0,0
30003912,Danera,10000049,Khanid,30003914,Rahabeda,10000049,Khanid,1.701,0,0
30004097,Dantan,10000052,Kador,30005036,Amdonen,10000065,Kor-Azor,2.202,1,0
30004097,Dantan,10000052,Kador,30005044,Danyana,10000065,Kor-Azor,1.252,1,0
30001356,Dantumi,10000016,Lonetrek,30001361,Aurohunen,10000016,Lonetrek,1.215,0,0
30001356,Dantumi,10000016,Lonetrek,30001388,Mara,10000016,Lonetrek,0.838,0,0
30001356,Dantumi,10000016,Lonetrek,30001358,Ossa,10000016,Lonetrek,1.788,0,1
30005044,Danyana,10000065,Kor-Azor,30005045,Nahyeen,10000065,Kor-Azor,1.664,0,0
30005044,Danyana,10000065,Kor-Azor,30005047,Nibainkier,10000065,Kor-Azor,1.284,0,0
30005044,Danyana,10000065,Kor-Azor,30005048,Polfaly,10000065,Kor-Azor,1.174,0,0
30001420,Daras,10000016,Lonetrek,30001422,Iitanmadan,10000016,Lonetrek,1.06,0,0
30001420,Daras,10000016,Lonetrek,30001421,Otalieto,10000016,Lonetrek,2.087,0,0
30003797,Dastryns,10000048,Placid,30003799,Uphallant,10000048,Placid,0.452,0,0
30003405,Datulen,10000042,Metropolis,30003406,Situner,10000042,Metropolis,0.775,0,0
30002635,Decon,10000032,Sinq Laison,30002638,Sharuveil,10000032,Sinq Laison,1.26,0,0
30100037,Decorum,10001004,Exordium,30100056,Abstention,10001004,Exordium,0.28,0,1
30100037,Decorum,10001004,Exordium,30100039,Celerity,10001004,Exordium,0.447,0,0
30100037,Decorum,10001004,Exordium,30100054,Chivalric,10001004,Exordium,0.213,0,1
30100037,Decorum,10001004,Exordium,30100055,Equity,10001004,Exordium,0.362,0,1
30100037,Decorum,10001004,Exordium,30100041,Rigor,10001004,Exordium,0.445,0,0
30100037,Decorum,10001004,Exordium,30100043,Steadfast,10001004,Exordium,0.499,0,0
30004284,Defsunun,10000054,Aridia,30004297,Efu,10000054,Aridia,1.09,0,0
30002681,Deltole,10000032,Sinq Laison,30002682,Colelie,10000032,Sinq Laison,0.567,0,0
30004987,Deninard,10000064,Essence,30004989,Annages,10000064,Essence,0.846,0,0
30004987,Deninard,10000064,Essence,30004988,Hulmate,10000064,Essence,0.958,0,0
30004987,Deninard,10000064,Essence,30005206,Kemerk,10000067,Genesis,0.756,1,0
30004987,Deninard,10000064,Essence,30004990,Onne,10000064,Essence,1.269,0,0
30005025,Derririntel,10000064,Essence,30005026,Cat,10000064,Essence,1.119,0,0
30005025,Derririntel,10000064,Essence,30005334,Tierijev,10000068,Verge Vendor,1.001,1,0
30005229,Diaderi,10000067,Genesis,30005230,Manatirid,10000067,Genesis,1.567,0,0
30005229,Diaderi,10000067,Genesis,30005301,Tourier,10000068,Verge Vendor,0.954,1,0
30002967,Dihra,10000036,Devoid,30002968,Dital,10000036,Devoid,0.855,0,0
30002967,Dihra,10000036,Devoid,30002995,Naeel,10000036,Devoid,0.723,0,0
30003461,Diromitur,10000042,Metropolis,30003462,Eldjaerin,10000042,Metropolis,0.479,0,0
30003461,Diromitur,10000042,Metropolis,30003463,Erlendur,10000042,Metropolis,0.783,0,0
30002968,Dital,10000036,Devoid,30003729,KBP7-G,10000047,Providence,1.672,1,0
30005262,Djimame,10000067,Genesis,30005264,Angur,10000067,Genesis,1.438,0,0
30005262,Djimame,10000067,Genesis,30005265,Hangond,10000067,Genesis,0.843,0,0
30005262,Djimame,10000067,Genesis,30005263,Mozzidit,10000067,Genesis,0.606,0,0
30002685,Dodenvale,10000032,Sinq Laison,30002688,Chainelant,10000032,Sinq Laison,1.121,0,0
30002685,Dodenvale,10000032,Sinq Laison,30002686,Olettiers,10000032,Sinq Laison,2.065,0,0
30002685,Dodenvale,10000032,Sinq Laison,30002689,Sileperer,10000032,Sinq Laison,0.626,0,1
30002659,Dodixie,10000032,Sinq Laison,30003031,Athinard,10000037,Everyshore,2.044,1,0
30002659,Dodixie,10000032,Sinq Laison,30002661,Botane,10000032,Sinq Laison,0.574,0,0
30002659,Dodixie,10000032,Sinq Laison,30003032,Meves,10000037,Everyshore,2.231,1,0
30005226,Dom-Aphis,10000067,Genesis,30005227,Iderion,10000067,Genesis,0.729,0,0
30000038,Dooz,10000001,Derelik,30000039,Bayuka,10000001,Derelik,1.124,0,0
30000038,Dooz,10000001,Derelik,30000043,Sari,10000001,Derelik,0.617,0,0
30000038,Dooz,10000001,Derelik,30000040,Uzistoon,10000001,Derelik,0.593,0,0
30003807,Dour,10000048,Placid,30003810,Vivanier,10000048,Placid,0.953,0,0
30002706,Doussivitte,10000032,Sinq Laison,30002713,Abenync,10000032,Sinq Laison,1.092,0,0
30002706,Doussivitte,10000032,Sinq Laison,30003034,Mattere,10000037,Everyshore,1.981,1,0
30002706,Doussivitte,10000032,Sinq Laison,30002711,Stetille,10000032,Sinq Laison,1.026,0,0
30100073,Dranga,10001004,Exordium,30100076,Hofs,10001004,Exordium,0.576,0,0
30100073,Dranga,10001004,Exordium,30100074,Tindfjalla,10001004,Exordium,0.356,0,0
30004078,Dresi,10000052,Kador,30004082,Aharalel,10000052,Kador,0.806,0,0
30004078,Dresi,10000052,Kador,30004079,Aphend,10000052,Kador,0.669,0,0
30004078,Dresi,10000052,Kador,30004083,Gensela,10000052,Kador,1.372,0,0
30004078,Dresi,10000052,Kador,30004081,Zororzih,10000052,Kador,2.921,0,0
30002633,Du Annes,10000032,Sinq Laison,30002634,Balle,10000032,Sinq Laison,1.441,0,0
30002633,Du Annes,10000032,Sinq Laison,30002640,Erme,10000032,Sinq Laison,1.544,0,0
30002633,Du Annes,10000032,Sinq Laison,30002636,Grinacanne,10000032,Sinq Laison,1.493,0,0
30002633,Du Annes,10000032,Sinq Laison,30002637,Metserel,10000032,Sinq Laison,0.501,0,0
30002633,Du Annes,10000032,Sinq Laison,30004970,Renyn,10000064,Essence,3.094,1,0
30002076,Dudreda,10000042,Metropolis,30002080,Arifsdald,10000042,Metropolis,2.482,0,0
30002076,Dudreda,10000042,Metropolis,30002077,Hakisalki,10000042,Metropolis,0.79,0,0
30002520,Dumkirinur,10000030,Heimatar,30002522,Obrolber,10000030,Heimatar,0.818,0,0
30002520,Dumkirinur,10000030,Heimatar,30002521,Sist,10000030,Heimatar,0.709,0,0
30002670,Dunraelare,10000032,Sinq Laison,30002724,Assiettes,10000032,Sinq Laison,0.794,0,0
30002670,Dunraelare,10000032,Sinq Laison,30002673,Estene,10000032,Sinq Laison,0.954,0,0
30002670,Dunraelare,10000032,Sinq Laison,30002672,Inghenges,10000032,Sinq Laison,0.525,0,0
30002670,Dunraelare,10000032,Sinq Laison,30002675,Stayme,10000032,Sinq Laison,0.802,0,0
30100068,Dyka-hau,10001004,Exordium,30100070,Tatrys,10001004,Exordium,0.29,0,0
30000102,Dysa,10000001,Derelik,30000104,Mahti,10000001,Derelik,0.586,0,1
30002477,E-91FV,10000029,Geminate,30002480,54-MF6,10000029,Geminate,0.628,0,0
30002477,E-91FV,10000029,Geminate,30002479,QP0K-B,10000029,Geminate,2.826,0,0
30003677,E-9ORY,10000046,Fade,30003678,CR-IFM,10000046,Fade,0.931,0,0
30003677,E-9ORY,10000046,Fade,30003679,HHK-VL,10000046,Fade,1.391,0,0
30000503,E-ACV6,10000005,Detorid,30000504,BOZ1-O,10000005,Detorid,0.534,0,0
30000503,E-ACV6,10000005,Detorid,30000506,Z-2Y2Y,10000005,Detorid,1.066,0,1
30004186,E-B957,10000053,Cobalt Edge,30004188,4A-6NI,10000053,Cobalt Edge,0.364,0,0
30004567,E-BWUU,10000058,Fountain,30004569,9R4-EJ,10000058,Fountain,2.525,0,0
30004567,E-BWUU,10000058,Fountain,30004568,Y-1W01,10000058,Fountain,1.136,0,0
30004181,E-BYOS,10000053,Cobalt Edge,30004182,ETXT-F,10000053,Cobalt Edge,1.05,0,0
30001834,E-C0SR,10000022,Stain,30001836,VTGN-U,10000022,Stain,1.874,0,0
30001834,E-C0SR,10000022,Stain,30001835,X1E-OQ,10000022,Stain,0.948,0,0
30004948,E-DOF2,10000063,Period Basis,30004950,0OTX-J,10000063,Period Basis,1.612,0,0
30004948,E-DOF2,10000063,Period Basis,30004949,48I1-X,10000063,Period Basis,1.082,0,0
30004217,E-EFAM,10000053,Cobalt Edge,30004218,SBEN-Q,10000053,Cobalt Edge,0.987,0,1
30004217,E-EFAM,10000053,Cobalt Edge,30004220,VEQ-3V,10000053,Cobalt Edge,1.441,0,1
30002922,E-FIC0,10000035,Deklein,30002924,85-B52,10000035,Deklein,0.985,0,0
30002922,E-FIC0,10000035,Deklein,30002925,YZ-UKA,10000035,Deklein,0.433,0,0
30004546,E-GCX0,10000057,Outer Ring,30004547,VBFC-8,10000057,Outer Ring,0.756,0,0
30004546,E-GCX0,10000057,Outer Ring,30004551,VJ0-81,10000057,Outer Ring,0.432,0,0
30000531,E-JCUS,10000006,Wicked Creek,30000536,4F89-U,10000006,Wicked Creek,0.697,0,0
30000531,E-JCUS,10000006,Wicked Creek,30000533,LP1M-Q,10000006,Wicked Creek,0.653,0,0
30000531,E-JCUS,10000006,Wicked Creek,30000532,W-QN5X,10000006,Wicked Creek,1.092,0,0
30000846,E-OGL4,10000010,Tribute,30000861,15W-GC,10000010,Tribute,1.845,0,0
30000846,E-OGL4,10000010,Tribute,30000848,M-OEE8,10000010,Tribute,1.821,0,0
30004451,E-PR0S,10000056,Feythabolis,30004453,VNGJ-U,10000056,Feythabolis,1.191,0,0
30000283,E-SCTX,10000003,Vale of the Silent,30000286,1VK-6B,10000003,Vale of the Silent,2.133,0,0
30000283,E-SCTX,10000003,Vale of the Silent,30000284,S6QX-N,10000003,Vale of the Silent,1.116,0,0
30004028,E-VKJV,10000050,Querious,30004764,3-DMQT,10000060,Delve,2.079,1,0
30005100,E-WMT7,10000066,Perrigen Falls,30005103,F-5WYK,10000066,Perrigen Falls,3.79,0,0
30005100,E-WMT7,10000066,Perrigen Falls,30005101,FLK-LJ,10000066,Perrigen Falls,1.724,0,0
30003732,E-YCML,10000047,Providence,30003733,TU-O0T,10000047,Providence,0.456,0,0
30003732,E-YCML,10000047,Providence,30003734,Y9-MDG,10000047,Providence,0.923,0,0
30002032,E-Z2ZX,10000023,Pure Blind,30002033,RORZ-H,10000023,Pure Blind,0.78,0,0
30002032,E-Z2ZX,10000023,Pure Blind,30003685,VRH-H7,10000046,Fade,2.818,1,0
30000903,E02-IK,10000011,Great Wildlands,30000942,8YC-AN,10000011,Great Wildlands,1.51,0,0
30000903,E02-IK,10000011,Great Wildlands,30000905,M-MD3B,10000011,Great Wildlands,1.403,0,0
30004208,E0DR-G,10000053,Cobalt Edge,30004214,0B-VOJ,10000053,Cobalt Edge,0.597,0,1
30004208,E0DR-G,10000053,Cobalt Edge,30004209,KI2-S3,10000053,Cobalt Edge,2.112,0,1
30001214,E1-4YH,10000014,Catch,30001218,7LHB-Z,10000014,Catch,0.633,0,0
30001214,E1-4YH,10000014,Catch,30001216,AOK-WQ,10000014,Catch,1.183,0,0
30001214,E1-4YH,10000014,Catch,30001215,B-XJX4,10000014,Catch,1.523,0,0
30001334,E1F-E5,10000015,Venal,30001335,4S-PVC,10000015,Venal,0.649,0,1
30003136,E1UU-3,10000039,Esoteria,30003138,BY-MSY,10000039,Esoteria,0.601,0,1
30000612,E1W-TB,10000007,Cache,30000626,I6-SYN,10000007,Cache,1.253,0,0
30000612,E1W-TB,10000007,Cache,30000615,LMM7-L,10000007,Cache,1.018,0,0
30001217,E3-SDZ,10000014,Catch,30002583,N-CREL,10000031,Impass,3.369,1,0
30004725,E3OI-U,10000060,Delve,30004726,IP6V-X,10000060,Delve,0.532,0,1
30004725,E3OI-U,10000060,Delve,30004727,R5-MM8,10000060,Delve,1.418,0,1
30004725,E3OI-U,10000060,Delve,30004729,T-J6HT,10000060,Delve,1.498,0,1
30002931,E3UY-6,10000035,Deklein,30002932,LEK-N5,10000035,Deklein,1.688,0,0
30001527,E4-E8W,10000018,The Spire,30001529,B9EA-G,10000018,The Spire,1.569,0,0
30001527,E4-E8W,10000018,The Spire,30001530,E-BFLT,10000018,The Spire,0.619,0,1
30001527,E4-E8W,10000018,The Spire,30001528,HIK-MC,10000018,The Spire,1.403,0,0
30000634,E5T-CS,10000007,Cache,30000636,I-2705,10000007,Cache,2.09,0,0
30000634,E5T-CS,10000007,Cache,30000635,W4C8-Q,10000007,Cache,1.627,0,0
30003242,E6Q-LE,10000040,Oasa,30003243,HO4E-Q,10000040,Oasa,0.605,0,0
30001909,E7-WSY,10000022,Stain,30001910,B-G1LG,10000022,Stain,0.534,0,0
30002605,E7VE-V,10000031,Impass,30002606,NUG-OF,10000031,Impass,1.197,0,1
30004499,E9G-MT,10000057,Outer Ring,30004501,1L-BHT,10000057,Outer Ring,0.681,0,0
30003694,E9KD-N,10000046,Fade,30004070,6RCQ-V,10000051,Cloud Ring,8.684,1,0
30003694,E9KD-N,10000046,Fade,30003696,WQY-IQ,10000046,Fade,2.013,0,0
30002124,EA-HSA,10000025,Immensea,30002127,CJNF-J,10000025,Immensea,1.344,0,0
30002124,EA-HSA,10000025,Immensea,30002126,WYF8-8,10000025,Immensea,0.492,0,1
30001984,EC-P8R,10000023,Pure Blind,30001985,EWOK-K,10000023,Pure Blind,1.179,0,0
30001984,EC-P8R,10000023,Pure Blind,30001987,G-M4I8,10000023,Pure Blind,1.835,0,0
30004020,ED-L9T,10000050,Querious,30004022,9SBB-9,10000050,Querious,0.764,0,0
30004020,ED-L9T,10000050,Querious,30004021,LS-V29,10000050,Querious,0.918,0,0
30000486,EDQG-L,10000005,Detorid,30000489,J-L9MA,10000005,Detorid,0.583,0,1
30003355,EF-F36,10000041,Syndicate,30003356,3-IN0V,10000041,Syndicate,0.692,0,0
30003355,EF-F36,10000041,Syndicate,30003359,DUV-5Y,10000041,Syndicate,0.528,0,0
30003355,EF-F36,10000041,Syndicate,30003360,GRNJ-3,10000041,Syndicate,0.636,0,1
30003355,EF-F36,10000041,Syndicate,30004497,P-NUWP,10000057,Outer Ring,0.863,1,1
30000783,EFM-C4,10000009,Insmother,30002301,G-QTSD,10000027,Etherium Reach,11.989,1,0
30000783,EFM-C4,10000009,Insmother,30000788,I-1QKL,10000009,Insmother,1.323,0,0
30005108,EH2I-P,10000066,Perrigen Falls,30005114,6-8QLA,10000066,Perrigen Falls,1.195,0,0
30005108,EH2I-P,10000066,Perrigen Falls,30005109,OP7-BP,10000066,Perrigen Falls,0.556,0,0
30005108,EH2I-P,10000066,Perrigen Falls,30005112,R-AYGT,10000066,Perrigen Falls,0.955,0,1
30004586,EI-O0O,10000058,Fountain,30004587,7X-02R,10000058,Fountain,0.708,0,1
30004586,EI-O0O,10000058,Fountain,30004589,J5A-IX,10000058,Fountain,1.027,0,0
30000249,EIDI-N,10000003,Vale of the Silent,30000253,DAYP-G,10000003,Vale of the Silent,0.845,0,0
30000249,EIDI-N,10000003,Vale of the Silent,30000252,IPAY-2,10000003,Vale of the Silent,0.818,0,0
30000655,EIN-QG,10000008,Scalding Pass,30000671,GN-PDU,10000008,Scalding Pass,1.478,0,0
30000655,EIN-QG,10000008,Scalding Pass,30000662,JMH-PT,10000008,Scalding Pass,1.344,0,0
30000655,EIN-QG,10000008,Scalding Pass,30000658,R-3FBU,10000008,Scalding Pass,0.864,0,0
30000655,EIN-QG,10000008,Scalding Pass,30000657,S-E6ES,10000008,Scalding Pass,0.842,0,0
30001307,EIV-1W,10000015,Venal,30001308,S-1ZXZ,10000015,Venal,1.618,0,0
30000814,EJ48-O,10000009,Insmother,30000815,ROJ-B0,10000009,Insmother,1.5,0,0
30000740,EKPB-3,10000009,Insmother,30000741,5M2-KP,10000009,Insmother,1.594,0,1
30000740,EKPB-3,10000009,Insmother,30000742,TK-DLH,10000009,Insmother,1.089,0,0
30001970,EL8-4Q,10000023,Pure Blind,30001972,5-9WNU,10000023,Pure Blind,1.025,0,0
30001970,EL8-4Q,10000023,Pure Blind,30001971,JC-YX8,10000023,Pure Blind,1.266,0,1
30001970,EL8-4Q,10000023,Pure Blind,30001974,N-H32Y,10000023,Pure Blind,0.662,0,1
30004880,EMIG-F,10000061,Tenerifis,30004882,ZO-P5K,10000061,Tenerifis,0.646,0,0
30003662,EN-GTB,10000045,Tenal,30003673,T-K10W,10000045,Tenal,3.76,0,0
30003612,EOY-BG,10000045,Tenal,30003614,IG-ZAM,10000045,Tenal,1.272,0,0
30004835,EQWO-Y,10000061,Tenerifis,30004837,QI9-42,10000061,Tenerifis,0.424,0,0
30000676,ER2O-Y,10000008,Scalding Pass,30000677,J2-PZ6,10000008,Scalding Pass,1.935,0,0
30001233,ERVK-P,10000014,Catch,30001235,BR-N97,10000014,Catch,0.728,0,0
30001233,ERVK-P,10000014,Catch,30001234,UL-7I8,10000014,Catch,1.183,0,0
30004033,ES-Q0W,10000050,Querious,30004036,3D5K-R,10000050,Querious,1.012,0,0
30001029,ES-UWY,10000012,Curse,30001031,Y-DW5K,10000012,Curse,1.129,0,0
30004603,ESC-RI,10000058,Fountain,30004604,671-ST,10000058,Fountain,0.538,0,0
30004603,ESC-RI,10000058,Fountain,30004605,A-HZYL,10000058,Fountain,1.65,0,0
30004603,ESC-RI,10000058,Fountain,30004606,H-S80W,10000058,Fountain,1.144,0,1
30001535,ETO-OT,10000018,The Spire,30001539,AG-SYG,10000018,The Spire,1.298,0,0
30001535,ETO-OT,10000018,The Spire,30001554,MOSA-I,10000018,The Spire,0.903,0,0
30001535,ETO-OT,10000018,The Spire,30001548,T6T-BQ,10000018,The Spire,0.719,0,0
30001571,EU-WFW,10000018,The Spire,30005100,E-WMT7,10000066,Perrigen Falls,0.724,1,0
30001571,EU-WFW,10000018,The Spire,30001573,GTB-O4,10000018,The Spire,1.28,0,1
30001571,EU-WFW,10000018,The Spire,30001572,K-YL9T,10000018,The Spire,4.144,0,0
30001571,EU-WFW,10000018,The Spire,30005185,PA-ALN,10000066,Perrigen Falls,1.136,1,0
30000796,EUU-4N,10000009,Insmother,30000797,Q-3HS5,10000009,Insmother,1.416,0,1
30001023,EW-JR5,10000012,Curse,30001025,CL-85V,10000012,Curse,1.166,0,1
30001023,EW-JR5,10000012,Curse,30001027,MDD-79,10000012,Curse,0.886,0,1
30004314,EWN-2U,10000055,Branch,30004317,4-48K1,10000055,Branch,1.658,0,0
30001985,EWOK-K,10000023,Pure Blind,30001987,G-M4I8,10000023,Pure Blind,1.215,0,0
30001985,EWOK-K,10000023,Pure Blind,30001986,O-N8XZ,10000023,Pure Blind,1.429,0,0
30001181,EX-0LQ,10000014,Catch,30001205,CB4-Q2,10000014,Catch,1.623,0,0
30003281,EZA-FM,10000041,Syndicate,30003282,8-JYPM,10000041,Syndicate,0.68,0,0
30003281,EZA-FM,10000041,Syndicate,30003285,JH-M2W,10000041,Syndicate,0.885,0,0
30003281,EZA-FM,10000041,Syndicate,30003283,PVH8-0,10000041,Syndicate,0.605,0,0
30001769,EZWQ-X,10000021,Outer Passage,30001770,2ULC-J,10000021,Outer Passage,0.633,0,0
30003441,Earwik,10000042,Metropolis,30003442,Finanar,10000042,Metropolis,0.506,0,0
30003441,Earwik,10000042,Metropolis,30003445,Iluin,10000042,Metropolis,1.452,0,0
30003441,Earwik,10000042,Metropolis,30003443,Moselgi,10000042,Metropolis,1.075,0,0
30002281,Eba,10000043,Domain,30002282,Bhizheba,10000043,Domain,0.828,0,0
30002281,Eba,10000043,Domain,30023489,Fora,10000043,Domain,0.448,0,1
30005291,Ebasez,10000067,Genesis,30005294,Bania,10000067,Genesis,0.52,0,0
30002269,Ebo,10000043,Domain,30002270,Avair,10000043,Domain,1.938,0,0
30002269,Ebo,10000043,Domain,30002273,Porsharrah,10000043,Domain,3.227,0,0
30002269,Ebo,10000043,Domain,30002271,Rayl,10000043,Domain,2.16,0,0
30002094,Ebolfer,10000042,Metropolis,30002095,Eszur,10000042,Metropolis,0.709,0,0
30002277,Ebtesham,10000043,Domain,30002278,Artoun,10000043,Domain,0.505,0,0
30002277,Ebtesham,10000043,Domain,30002279,Safizon,10000043,Domain,0.951,0,0
30003911,Edani,10000049,Khanid,30003912,Danera,10000049,Khanid,1.301,0,0
30003911,Edani,10000049,Khanid,30003914,Rahabeda,10000049,Khanid,2.931,0,0
30003911,Edani,10000049,Khanid,30003916,Rilera,10000049,Khanid,3.576,0,0
30002552,Eddar,10000030,Heimatar,30002561,Auren,10000030,Heimatar,1.069,0,0
30002552,Eddar,10000030,Heimatar,30002562,Trer,10000030,Heimatar,0.959,0,1
30004256,Edilkam,10000054,Aridia,30004260,Yiratal,10000054,Aridia,1.175,0,0
30002518,Edmalbrurdus,10000030,Heimatar,30002519,Kronsur,10000030,Heimatar,1.143,0,0
30002518,Edmalbrurdus,10000030,Heimatar,30032505,Todeko,10000030,Heimatar,0.236,0,1
30003892,Efa,10000049,Khanid,30004019,3-FKCZ,10000050,Querious,6.382,1,0
30003892,Efa,10000049,Khanid,30003893,Moro,10000049,Khanid,0.794,0,0
30003892,Efa,10000049,Khanid,30003894,Sabusi,10000049,Khanid,1.251,0,0
30004297,Efu,10000054,Aridia,30004298,Tisot,10000054,Aridia,0.837,0,0
30003401,Egbonbet,10000042,Metropolis,30003407,Tamekamur,10000042,Metropolis,0.782,0,0
30002693,Egghelende,10000032,Sinq Laison,30002698,Aliette,10000032,Sinq Laison,1.086,0,0
30002693,Egghelende,10000032,Sinq Laison,30002695,Ation,10000032,Sinq Laison,0.839,0,0
30002693,Egghelende,10000032,Sinq Laison,30002716,Aurcel,10000032,Sinq Laison,1.218,0,0
30002693,Egghelende,10000032,Sinq Laison,30002694,Odette,10000032,Sinq Laison,0.418,0,0
30003605,Eggheron,10000044,Solitude,30003823,Kenninck,10000048,Placid,2.022,1,0
30003605,Eggheron,10000044,Solitude,30003606,Toustain,10000044,Solitude,0.971,0,0
30002660,Eglennaert,10000032,Sinq Laison,30002661,Botane,10000032,Sinq Laison,1.918,0,0
30002660,Eglennaert,10000032,Sinq Laison,30002715,Bourynes,10000032,Sinq Laison,1.322,0,0
30002099,Egmar,10000042,Metropolis,30002517,Gulmorogod,10000030,Heimatar,6.272,1,0
30002099,Egmar,10000042,Metropolis,30002100,Taff,10000042,Metropolis,1.125,0,1
30002997,Ehnoum,10000036,Devoid,30002999,Shastal,10000036,Devoid,0.877,0,0
30002997,Ehnoum,10000036,Devoid,30002998,Upper Debyl,10000036,Devoid,0.713,0,0
30002555,Eifer,10000030,Heimatar,30002557,Atgur,10000030,Heimatar,0.681,0,0
30002555,Eifer,10000030,Heimatar,30002558,Endrulf,10000030,Heimatar,1.177,0,0
30002555,Eifer,10000030,Heimatar,30002556,Gusandall,10000030,Heimatar,0.808,0,0
30003393,Eiluvodi,10000042,Metropolis,30003394,Freatlidur,10000042,Metropolis,0.58,0,0
30003393,Eiluvodi,10000042,Metropolis,30003395,Roleinn,10000042,Metropolis,1.276,0,0
30002740,Eitu,10000033,The Citadel,30002742,Erila,10000033,The Citadel,1.309,0,1
30002740,Eitu,10000033,The Citadel,30002741,Horkkisen,10000033,The Citadel,0.437,0,1
30000083,Ejahi,10000001,Derelik,30000087,Gelhan,10000001,Derelik,0.761,0,1
30003494,Ekid,10000043,Domain,30003496,Nakri,10000043,Domain,0.742,0,0
30005317,Ekuenbiron,10000068,Verge Vendor,30005319,Raneilles,10000068,Verge Vendor,0.974,0,0
30001378,Ekura,10000016,Lonetrek,30001392,Amsen,10000016,Lonetrek,1.061,0,0
30001378,Ekura,10000016,Lonetrek,30011392,Jouvulen,10000016,Lonetrek,0.334,0,1
30001434,Elanoda,10000016,Lonetrek,30001435,Ohbochi,10000016,Lonetrek,0.807,0,0
30003044,Elarel,10000037,Everyshore,30003057,Groothese,10000037,Everyshore,1.128,0,0
30003462,Eldjaerin,10000042,Metropolis,30003464,Aldik,10000042,Metropolis,0.739,0,0
30003462,Eldjaerin,10000042,Metropolis,30003463,Erlendur,10000042,Metropolis,0.767,0,0
30002398,Eldulf,10000028,Molden Heath,30002400,Varigne,10000028,Molden Heath,0.684,0,0
30005315,Eletta,10000068,Verge Vendor,30035305,Clacille,10000068,Verge Vendor,0.448,0,1
30005315,Eletta,10000068,Verge Vendor,30005316,Luse,10000068,Verge Vendor,0.38,0,0
30005315,Eletta,10000068,Verge Vendor,30005318,Vay,10000068,Verge Vendor,1.044,0,0
30003412,Elgoi,10000042,Metropolis,30003413,Eram,10000042,Metropolis,0.828,0,0
30003412,Elgoi,10000042,Metropolis,30003453,Orduin,10000042,Metropolis,0.6,0,1
30005313,Ellmay,10000068,Verge Vendor,30005314,Theruesse,10000068,Verge Vendor,0.477,0,1
30004149,Elmed,10000052,Kador,30004150,Shaggoth,10000052,Kador,0.88,0,0
30004149,Elmed,10000052,Kador,30004151,Ustnia,10000052,Kador,0.833,0,0
30001399,Elonaya,10000016,Lonetrek,30001400,Litiura,10000016,Lonetrek,2.025,0,0
30001399,Elonaya,10000016,Lonetrek,30001401,Nonni,10000016,Lonetrek,1.465,0,0
30001399,Elonaya,10000016,Lonetrek,30001403,Piak,10000016,Lonetrek,1.427,0,0
30003570,Elore,10000044,Solitude,30003571,Anckee,10000044,Solitude,0.468,0,0
30002548,Emolgranlan,10000030,Heimatar,30002555,Eifer,10000030,Heimatar,0.524,0,0
30001672,Emrayur,10000020,Tash-Murkon,30001687,Lossa,10000020,Tash-Murkon,1.802,0,0
30001672,Emrayur,10000020,Tash-Murkon,30001673,Shesha,10000020,Tash-Murkon,0.969,0,0
30001672,Emrayur,10000020,Tash-Murkon,30001733,Tew,10000020,Tash-Murkon,0.828,0,0
30005202,Emsar,10000067,Genesis,30005214,Ashokon,10000067,Genesis,0.885,0,0
30005082,Enal,10000065,Kor-Azor,30005083,Jedandan,10000065,Kor-Azor,0.815,0,0
30045339,Enaluri,10000069,Black Rise,30045342,Akidagi,10000069,Black Rise,1.948,0,0
30045339,Enaluri,10000069,Black Rise,30045341,Hallanen,10000069,Black Rise,1.458,0,0
30045339,Enaluri,10000069,Black Rise,30045344,Nennamaila,10000069,Black Rise,0.883,0,0
30001430,Endatoh,10000016,Lonetrek,30001431,Aivoli,10000016,Lonetrek,0.669,0,0
30002769,Enderailen,10000033,The Citadel,30002772,Rairomon,10000033,The Citadel,1.343,0,0
30003045,Enedore,10000037,Everyshore,30003051,Antollare,10000037,Everyshore,0.513,0,0
30003045,Enedore,10000037,Everyshore,30003047,Averon,10000037,Everyshore,0.823,0,0
30003045,Enedore,10000037,Everyshore,30003049,Laic,10000037,Everyshore,1.064,0,0
30003045,Enedore,10000037,Everyshore,30003054,Scuelazyns,10000037,Everyshore,0.911,0,0
30003454,Engosi,10000042,Metropolis,30003455,Atonder,10000042,Metropolis,0.722,0,0
30003454,Engosi,10000042,Metropolis,30003457,Ridoner,10000042,Metropolis,0.429,0,0
30002412,Ennur,10000028,Molden Heath,30003465,Tabbetzur,10000042,Metropolis,4.332,1,0
30003413,Eram,10000042,Metropolis,30003415,Aldagolf,10000042,Metropolis,0.909,0,0
30003413,Eram,10000042,Metropolis,30003414,Yrmori,10000042,Metropolis,0.577,0,0
30002810,Eranakko,10000033,The Citadel,30002811,Onatoh,10000033,The Citadel,0.982,0,0
30002969,Eredan,10000036,Devoid,30002973,Lisudeh,10000036,Devoid,0.938,0,0
30002969,Eredan,10000036,Devoid,30002974,Mehatoor,10000036,Devoid,0.651,0,0
30001371,Erenta,10000016,Lonetrek,30001415,Kuoka,10000016,Lonetrek,0.798,0,0
30003078,Erkinen,10000038,The Bleak Lands,30003092,Komaa,10000038,The Bleak Lands,0.704,0,1
30003463,Erlendur,10000042,Metropolis,30003467,Frulegur,10000042,Metropolis,0.991,0,0
30002640,Erme,10000032,Sinq Laison,30002661,Botane,10000032,Sinq Laison,0.92,0,0
30002640,Erme,10000032,Sinq Laison,30002671,Nausschie,10000032,Sinq Laison,0.904,0,0
30002640,Erme,10000032,Sinq Laison,30004993,Villore,10000064,Essence,4.779,1,0
30003425,Erstet,10000042,Metropolis,30003426,Anstard,10000042,Metropolis,0.579,0,0
30003419,Erstur,10000042,Metropolis,30003421,Libold,10000042,Metropolis,0.672,0,1
30004259,Ertoo,10000054,Aridia,30004261,Balas,10000054,Aridia,3.374,0,0
30000203,Eruka,10000002,The Forge,30000207,Osaa,10000002,The Forge,0.736,0,0
30003867,Ervekam,10000049,Khanid,30005041,Masanuh,10000065,Kor-Azor,0.609,1,0
30003867,Ervekam,10000049,Khanid,30003868,Mashtarmem,10000049,Khanid,0.432,0,0
30003867,Ervekam,10000049,Khanid,30003869,Sehsasez,10000049,Khanid,0.621,0,0
30003867,Ervekam,10000049,Khanid,30003872,Yezara,10000049,Khanid,0.743,0,0
30001736,Esa,10000020,Tash-Murkon,30001742,Kari,10000020,Tash-Murkon,0.888,0,0
30002964,Esescama,10000036,Devoid,30002965,Choonka,10000036,Devoid,1.406,0,0
30002964,Esescama,10000036,Devoid,30002968,Dital,10000036,Devoid,2.237,0,0
30002964,Esescama,10000036,Devoid,30002991,Uadelah,10000036,Devoid,2.928,0,0
30000028,Eshtah,10000001,Derelik,30000064,Zet,10000001,Derelik,2.045,0,0
30002730,Esmes,10000032,Sinq Laison,30003478,Basan,10000043,Domain,2.461,1,0
30002260,Esteban,10000043,Domain,30002269,Ebo,10000043,Domain,1.323,0,0
30002260,Esteban,10000043,Domain,30002261,Luromooh,10000043,Domain,1.083,0,0
30004287,Esubara,10000054,Aridia,30004288,Ghekon,10000054,Aridia,0.913,0,0
30002095,Eszur,10000042,Metropolis,30002096,Hofjaldgund,10000042,Metropolis,0.936,0,0
30002095,Eszur,10000042,Metropolis,30002539,Siseide,10000030,Heimatar,3.409,1,0
30003517,Etav,10000043,Domain,30003519,Lahnina,10000043,Domain,0.969,0,0
30003033,Ethernity,10000037,Everyshore,30003035,Gicodel,10000037,Everyshore,0.894,0,0
30003033,Ethernity,10000037,Everyshore,30003034,Mattere,10000037,Everyshore,0.503,0,0
30003825,Eugales,10000048,Placid,30003827,Aubenall,10000048,Placid,0.506,0,0
30003825,Eugales,10000048,Placid,30003826,Frarie,10000048,Placid,0.744,0,0
30003825,Eugales,10000048,Placid,30003828,Moclinamaud,10000048,Placid,1.114,0,0
30003381,Eust,10000042,Metropolis,30003382,Flost,10000042,Metropolis,1.488,0,0
30003381,Eust,10000042,Metropolis,30003386,Ongund,10000042,Metropolis,0.857,0,0
30003381,Eust,10000042,Metropolis,30003383,Todrir,10000042,Metropolis,2.574,0,1
30002060,Evati,10000042,Metropolis,30002066,Arnher,10000042,Metropolis,0.847,0,0
30002060,Evati,10000042,Metropolis,30002065,Lasleinur,10000042,Metropolis,0.548,0,0
30002060,Evati,10000042,Metropolis,30002061,Ofstold,10000042,Metropolis,0.64,0,0
30002060,Evati,10000042,Metropolis,30002062,Todifrauan,10000042,Metropolis,1.766,0,0
30003839,Evaulon,10000048,Placid,30003840,Anchauttes,10000048,Placid,1.004,0,0
30003408,Evettullur,10000042,Metropolis,30003431,Tratokard,10000042,Metropolis,1.328,0,0
30003385,Evuldgenzo,10000042,Metropolis,30003386,Ongund,10000042,Metropolis,2.49,0,0
30005281,Exit,10000067,Genesis,30005282,Gateway,10000067,Genesis,1.23,0,1
30003392,Eygfe,10000042,Metropolis,30003416,Aldrat,10000042,Metropolis,0.488,0,1
30003392,Eygfe,10000042,Metropolis,30003422,Wirdalen,10000042,Metropolis,0.706,0,0
30002543,Eystur,10000030,Heimatar,30012547,Hadaugago,10000030,Heimatar,0.448,0,1
30002543,Eystur,10000030,Heimatar,30002545,Lustrevik,10000030,Heimatar,1.776,0,0
30002543,Eystur,10000030,Heimatar,30003388,Olbra,10000042,Metropolis,0.562,1,0
30002543,Eystur,10000030,Heimatar,30002544,Pator,10000030,Heimatar,1.051,0,0
30002543,Eystur,10000030,Heimatar,30002573,Vullat,10000030,Heimatar,1.908,0,0
30002085,Eytjangard,10000042,Metropolis,30002089,Avenod,10000042,Metropolis,0.563,0,0
30002085,Eytjangard,10000042,Metropolis,30002087,Isbrabata,10000042,Metropolis,0.598,0,0
30000559,F-3FOY,10000006,Wicked Creek,30000562,5DE-QS,10000006,Wicked Creek,0.737,0,0
30000559,F-3FOY,10000006,Wicked Creek,30000593,GRHS-B,10000006,Wicked Creek,0.846,0,0
30002598,F-3H2P,10000031,Impass,30002619,6E-MOW,10000031,Impass,0.685,0,1
30000666,F-5FDA,10000008,Scalding Pass,30000939,9-34L5,10000011,Great Wildlands,1.303,1,0
30000666,F-5FDA,10000008,Scalding Pass,30000668,9PX2-F,10000008,Scalding Pass,1.225,0,0
30000666,F-5FDA,10000008,Scalding Pass,30000667,S1-XTL,10000008,Scalding Pass,1.252,0,1
30000666,F-5FDA,10000008,Scalding Pass,30000926,TET3-B,10000011,Great Wildlands,1.305,1,0
30005103,F-5WYK,10000066,Perrigen Falls,30005104,EF-QZK,10000066,Perrigen Falls,1.119,0,1
30000856,F-749O,10000010,Tribute,30000860,AW1-2I,10000010,Tribute,0.684,0,0
30003192,F-816R,10000040,Oasa,30003193,DS3-6A,10000040,Oasa,1.947,0,0
30004784,F-9PXR,10000060,Delve,30004785,Y5C-YD,10000060,Delve,0.952,0,1
30003737,F-DTOO,10000047,Providence,30003738,5KG-PY,10000047,Providence,0.659,0,1
30000578,F-EM4Q,10000006,Wicked Creek,30000580,MN-Q26,10000006,Wicked Creek,0.766,0,1
30000897,F-G7BO,10000010,Tribute,30000898,2CG-5V,10000010,Tribute,0.717,0,0
30005183,F-HQWV,10000066,Perrigen Falls,30005184,F-A3TR,10000066,Perrigen Falls,0.281,0,0
30004929,F-M1FU,10000063,Period Basis,30004931,VR-YIQ,10000063,Period Basis,1.522,0,0
30000934,F-MKH3,10000011,Great Wildlands,30000935,ZM-DNR,10000011,Great Wildlands,1.114,0,0
30002019,F-NMX6,10000023,Pure Blind,30002029,B-9C24,10000023,Pure Blind,0.861,0,0
30004032,F-NXLQ,10000050,Querious,30004036,3D5K-R,10000050,Querious,0.606,0,0
30004032,F-NXLQ,10000050,Querious,30004033,ES-Q0W,10000050,Querious,0.737,0,0
30004032,F-NXLQ,10000050,Querious,30004034,H74-B0,10000050,Querious,0.72,0,0
30004032,F-NXLQ,10000050,Querious,30004035,NU4-2G,10000050,Querious,1.264,0,1
30000572,F-QQ5N,10000006,Wicked Creek,30000573,1-7B6D,10000006,Wicked Creek,0.522,0,0
30000572,F-QQ5N,10000006,Wicked Creek,30000579,1L-OEK,10000006,Wicked Creek,0.935,0,1
30000572,F-QQ5N,10000006,Wicked Creek,30000576,4-EFLU,10000006,Wicked Creek,1.002,0,0
30000572,F-QQ5N,10000006,Wicked Creek,30000575,U-HVIX,10000006,Wicked Creek,0.829,0,0
30000853,F-RT6Q,10000010,Tribute,30000860,AW1-2I,10000010,Tribute,1.292,0,0
30000853,F-RT6Q,10000010,Tribute,30000854,B-S42H,10000010,Tribute,0.76,0,0
30000853,F-RT6Q,10000010,Tribute,30000856,F-749O,10000010,Tribute,0.667,0,0
30000853,F-RT6Q,10000010,Tribute,30000862,N-FK87,10000010,Tribute,0.431,0,0
30001064,F-TQWO,10000013,Malpais,30001065,0-TRV1,10000013,Malpais,0.799,0,0
30001064,F-TQWO,10000013,Malpais,30001067,6UT-1K,10000013,Malpais,1.15,0,1
30001906,F-TVAP,10000022,Stain,30001907,6Y-0TW,10000022,Stain,1.055,0,1
30003126,F-UVBV,10000039,Esoteria,30003127,R-FM0G,10000039,Esoteria,0.61,0,0
30003126,F-UVBV,10000039,Esoteria,30003128,TEIZ-C,10000039,Esoteria,0.541,0,0
30003126,F-UVBV,10000039,Esoteria,30003130,V-XANH,10000039,Esoteria,1.652,0,0
30001087,F-WZYG,10000013,Malpais,30001130,DOA-YU,10000013,Malpais,1.431,0,0
30004503,F-XWIN,10000057,Outer Ring,30004504,4C-B7X,10000057,Outer Ring,1.325,0,0
30003751,F-YH5B,10000047,Providence,30003786,3D-CQU,10000047,Providence,3.022,0,0
30003751,F-YH5B,10000047,Providence,30003759,LF-2KP,10000047,Providence,1.777,0,0
30004867,F-ZBO0,10000061,Tenerifis,30004868,3Q1T-O,10000061,Tenerifis,0.696,0,0
30005187,F18-AY,10000066,Perrigen Falls,30005188,RZ8A-P,10000066,Perrigen Falls,0.906,0,0
30000804,F2A-GX,10000009,Insmother,30000805,RD-FWY,10000009,Insmother,0.843,0,1
30000804,F2A-GX,10000009,Insmother,30000806,VBPT-T,10000009,Insmother,0.56,0,1
30004013,F2OY-X,10000050,Querious,30004710,1DH-SX,10000060,Delve,1.202,1,0
30004013,F2OY-X,10000050,Querious,30004014,4-2UXV,10000050,Querious,1.327,0,0
30000497,F2W-C6,10000005,Detorid,30000498,KZ9T-C,10000005,Detorid,1.941,0,0
30002826,F48K-D,10000034,The Kalevala Expanse,30002881,FB5U-I,10000034,The Kalevala Expanse,0.427,0,1
30001171,F4R2-Q,10000014,Catch,30001175,VA6-DR,10000014,Catch,0.69,0,0
30001171,F4R2-Q,10000014,Catch,30001173,WLAR-J,10000014,Catch,1.132,0,1
30000959,F5-CGW,10000011,Great Wildlands,30000960,H9S-WC,10000011,Great Wildlands,1.107,0,1
30000600,F5M-CC,10000006,Wicked Creek,30000601,TZE-UB,10000006,Wicked Creek,0.396,0,1
30003269,F67E-Q,10000041,Syndicate,30003271,Poitot,10000041,Syndicate,0.865,0,0
30002381,F69O-M,10000027,Etherium Reach,30002382,T-IDGH,10000027,Etherium Reach,0.795,0,1
30001957,F7-ICZ,10000022,Stain,30001962,NRT4-U,10000022,Stain,1.32,0,0
30001957,F7-ICZ,10000022,Stain,30001959,T-NNJZ,10000022,Stain,0.75,0,0
30000981,F7A-MR,10000011,Great Wildlands,30000995,0-3VW8,10000011,Great Wildlands,1.099,0,0
30000913,F8K-WQ,10000011,Great Wildlands,30000914,AB-FZE,10000011,Great Wildlands,1.344,0,0
30000913,F8K-WQ,10000011,Great Wildlands,30000923,CRXA-Y,10000011,Great Wildlands,1.964,0,0
30000913,F8K-WQ,10000011,Great Wildlands,30000917,NE-3GR,10000011,Great Wildlands,0.963,0,0
30000913,F8K-WQ,10000011,Great Wildlands,30000916,YUY-LM,10000011,Great Wildlands,0.671,0,1
30002320,F9-FUV,10000027,Etherium Reach,30002322,RO-0PZ,10000027,Etherium Reach,0.962,0,1
30001153,F9E-KX,10000014,Catch,30003709,D-GTMI,10000047,Providence,0.905,1,0
30001153,F9E-KX,10000014,Catch,30001158,SV5-8N,10000014,Catch,1.098,0,0
30000500,F9O-U9,10000005,Detorid,30000505,QIMO-2,10000005,Detorid,0.623,0,0
30000500,F9O-U9,10000005,Detorid,30000501,S-51XG,10000005,Detorid,0.704,0,0
30001888,F9SX-1,10000022,Stain,30001889,0G-A25,10000022,Stain,0.633,0,1
30001888,F9SX-1,10000022,Stain,30001890,WJO0-G,10000022,Stain,1.058,0,1
30000233,FA-DMO,10000003,Vale of the Silent,30000236,N-5QPW,10000003,Vale of the Silent,0.893,0,1
30000233,FA-DMO,10000003,Vale of the Silent,30000235,Q-R3GP,10000003,Vale of the Silent,0.667,0,0
30001256,FAT-6P,10000014,Catch,30001258,25S-6P,10000014,Catch,2.579,0,0
30002321,FB-MPY,10000027,Etherium Reach,30002836,A-YB15,10000034,The Kalevala Expanse,1.959,1,0
30002881,FB5U-I,10000034,The Kalevala Expanse,30002882,BZ-BCK,10000034,The Kalevala Expanse,0.886,0,1
30002827,FBH-JN,10000034,The Kalevala Expanse,30002850,B1UE-J,10000034,The Kalevala Expanse,0.507,0,1
30002827,FBH-JN,10000034,The Kalevala Expanse,30002828,BVRQ-O,10000034,The Kalevala Expanse,0.795,0,1
30002827,FBH-JN,10000034,The Kalevala Expanse,30002831,SH6X-F,10000034,The Kalevala Expanse,0.939,0,1
30003718,FC-3YI,10000047,Providence,30003720,5IO8-U,10000047,Providence,1.409,0,0
30003718,FC-3YI,10000047,Providence,30003719,QR-K85,10000047,Providence,0.876,0,0
30003276,FD-MLJ,10000041,Syndicate,30003277,PF-346,10000041,Syndicate,2.086,0,0
30003276,FD-MLJ,10000041,Syndicate,30003278,X-M2LR,10000041,Syndicate,1.735,0,0
30004043,FD53-H,10000051,Cloud Ring,30004044,O-ZXUV,10000051,Cloud Ring,0.878,0,0
30002423,FDZ4-A,10000029,Geminate,30002428,M-MD31,10000029,Geminate,0.456,0,0
30002423,FDZ4-A,10000029,Geminate,30002426,Roua,10000029,Geminate,0.844,0,1
30004821,FE-6YQ,10000061,Tenerifis,30004823,M-4KDB,10000061,Tenerifis,1.298,0,0
30002628,FG-1GH,10000031,Impass,30002631,DDI-B7,10000031,Impass,2.262,0,0
30002628,FG-1GH,10000031,Impass,30002629,WFYM-0,10000031,Impass,0.852,0,0
30002345,FGJP-J,10000027,Etherium Reach,30002346,89-JPE,10000027,Etherium Reach,0.733,0,0
30002345,FGJP-J,10000027,Etherium Reach,30002348,WU9-ZR,10000027,Etherium Reach,0.397,0,0
30000226,FH-TTC,10000003,Vale of the Silent,30000227,FMBR-8,10000003,Vale of the Silent,0.625,0,0
30000226,FH-TTC,10000003,Vale of the Silent,30000280,MQ-O27,10000003,Vale of the Silent,0.855,0,0
30001344,FHB-QA,10000015,Venal,30001348,G9D-XW,10000015,Venal,0.63,0,0
30001344,FHB-QA,10000015,Venal,30001345,Z3U-GI,10000015,Venal,1.221,0,0
30000495,FIDY-8,10000005,Detorid,30000496,X40H-9,10000005,Detorid,0.902,0,0
30003691,FIO1-8,10000046,Fade,30003695,8W-OSE,10000046,Fade,0.887,0,0
30003691,FIO1-8,10000046,Fade,30003694,E9KD-N,10000046,Fade,0.536,0,0
30002316,FKR-SR,10000027,Etherium Reach,30002356,HV-EAP,10000027,Etherium Reach,0.799,0,0
30005101,FLK-LJ,10000066,Perrigen Falls,30005102,0FG-KS,10000066,Perrigen Falls,0.851,0,0
30004732,FM-JK5,10000060,Delve,30004736,4X0-8B,10000060,Delve,1.008,0,0
30004732,FM-JK5,10000060,Delve,30004733,PDE-U3,10000060,Delve,1.143,0,1
30002898,FMB-JP,10000035,Deklein,30002899,0P-F3K,10000035,Deklein,1.108,0,1
30002898,FMB-JP,10000035,Deklein,30002901,TXME-A,10000035,Deklein,1.644,0,0
30000227,FMBR-8,10000003,Vale of the Silent,30000295,VI2K-J,10000003,Vale of the Silent,1.272,0,0
30000484,FMH-OV,10000005,Detorid,30000498,KZ9T-C,10000005,Detorid,8.287,0,0
30002156,FN-DSR,10000025,Immensea,30002158,7-ZT1Y,10000025,Immensea,0.665,0,1
30000809,FN0-QS,10000009,Insmother,30000813,LVL-GZ,10000009,Insmother,0.904,0,0
30000809,FN0-QS,10000009,Insmother,30000812,TTP-2B,10000009,Insmother,0.59,0,0
30001544,FO1U-K,10000018,The Spire,30001545,6U-1RX,10000018,The Spire,0.737,0,0
30002891,FO8M-2,10000035,Deklein,30002893,QPO-WI,10000035,Deklein,0.548,0,0
30002891,FO8M-2,10000035,Deklein,30002894,R8S-1K,10000035,Deklein,1.182,0,0
30001148,FO9-FZ,10000013,Malpais,30001150,0-N1BJ,10000013,Malpais,0.579,0,1
30001148,FO9-FZ,10000013,Malpais,30001149,4QY-NT,10000013,Malpais,0.774,0,1
30004058,FQ9W-C,10000051,Cloud Ring,30004059,9-4RP2,10000051,Cloud Ring,0.735,0,0
30002630,FR-B1H,10000031,Impass,30002631,DDI-B7,10000031,Impass,0.989,0,0
30000478,FR46-E,10000005,Detorid,30000508,SAI-T9,10000005,Detorid,0.556,0,0
30000478,FR46-E,10000005,Detorid,30000514,U0W-DR,10000005,Detorid,0.586,0,0
30002180,FRTC-5,10000025,Immensea,30002184,DR-427,10000025,Immensea,1.166,0,1
30002180,FRTC-5,10000025,Immensea,30002181,M-ZJWJ,10000025,Immensea,1.409,0,0
30003710,FSW-3C,10000047,Providence,30003711,FX-7EM,10000047,Providence,1.055,0,0
30003710,FSW-3C,10000047,Providence,30003713,G7AQ-7,10000047,Providence,0.937,0,0
30001852,FV-SE8,10000022,Stain,30001853,FZSW-Y,10000022,Stain,0.938,0,0
30004161,FV-YEA,10000053,Cobalt Edge,30004162,J-A5QD,10000053,Cobalt Edge,0.664,0,0
30004161,FV-YEA,10000053,Cobalt Edge,30004164,SK7-G6,10000053,Cobalt Edge,1.945,0,0
30004197,FV1-RQ,10000053,Cobalt Edge,30004198,QT-EBC,10000053,Cobalt Edge,0.841,0,0
30001775,FVQF-W,10000021,Outer Passage,30001779,0-4VQL,10000021,Outer Passage,1.113,0,0
30000906,FVXK-D,10000011,Great Wildlands,30000909,2X7Z-L,10000011,Great Wildlands,1.265,0,0
30000906,FVXK-D,10000011,Great Wildlands,30000977,P7UZ-T,10000011,Great Wildlands,0.868,0,0
30002021,FWA-4V,10000023,Pure Blind,30002022,RZC-16,10000023,Pure Blind,0.967,0,0
30004718,FWST-8,10000060,Delve,30004721,G-TT5V,10000060,Delve,0.92,0,1
30004718,FWST-8,10000060,Delve,30004719,YZ9-F6,10000060,Delve,1.175,0,0
30003711,FX-7EM,10000047,Providence,30003712,MH9C-S,10000047,Providence,0.992,0,0
30000835,FX4L-2,10000009,Insmother,30000836,1ZF-PJ,10000009,Insmother,0.679,0,0
30003213,FZCR-3,10000040,Oasa,30003214,5-9L3H,10000040,Oasa,0.99,0,0
30001853,FZSW-Y,10000022,Stain,30001854,UF-KKH,10000022,Stain,0.798,0,0
30002878,FZX-PU,10000034,The Kalevala Expanse,30002879,O9K-FT,10000034,The Kalevala Expanse,1.691,0,0
30002221,Fabin,10000043,Domain,30003546,Maiah,10000043,Domain,1.274,0,0
30003473,Fahruni,10000043,Domain,30003476,Ealur,10000043,Domain,1.379,0,0
30003473,Fahruni,10000043,Domain,30004077,Hiroudeh,10000052,Kador,1.448,1,0
30003002,Faktun,10000036,Devoid,30003004,Ulerah,10000036,Devoid,0.639,0,0
30003938,Fanathor,10000049,Khanid,30003940,Pout,10000049,Khanid,0.553,0,0
30000044,Faspera,10000001,Derelik,30000045,Jaymass,10000001,Derelik,1.25,0,0
30000044,Faspera,10000001,Derelik,30000046,Mifrata,10000001,Derelik,2.522,0,0
30002651,Fasse,10000032,Sinq Laison,30002696,Stegette,10000032,Sinq Laison,1.798,0,0
30003541,Faswiba,10000043,Domain,30003542,Hayumtom,10000043,Domain,1.381,0,1
30002643,Faurent,10000032,Sinq Laison,30002644,Ambeke,10000032,Sinq Laison,0.589,0,0
30002643,Faurent,10000032,Sinq Laison,30002645,Carrou,10000032,Sinq Laison,1.018,0,0
30002643,Faurent,10000032,Sinq Laison,30002646,Direrie,10000032,Sinq Laison,1.051,0,0
30003599,Faurulle,10000044,Solitude,30003600,Agaullores,10000044,Solitude,0.668,0,0
30003599,Faurulle,10000044,Solitude,30003601,Babirmoult,10000044,Solitude,1.235,0,0
30002408,Fegomenko,10000028,Molden Heath,30002410,Mimiror,10000028,Molden Heath,0.869,0,0
30002408,Fegomenko,10000028,Molden Heath,30002409,Osvetur,10000028,Molden Heath,0.983,0,0
30005030,Fensi,10000065,Kor-Azor,30005035,Ami,10000065,Kor-Azor,1.289,0,0
30005030,Fensi,10000065,Kor-Azor,30005034,Bridi,10000065,Kor-Azor,0.841,0,0
30005030,Fensi,10000065,Kor-Azor,30005031,Nebian,10000065,Kor-Azor,0.917,0,0
30005030,Fensi,10000065,Kor-Azor,30005080,Rannoze,10000065,Kor-Azor,0.984,0,0
30001709,Ferira,10000020,Tash-Murkon,30001710,Yeder,10000020,Tash-Murkon,0.719,0,0
30004254,Fihrneh,10000054,Aridia,30004256,Edilkam,10000054,Aridia,0.649,0,0
30004254,Fihrneh,10000054,Aridia,30004266,Gesh,10000054,Aridia,1.144,0,0
30004254,Fihrneh,10000054,Aridia,30004257,Hakatiz,10000054,Aridia,0.572,0,0
30004254,Fihrneh,10000054,Aridia,30004255,Parouz,10000054,Aridia,0.636,0,1
30003442,Finanar,10000042,Metropolis,30003444,Mateber,10000042,Metropolis,0.781,0,0
30004110,Finid,10000052,Kador,30004111,Yarebap,10000052,Kador,0.675,0,1
30004980,Fliet,10000064,Essence,30004981,Actee,10000064,Essence,0.927,0,0
30004980,Fliet,10000064,Essence,30004985,Deven,10000064,Essence,0.516,0,0
30002082,Floseswin,10000042,Metropolis,30002084,Aset,10000042,Metropolis,0.871,0,0
30002082,Floseswin,10000042,Metropolis,30002083,Uisper,10000042,Metropolis,0.425,0,0
30003382,Flost,10000042,Metropolis,30003385,Evuldgenzo,10000042,Metropolis,1.671,0,0
30003382,Flost,10000042,Metropolis,30003387,Jondik,10000042,Metropolis,1.534,0,0
30002677,Fluekele,10000032,Sinq Laison,30002678,Alsottobier,10000032,Sinq Laison,0.773,0,0
30002677,Fluekele,10000032,Sinq Laison,30002679,Jolia,10000032,Sinq Laison,0.6,0,0
30004303,Fobiner,10000054,Aridia,30004305,Esaeel,10000054,Aridia,0.709,0,1
30004303,Fobiner,10000054,Aridia,30004304,Huna,10000054,Aridia,0.352,0,0
30004303,Fobiner,10000054,Aridia,30004306,Karan,10000054,Aridia,0.976,0,0
30004303,Fobiner,10000054,Aridia,30004307,Nouta,10000054,Aridia,1.235,0,1
30100035,Forte,10001004,Exordium,30100048,Adroit,10001004,Exordium,0.441,0,1
30100035,Forte,10001004,Exordium,30100039,Celerity,10001004,Exordium,0.234,0,0
30100035,Forte,10001004,Exordium,30100050,Erudite,10001004,Exordium,0.352,0,1
30100035,Forte,10001004,Exordium,30100041,Rigor,10001004,Exordium,0.201,0,0
30100035,Forte,10001004,Exordium,30100049,Sagacity,10001004,Exordium,0.154,0,1
30100035,Forte,10001004,Exordium,30100043,Steadfast,10001004,Exordium,0.679,0,0
30100034,Fortitude,10001004,Exordium,30100037,Decorum,10001004,Exordium,0.395,0,0
30100034,Fortitude,10001004,Exordium,30100035,Forte,10001004,Exordium,0.49,0,0
30100034,Fortitude,10001004,Exordium,30100038,Lustre,10001004,Exordium,0.164,0,0
30100034,Fortitude,10001004,Exordium,30100057,Tiberis,10001004,Exordium,1.324,0,1
30100034,Fortitude,10001004,Exordium,30100036,Triumph,10001004,Exordium,0.409,0,0
30002663,Foves,10000032,Sinq Laison,30002664,Alles,10000032,Sinq Laison,1.071,0,0
30002663,Foves,10000032,Sinq Laison,30002667,Chelien,10000032,Sinq Laison,0.932,0,0
30000023,Fovihi,10000001,Derelik,30000030,Kasrasi,10000001,Derelik,2.614,0,0
30000023,Fovihi,10000001,Derelik,30000024,Kiereend,10000001,Derelik,0.557,0,0
30003826,Frarie,10000048,Placid,30003828,Moclinamaud,10000048,Placid,1.607,0,0
30002526,Frarn,10000030,Heimatar,30002530,Avesber,10000030,Heimatar,0.919,0,0
30002526,Frarn,10000030,Heimatar,30002529,Gyng,10000030,Heimatar,0.499,0,0
30002526,Frarn,10000030,Heimatar,30002527,Illinfrik,10000030,Heimatar,0.746,0,0
30003036,Frarolle,10000037,Everyshore,30003037,Quier,10000037,Everyshore,0.387,0,1
30003394,Freatlidur,10000042,Metropolis,30003397,Bongveber,10000042,Metropolis,2.058,0,0
30003394,Freatlidur,10000042,Metropolis,30003395,Roleinn,10000042,Metropolis,0.746,0,0
30002090,Frerstorn,10000042,Metropolis,30002094,Ebolfer,10000042,Metropolis,0.633,0,0
30002090,Frerstorn,10000042,Metropolis,30002095,Eszur,10000042,Metropolis,1.263,0,0
30002090,Frerstorn,10000042,Metropolis,30002093,Gebuladi,10000042,Metropolis,0.709,0,0
30002090,Frerstorn,10000042,Metropolis,30002091,Ontorn,10000042,Metropolis,0.527,0,0
30002090,Frerstorn,10000042,Metropolis,30002092,Sirekur,10000042,Metropolis,0.566,0,0
30002734,Fricoure,10000032,Sinq Laison,30002735,Caretyn,10000032,Sinq Laison,0.46,0,0
30000168,Friggi,10000002,The Forge,30000169,Ihakana,10000002,The Forge,0.726,0,0
30000168,Friggi,10000002,The Forge,30000171,Otitoh,10000002,The Forge,0.754,0,0
30003467,Frulegur,10000042,Metropolis,30003468,Hroduko,10000042,Metropolis,1.389,0,0
30001364,Funtanainen,10000016,Lonetrek,30002753,Aikoro,10000033,The Citadel,1.029,1,0
30001364,Funtanainen,10000016,Lonetrek,30001365,Isikemi,10000016,Lonetrek,0.721,0,0
30001364,Funtanainen,10000016,Lonetrek,30021392,Kappas,10000016,Lonetrek,0.448,0,1
30003095,Furskeshin,10000038,The Bleak Lands,30003097,Satalama,10000038,The Bleak Lands,0.585,0,1
30000199,Fuskunen,10000002,The Forge,30003446,Ofage,10000042,Metropolis,4.092,1,0
30000017,Futzchag,10000001,Derelik,30000022,Jayneleb,10000001,Derelik,1.042,0,1
30000017,Futzchag,10000001,Derelik,30000018,Kazna,10000001,Derelik,0.844,0,1
30000017,Futzchag,10000001,Derelik,30000020,Lilmad,10000001,Derelik,1.709,0,1
30001041,G-0Q86,10000012,Curse,30100000,Zarzakh,10001000,Yasna Zakh,13.689,1,0
30003949,G-3BOG,10000050,Querious,30003950,K7D-II,10000050,Querious,2.3,0,0
30003949,G-3BOG,10000050,Querious,30003951,L-6BE1,10000050,Querious,0.867,0,0
30003703,G-5EN2,10000047,Providence,30003704,9-F0B2,10000047,Providence,0.706,0,0
30002476,G-73MR,10000029,Geminate,30002480,54-MF6,10000029,Geminate,0.746,0,0
30002476,G-73MR,10000029,Geminate,30002478,AD-5B8,10000029,Geminate,0.794,0,0
30002476,G-73MR,10000029,Geminate,30002477,E-91FV,10000029,Geminate,1.04,0,0
30001183,G-7WUF,10000014,Catch,30001184,6-MM99,10000014,Catch,0.752,0,0
30001183,G-7WUF,10000014,Catch,30001187,RNF-YH,10000014,Catch,1.621,0,1
30001227,G-AOTH,10000014,Catch,30001228,TA3T-3,10000014,Catch,0.586,0,0
30001227,G-AOTH,10000014,Catch,30001234,UL-7I8,10000014,Catch,1.629,0,0
30003772,G-B22J,10000047,Providence,30003773,X6AB-Y,10000047,Providence,0.523,0,0
30004892,G-B3PR,10000062,Omist,30004894,XPUM-L,10000062,Omist,1.968,0,0
30004876,G-D0N3,10000061,Tenerifis,30004877,T-AKQZ,10000061,Tenerifis,0.55,0,1
30000778,G-EURJ,10000009,Insmother,30000782,3U-48K,10000009,Insmother,2.026,0,0
30000778,G-EURJ,10000009,Insmother,30000797,Q-3HS5,10000009,Insmother,2.108,0,1
30000778,G-EURJ,10000009,Insmother,30000779,SHBF-V,10000009,Insmother,1.586,0,0
30001002,G-G78S,10000012,Curse,30001005,OSY-UD,10000012,Curse,0.414,0,0
30001002,G-G78S,10000012,Curse,30001003,UW9B-F,10000012,Curse,1.817,0,1
30001002,G-G78S,10000012,Curse,30001004,ZZ-ZWC,10000012,Curse,0.644,0,1
30001802,G-HE0N,10000021,Outer Passage,30001803,YC-ANK,10000021,Outer Passage,0.846,0,0
30003155,G-JC9R,10000039,Esoteria,30003156,DIBH-Q,10000039,Esoteria,1.4,0,0
30002853,G-KCFT,10000034,The Kalevala Expanse,30002860,B3ZU-H,10000034,The Kalevala Expanse,0.455,0,0
30002853,G-KCFT,10000034,The Kalevala Expanse,30002858,C3J0-O,10000034,The Kalevala Expanse,0.835,0,0
30002853,G-KCFT,10000034,The Kalevala Expanse,30002854,WNM-V0,10000034,The Kalevala Expanse,1.152,0,0
30000213,G-LOIT,10000003,Vale of the Silent,30000268,H-NOU5,10000003,Vale of the Silent,0.857,0,1
30004696,G-M4GK,10000059,Paragon Soul,30004937,TCAG-3,10000063,Period Basis,31.264,1,0
30001987,G-M4I8,10000023,Pure Blind,30001990,93PI-4,10000023,Pure Blind,1.593,0,0
30001987,G-M4I8,10000023,Pure Blind,30002002,R-2R0G,10000023,Pure Blind,1.935,0,0
30004793,G-M5L3,10000060,Delve,30004794,KBAK-I,10000060,Delve,0.837,0,0
30004962,G-Q5JU,10000063,Period Basis,30004965,Z-M5A1,10000063,Period Basis,1.06,0,1
30002301,G-QTSD,10000027,Etherium Reach,30002360,ZZ5X-M,10000027,Etherium Reach,3.839,0,0
30001036,G-R4W1,10000012,Curse,30001041,G-0Q86,10000012,Curse,0.787,0,1
30004631,G-UTHL,10000058,Fountain,30004632,38IA-E,10000058,Fountain,0.603,0,0
30004631,G-UTHL,10000058,Fountain,30004635,7BIX-A,10000058,Fountain,1.796,0,0
30004631,G-UTHL,10000058,Fountain,30004633,M-KXEH,10000058,Fountain,1.019,0,0
30001569,G-VFVB,10000018,The Spire,30001572,K-YL9T,10000018,The Spire,6.456,0,0
30003184,G-W1ND,10000040,Oasa,30003185,MZLW-9,10000040,Oasa,0.487,0,0
30003184,G-W1ND,10000040,Oasa,30003186,ND-X7X,10000040,Oasa,0.67,0,0
30004534,G-YT55,10000057,Outer Ring,30004536,G5-EN3,10000057,Outer Ring,0.705,0,0
30004534,G-YT55,10000057,Outer Ring,30004535,IZ-AOB,10000057,Outer Ring,0.413,0,0
30003133,G-YZUX,10000039,Esoteria,30003134,CZ6U-1,10000039,Esoteria,0.604,0,1
30003133,G-YZUX,10000039,Esoteria,30003135,D-PNP9,10000039,Esoteria,0.633,0,1
30003133,G-YZUX,10000039,Esoteria,30003137,P-3XVV,10000039,Esoteria,0.868,0,1
30003636,G06-8Y,10000045,Tenal,30003640,6-AOLS,10000045,Tenal,1.084,0,0
30003636,G06-8Y,10000045,Tenal,30003641,IKTD-P,10000045,Tenal,2.14,0,1
30003636,G06-8Y,10000045,Tenal,30003639,SZ6-TA,10000045,Tenal,0.716,0,0
30003636,G06-8Y,10000045,Tenal,30003637,U-O2DA,10000045,Tenal,0.872,0,0
30003636,G06-8Y,10000045,Tenal,30003638,WV-0R2,10000045,Tenal,2.562,0,1
30000537,G063-U,10000006,Wicked Creek,30000596,07-SLO,10000006,Wicked Creek,0.723,0,0
30004854,G1-0UI,10000061,Tenerifis,30004857,QLU-P0,10000061,Tenerifis,0.861,0,0
30004854,G1-0UI,10000061,Tenerifis,30004856,XUDX-A,10000061,Tenerifis,0.669,0,0
30004664,G1CA-Y,10000058,Fountain,30004666,Z-YN5Y,10000058,Fountain,0.435,0,0
30000460,G3D-ZT,10000005,Detorid,30000461,D-0UI0,10000005,Detorid,0.943,0,0
30000460,G3D-ZT,10000005,Detorid,30000464,GC-LTF,10000005,Detorid,1.416,0,1
30000460,G3D-ZT,10000005,Detorid,30000462,L8-WNE,10000005,Detorid,1.765,0,0
30000460,G3D-ZT,10000005,Detorid,30000465,NB-ALM,10000005,Detorid,0.887,0,1
30002861,G4-QU6,10000034,The Kalevala Expanse,30002862,V2-GZS,10000034,The Kalevala Expanse,0.557,0,0
30000310,G5ED-Y,10000003,Vale of the Silent,30000312,8-TFDX,10000003,Vale of the Silent,0.951,0,0
30000310,G5ED-Y,10000003,Vale of the Silent,30000311,BR-6XP,10000003,Vale of the Silent,1.027,0,0
30000310,G5ED-Y,10000003,Vale of the Silent,30000313,UL-4ZW,10000003,Vale of the Silent,1.06,0,0
30003713,G7AQ-7,10000047,Providence,30003716,I7S-1S,10000047,Providence,1.304,0,0
30003713,G7AQ-7,10000047,Providence,30003714,QBL-BV,10000047,Providence,1.743,0,1
30004061,G8AD-C,10000051,Cloud Ring,30004063,Z-Y7R7,10000051,Cloud Ring,0.518,0,0
30001982,G95-VZ,10000023,Pure Blind,30001983,ROIR-Y,10000023,Pure Blind,0.664,0,0
30004598,G95F-H,10000058,Fountain,30004599,B32-14,10000058,Fountain,0.538,0,0
30004598,G95F-H,10000058,Fountain,30004600,C-N4OD,10000058,Fountain,0.736,0,0
30004598,G95F-H,10000058,Fountain,30004601,CHA2-Q,10000058,Fountain,0.798,0,0
30000305,G96R-F,10000003,Vale of the Silent,30000306,Y-ZXIO,10000003,Vale of the Silent,0.909,0,1
30001348,G9D-XW,10000015,Venal,30001349,42XJ-N,10000015,Venal,1.389,0,0
30000570,G9NE-B,10000006,Wicked Creek,30000730,4-43BW,10000008,Scalding Pass,1.405,1,0
30004523,GA-2V7,10000057,Outer Ring,30004524,DB-6W4,10000057,Outer Ring,0.819,0,0
30001811,GA58-7,10000021,Outer Passage,30001814,90-A1P,10000021,Outer Passage,0.795,0,0
30001811,GA58-7,10000021,Outer Passage,30001812,J-0KB3,10000021,Outer Passage,0.556,0,0
30001811,GA58-7,10000021,Outer Passage,30001813,UC-8XF,10000021,Outer Passage,1.518,0,0
30003777,GA9P-0,10000047,Providence,30003778,7YWV-S,10000047,Providence,1.539,0,0
30003777,GA9P-0,10000047,Providence,30003780,C1-HAB,10000047,Providence,0.92,0,0
30003777,GA9P-0,10000047,Providence,30003779,TXJ-II,10000047,Providence,1.571,0,1
30000839,GB-6X5,10000009,Insmother,30000840,7EX-14,10000009,Insmother,0.71,0,0
30002620,GBT4-J,10000031,Impass,30002625,4RS-L1,10000031,Impass,0.572,0,1
30002620,GBT4-J,10000031,Impass,30002622,X-0CKQ,10000031,Impass,0.696,0,1
30001862,GDEW-0,10000022,Stain,30001863,PSJ-10,10000022,Stain,1.257,0,0
30001873,GDO-7H,10000022,Stain,30001874,NZG-LF,10000022,Stain,1.059,0,1
30001198,GE-8JV,10000014,Catch,30001199,3-OKDA,10000014,Catch,0.774,0,0
30001198,GE-8JV,10000014,Catch,30001203,AX-DOT,10000014,Catch,0.593,0,0
30001198,GE-8JV,10000014,Catch,30001204,YHN-3K,10000014,Catch,1.919,0,0
30001177,GE-94X,10000014,Catch,30001179,W9-DID,10000014,Catch,1.822,0,0
30000936,GF-3FL,10000011,Great Wildlands,30000940,0R-GZQ,10000011,Great Wildlands,0.888,0,1
30000936,GF-3FL,10000011,Great Wildlands,30000939,9-34L5,10000011,Great Wildlands,1.949,0,0
30000936,GF-3FL,10000011,Great Wildlands,30000941,QM-20X,10000011,Great Wildlands,1.242,0,0
30000936,GF-3FL,10000011,Great Wildlands,30000937,ZJ-GOU,10000011,Great Wildlands,1.625,0,0
30001580,GF-GR7,10000018,The Spire,30001581,DVN6-0,10000018,The Spire,2.662,0,0
30001580,GF-GR7,10000018,The Spire,30001583,HPMN-V,10000018,The Spire,0.91,0,0
30001580,GF-GR7,10000018,The Spire,30001582,Z19-B8,10000018,The Spire,0.803,0,0
30000553,GGE-5Q,10000006,Wicked Creek,30000562,5DE-QS,10000006,Wicked Creek,1.753,0,0
30000553,GGE-5Q,10000006,Wicked Creek,30000554,5E-CMA,10000006,Wicked Creek,0.781,0,0
30003202,GGMF-J,10000040,Oasa,30003203,IG-4OF,10000040,Oasa,0.996,0,0
30004474,GHZ-SJ,10000056,Feythabolis,30004477,5P-AIP,10000056,Feythabolis,0.416,0,0
30004474,GHZ-SJ,10000056,Feythabolis,30004476,NLO-3Z,10000056,Feythabolis,0.848,0,0
30000887,GIH-ZG,10000010,Tribute,30000891,L-VXTK,10000010,Tribute,0.893,0,0
30000887,GIH-ZG,10000010,Tribute,30000888,V7-FB4,10000010,Tribute,1.423,0,0
30000887,GIH-ZG,10000010,Tribute,30000889,XD-TOV,10000010,Tribute,0.552,0,0
30001192,GJ0-OJ,10000014,Catch,30001193,A-803L,10000014,Catch,0.755,0,0
30001192,GJ0-OJ,10000014,Catch,30001196,Q-S7ZD,10000014,Catch,1.093,0,0
30003232,GK3-RX,10000040,Oasa,30003233,1P-QWR,10000040,Oasa,1.173,0,0
30003232,GK3-RX,10000040,Oasa,30003234,FJ-GUR,10000040,Oasa,0.606,0,0
30000789,GK5Z-T,10000009,Insmother,30000793,QTME-D,10000009,Insmother,0.512,0,0
30000789,GK5Z-T,10000009,Insmother,30000790,RQN-OO,10000009,Insmother,0.734,0,0
30002133,GM-0K7,10000025,Immensea,30002137,Z4-QLD,10000025,Immensea,1.813,0,1
30000544,GM-50Y,10000006,Wicked Creek,30000545,G9L-LP,10000006,Wicked Creek,0.625,0,1
30003698,GME-PQ,10000046,Fade,30003702,8QMO-E,10000046,Fade,0.983,0,0
30003698,GME-PQ,10000046,Fade,30003699,MPPA-A,10000046,Fade,1.351,0,0
30003698,GME-PQ,10000046,Fade,30003700,X5-UME,10000046,Fade,1.257,0,1
30000671,GN-PDU,10000008,Scalding Pass,30000697,8Q-T7B,10000008,Scalding Pass,0.706,0,0
30002306,GN-TNT,10000027,Etherium Reach,30002307,QKCU-4,10000027,Etherium Reach,0.902,0,0
30003736,GN7-XY,10000047,Providence,30003737,F-DTOO,10000047,Providence,0.556,0,1
30003736,GN7-XY,10000047,Providence,30003740,INQ-WR,10000047,Providence,1.017,0,0
30003736,GN7-XY,10000047,Providence,30003739,QO-SRI,10000047,Providence,0.8,0,1
30003963,GOP-GE,10000050,Querious,30003964,SKR-SP,10000050,Querious,1.348,0,0
30000552,GPLB-C,10000006,Wicked Creek,30000554,5E-CMA,10000006,Wicked Creek,1.626,0,0
30000552,GPLB-C,10000006,Wicked Creek,30000557,6-L4YC,10000006,Wicked Creek,0.439,0,0
30000552,GPLB-C,10000006,Wicked Creek,30000774,MSG-BZ,10000009,Insmother,1.342,1,0
30000552,GPLB-C,10000006,Wicked Creek,30000555,U104-3,10000006,Wicked Creek,1.385,0,0
30004465,GPUS-A,10000056,Feythabolis,30004467,23M-PX,10000056,Feythabolis,1.136,0,1
30004465,GPUS-A,10000056,Feythabolis,30004466,3-BADZ,10000056,Feythabolis,0.582,0,1
30002875,GQ-7SP,10000034,The Kalevala Expanse,30002876,BGMZ-0,10000034,The Kalevala Expanse,0.455,0,0
30002875,GQ-7SP,10000034,The Kalevala Expanse,30002878,FZX-PU,10000034,The Kalevala Expanse,1.163,0,0
30002875,GQ-7SP,10000034,The Kalevala Expanse,30002877,I2D3-5,10000034,The Kalevala Expanse,1.25,0,0
30002875,GQ-7SP,10000034,The Kalevala Expanse,30002879,O9K-FT,10000034,The Kalevala Expanse,0.777,0,0
30004694,GQ2S-8,10000059,Paragon Soul,30004695,0SUF-3,10000059,Paragon Soul,0.817,0,0
30004694,GQ2S-8,10000059,Paragon Soul,30004697,G1D0-G,10000059,Paragon Soul,0.921,0,1
30004694,GQ2S-8,10000059,Paragon Soul,30004698,KU3-BB,10000059,Paragon Soul,0.6,0,1
30004167,GQLB-V,10000053,Cobalt Edge,30004168,5E-EZC,10000053,Cobalt Edge,0.504,0,0
30004167,GQLB-V,10000053,Cobalt Edge,30004169,9KE-IT,10000053,Cobalt Edge,0.837,0,0
30000456,GR-X26,10000005,Detorid,30000457,6OU9-U,10000005,Detorid,1.287,0,0
30000456,GR-X26,10000005,Detorid,30000459,U-OVFR,10000005,Detorid,1.431,0,0
30000593,GRHS-B,10000006,Wicked Creek,30000595,DUO-51,10000006,Wicked Creek,1.429,0,0
30000593,GRHS-B,10000006,Wicked Creek,30000594,J-RXYN,10000006,Wicked Creek,0.946,0,0
30002859,GSO-SR,10000034,The Kalevala Expanse,30002860,B3ZU-H,10000034,The Kalevala Expanse,1.528,0,0
30003199,GTQ-C9,10000040,Oasa,30003200,M-NWLB,10000040,Oasa,1.258,0,0
30003199,GTQ-C9,10000040,Oasa,30003201,ORB4-J,10000040,Oasa,0.477,0,0
30001883,GU-54G,10000022,Stain,30001885,BF-FVB,10000022,Stain,1.157,0,1
30002627,GU-9F4,10000031,Impass,30002628,FG-1GH,10000031,Impass,0.751,0,0
30003653,GW7P-8,10000045,Tenal,30003655,A1RR-M,10000045,Tenal,0.554,0,0
30003653,GW7P-8,10000045,Tenal,30003656,AR-5SY,10000045,Tenal,0.999,0,0
30003653,GW7P-8,10000045,Tenal,30003657,OE-4HB,10000045,Tenal,1.485,0,0
30002123,GXK-7F,10000025,Immensea,30002125,78TS-Q,10000025,Immensea,0.816,0,0
30002123,GXK-7F,10000025,Immensea,30002127,CJNF-J,10000025,Immensea,0.888,0,0
30002123,GXK-7F,10000025,Immensea,30002124,EA-HSA,10000025,Immensea,0.859,0,0
30002947,GY5-26,10000035,Deklein,30002949,9CK-KZ,10000035,Deklein,0.79,0,0
30002947,GY5-26,10000035,Deklein,30002948,VPLL-N,10000035,Deklein,0.827,0,0
30004778,GY6A-L,10000060,Delve,30004783,N8D9-Z,10000060,Delve,0.525,0,1
30004778,GY6A-L,10000060,Delve,30004779,UEXO-Z,10000060,Delve,1.89,0,0
30002621,GZ1-A1,10000031,Impass,30002623,6B-GKA,10000031,Impass,0.948,0,1
30002621,GZ1-A1,10000031,Impass,30002624,LHGA-W,10000031,Impass,0.383,0,1
30005072,Gademam,10000065,Kor-Azor,30005073,Pananan,10000065,Kor-Azor,1.811,0,0
30002204,Gaha,10000043,Domain,30002205,Armala,10000043,Domain,0.557,0,0
30002204,Gaha,10000043,Domain,30002209,Uchat,10000043,Domain,0.666,0,0
30001698,Gaknem,10000020,Tash-Murkon,30001707,Phoren,10000020,Tash-Murkon,0.76,0,0
30003544,Galeh,10000043,Domain,30003558,Madimal,10000043,Domain,1.812,0,0
30100033,Gallant,10001004,Exordium,30100039,Celerity,10001004,Exordium,0.255,0,0
30100033,Gallant,10001004,Exordium,30100034,Fortitude,10001004,Exordium,0.196,0,0
30100033,Gallant,10001004,Exordium,30100045,Mettle,10001004,Exordium,0.399,0,1
30100033,Gallant,10001004,Exordium,30100047,Repute,10001004,Exordium,0.386,0,1
30100033,Gallant,10001004,Exordium,30100041,Rigor,10001004,Exordium,0.305,0,0
30100033,Gallant,10001004,Exordium,30100043,Steadfast,10001004,Exordium,0.51,0,0
30100033,Gallant,10001004,Exordium,30100046,Venerate,10001004,Exordium,0.451,0,1
30003844,Gallusiene,10000048,Placid,30003845,Ruerrotta,10000048,Placid,1.054,0,0
30005273,Galnafsad,10000067,Genesis,30005275,Azedi,10000067,Genesis,1.093,0,0
30005273,Galnafsad,10000067,Genesis,30005274,Otakod,10000067,Genesis,2.185,0,0
30004085,Gamdis,10000052,Kador,30004088,Joramok,10000052,Kador,0.68,0,1
30000107,Gamis,10000001,Derelik,30000110,Bekirdod,10000001,Derelik,0.972,0,0
30000107,Gamis,10000001,Derelik,30000111,Hothomouh,10000001,Derelik,0.952,0,0
30000107,Gamis,10000001,Derelik,30000108,Nieril,10000001,Derelik,0.989,0,0
30003076,Gammel,10000038,The Bleak Lands,30003081,Ronne,10000038,The Bleak Lands,2.252,0,0
30003805,Gare,10000048,Placid,30003818,Aulbres,10000048,Placid,1.083,0,0
30004123,Garisas,10000052,Kador,30004124,Aphi,10000052,Kador,0.535,0,0
30004123,Garisas,10000052,Kador,30004125,Jakri,10000052,Kador,1.122,0,0
30004123,Garisas,10000052,Kador,30004126,Nidupad,10000052,Kador,0.714,0,0
30004119,Gasavak,10000052,Kador,30004121,Menri,10000052,Kador,0.634,0,0
30005282,Gateway,10000067,Genesis,30005283,Central Point,10000067,Genesis,1.244,0,1
30005240,Gayar,10000067,Genesis,30005242,Naka,10000067,Genesis,0.92,0,0
30002093,Gebuladi,10000042,Metropolis,30002094,Ebolfer,10000042,Metropolis,0.489,0,0
30002093,Gebuladi,10000042,Metropolis,30002095,Eszur,10000042,Metropolis,0.725,0,0
30003433,Gedugaud,10000042,Metropolis,30003447,Josekorn,10000042,Metropolis,0.84,0,0
30003429,Geffur,10000042,Metropolis,30003430,Oppold,10000042,Metropolis,0.803,0,0
30003897,Gehi,10000049,Khanid,30003898,Seshala,10000049,Khanid,0.353,0,1
30003897,Gehi,10000049,Khanid,30003899,Vezila,10000049,Khanid,1.825,0,0
30000149,Gekutami,10000002,The Forge,30000151,Uoyonen,10000002,The Forge,0.885,0,0
30002386,Gelfiven,10000028,Molden Heath,30002389,Atlar,10000028,Molden Heath,0.975,0,0
30002386,Gelfiven,10000028,Molden Heath,30002388,Oddelulf,10000028,Molden Heath,0.901,0,0
30000087,Gelhan,10000001,Derelik,30000088,Akeva,10000001,Derelik,0.816,0,1
30001663,Gemodi,10000020,Tash-Murkon,30001664,Chamume,10000020,Tash-Murkon,0.573,0,1
30001663,Gemodi,10000020,Tash-Murkon,30001666,Pera,10000020,Tash-Murkon,0.746,0,0
30001663,Gemodi,10000020,Tash-Murkon,30001668,Yong,10000020,Tash-Murkon,0.851,0,0
30004238,Gens,10000054,Aridia,30004239,Kamih,10000054,Aridia,0.651,0,0
30004083,Gensela,10000052,Kador,30004113,Miah,10000052,Kador,1.295,0,0
30004083,Gensela,10000052,Kador,30005192,Shera,10000067,Genesis,0.878,1,0
30000126,Geras,10000002,The Forge,30000131,Nomaa,10000002,The Forge,0.887,0,0
30000126,Geras,10000002,The Forge,30000128,Tuuriainas,10000002,The Forge,0.982,0,0
30002533,Gerbold,10000030,Heimatar,30002549,Offugen,10000030,Heimatar,0.938,0,0
30002531,Gerek,10000030,Heimatar,30002535,Ebasgerdur,10000030,Heimatar,0.419,0,0
30002531,Gerek,10000030,Heimatar,30002533,Gerbold,10000030,Heimatar,1.19,0,0
30002531,Gerek,10000030,Heimatar,30002534,Rokofur,10000030,Heimatar,0.902,0,0
30002531,Gerek,10000030,Heimatar,30002532,Tongofur,10000030,Heimatar,0.798,0,1
30005244,Gergish,10000067,Genesis,30005246,Imya,10000067,Genesis,2.07,0,0
30005244,Gergish,10000067,Genesis,30005247,Kobam,10000067,Genesis,0.771,0,0
30005244,Gergish,10000067,Genesis,30005245,Tahli,10000067,Genesis,0.744,0,0
30004282,Getrenjesa,10000054,Aridia,30004285,Zazamye,10000054,Aridia,0.865,0,0
30003871,Geztic,10000049,Khanid,30003875,Hishai,10000049,Khanid,1.727,0,0
30004288,Ghekon,10000054,Aridia,30004293,Pserz,10000054,Aridia,1.178,0,0
30004288,Ghekon,10000054,Aridia,30004292,Soza,10000054,Aridia,0.695,0,0
30004288,Ghekon,10000054,Aridia,30004289,Vaini,10000054,Aridia,1.048,0,0
30004288,Ghekon,10000054,Aridia,30004290,Zaveral,10000054,Aridia,1.126,0,0
30004084,Ghesis,10000052,Kador,30004090,Aband,10000052,Kador,0.864,0,0
30004084,Ghesis,10000052,Kador,30004085,Gamdis,10000052,Kador,1.186,0,0
30004084,Ghesis,10000052,Kador,30004087,Gonan,10000052,Kador,1.672,0,0
30004084,Ghesis,10000052,Kador,30004086,Joamma,10000052,Kador,0.97,0,1
30002972,Gheth,10000036,Devoid,30002974,Mehatoor,10000036,Devoid,0.723,0,0
30003035,Gicodel,10000037,Everyshore,30003036,Frarolle,10000037,Everyshore,0.746,0,1
30002232,Gid,10000043,Domain,30002276,Isamm,10000043,Domain,0.902,0,0
30002232,Gid,10000043,Domain,30002235,Shumam,10000043,Domain,1.147,0,1
30003877,Gidali,10000049,Khanid,30003878,Palas,10000049,Khanid,1.268,0,0
30005288,Girani-Fa,10000067,Genesis,30005289,Nasreri,10000067,Genesis,0.69,0,0
30005312,Gisleres,10000068,Verge Vendor,30005313,Ellmay,10000068,Verge Vendor,0.609,0,1
30005312,Gisleres,10000068,Verge Vendor,30005322,Scolluzer,10000068,Verge Vendor,0.917,0,0
30002725,Goinard,10000032,Sinq Laison,30002727,Allipes,10000032,Sinq Laison,1.532,0,0
30002725,Goinard,10000032,Sinq Laison,30002726,Raeghoscon,10000032,Sinq Laison,0.639,0,0
30000070,Gomati,10000001,Derelik,30000075,Assah,10000001,Derelik,2.204,0,0
30000070,Gomati,10000001,Derelik,30000085,Bar,10000001,Derelik,2.159,0,0
30000070,Gomati,10000001,Derelik,30000074,Hasateem,10000001,Derelik,1.019,0,0
30000070,Gomati,10000001,Derelik,30000073,Irshah,10000001,Derelik,0.839,0,0
30004087,Gonan,10000052,Kador,30004096,Khafis,10000052,Kador,1.99,0,0
30004087,Gonan,10000052,Kador,30004089,Neburab,10000052,Kador,1.432,0,0
30005268,Gonditsa,10000067,Genesis,30005270,Shalne,10000067,Genesis,0.946,0,0
30005268,Gonditsa,10000067,Genesis,30005271,Shapisin,10000067,Genesis,0.449,0,0
30002403,Gonheim,10000028,Molden Heath,30002404,Half,10000028,Molden Heath,1.469,0,0
30002403,Gonheim,10000028,Molden Heath,30002406,Hedaleolfarber,10000028,Molden Heath,0.913,0,1
30001716,Goni,10000020,Tash-Murkon,30001717,Adar,10000020,Tash-Murkon,0.471,0,0
30001716,Goni,10000020,Tash-Murkon,30001718,Paye,10000020,Tash-Murkon,0.746,0,0
30001646,Goram,10000020,Tash-Murkon,30001648,Adahum,10000020,Tash-Murkon,1.276,0,1
30001646,Goram,10000020,Tash-Murkon,30001649,Ahrosseas,10000020,Tash-Murkon,1.115,0,0
30001646,Goram,10000020,Tash-Murkon,30003485,Andabiar,10000043,Domain,1.666,1,0
30003930,Goudiyah,10000049,Khanid,30003931,Sassecho,10000049,Khanid,0.582,0,0
30003930,Goudiyah,10000049,Khanid,30003932,Timudan,10000049,Khanid,0.553,0,0
30003858,Gousoviba,10000049,Khanid,30003860,Kihtaled,10000049,Khanid,0.831,0,0
30003858,Gousoviba,10000049,Khanid,30003859,Neyi,10000049,Khanid,2.129,0,1
30002653,Gratesier,10000032,Sinq Laison,30003090,Saidusairos,10000038,The Bleak Lands,5.818,1,0
30002653,Gratesier,10000032,Sinq Laison,30002654,Schoorasana,10000032,Sinq Laison,0.82,0,0
30002636,Grinacanne,10000032,Sinq Laison,30002639,Adreland,10000032,Sinq Laison,1.232,0,0
30002636,Grinacanne,10000032,Sinq Laison,30002640,Erme,10000032,Sinq Laison,0.525,0,0
30002636,Grinacanne,10000032,Sinq Laison,30004970,Renyn,10000064,Essence,1.621,1,0
30003808,Grispire,10000048,Placid,30003809,Brellystier,10000048,Placid,2.153,0,0
30003057,Groothese,10000037,Everyshore,30003058,Olide,10000037,Everyshore,1.176,0,0
30002384,Gulfonodi,10000028,Molden Heath,30002385,Teonusude,10000028,Molden Heath,0.952,0,0
30002517,Gulmorogod,10000030,Heimatar,30002537,Amamake,10000030,Heimatar,1.963,0,0
30002556,Gusandall,10000030,Heimatar,30002561,Auren,10000030,Heimatar,0.653,0,0
30002556,Gusandall,10000030,Heimatar,30002574,Hrondedir,10000030,Heimatar,1.516,0,0
30002556,Gusandall,10000030,Heimatar,30002559,Ingunn,10000030,Heimatar,1.107,0,0
30002556,Gusandall,10000030,Heimatar,30002575,Sotrenzur,10000030,Heimatar,0.957,0,0
30002529,Gyng,10000030,Heimatar,30002530,Avesber,10000030,Heimatar,0.504,0,0
30002529,Gyng,10000030,Heimatar,30002568,Onga,10000030,Heimatar,2.434,0,0
30000276,H-1EOH,10000003,Vale of the Silent,30000277,IR-DYY,10000003,Vale of the Silent,0.878,0,1
30005123,H-29TM,10000066,Perrigen Falls,30005125,D-QJR9,10000066,Perrigen Falls,1.169,0,0
30005123,H-29TM,10000066,Perrigen Falls,30005124,KOI8-Z,10000066,Perrigen Falls,0.752,0,0
30005123,H-29TM,10000066,Perrigen Falls,30005126,U4-V3J,10000066,Perrigen Falls,0.557,0,0
30003986,H-4R6Z,10000050,Querious,30003987,IGE-NE,10000050,Querious,0.814,0,0
30000225,H-5GUI,10000003,Vale of the Silent,30000226,FH-TTC,10000003,Vale of the Silent,1.799,0,0
30000225,H-5GUI,10000003,Vale of the Silent,30002421,MR4-MY,10000029,Geminate,1.561,1,0
30000225,H-5GUI,10000003,Vale of the Silent,30000274,Q-EHMJ,10000003,Vale of the Silent,0.505,0,1
30002588,H-64KI,10000031,Impass,30002590,9-IIBL,10000031,Impass,1.205,0,0
30002588,H-64KI,10000031,Impass,30002589,9I-SRF,10000031,Impass,0.918,0,0
30000523,H-93YV,10000005,Detorid,30000525,7-A6XV,10000005,Detorid,1.389,0,0
30000523,H-93YV,10000005,Detorid,30000524,E51-JE,10000005,Detorid,0.69,0,1
30000523,H-93YV,10000005,Detorid,30000526,QXE-1N,10000005,Detorid,0.789,0,1
30001001,H-ADOC,10000012,Curse,30001035,EQX-AE,10000012,Curse,0.962,0,0
30001001,H-ADOC,10000012,Curse,30001002,G-G78S,10000012,Curse,0.975,0,0
30001001,H-ADOC,10000012,Curse,30001005,OSY-UD,10000012,Curse,1.229,0,0
30001001,H-ADOC,10000012,Curse,30001031,Y-DW5K,10000012,Curse,1.557,0,0
30001331,H-AJ27,10000015,Venal,30001333,2TH-3F,10000015,Venal,1.749,0,0
30001331,H-AJ27,10000015,Venal,30001332,M2-2V1,10000015,Venal,0.508,0,1
30000281,H-EY0P,10000003,Vale of the Silent,30000282,UNAG-6,10000003,Vale of the Silent,0.919,0,0
30000444,H-FGJO,10000005,Detorid,30000466,LT-XI4,10000005,Detorid,0.822,0,0
30000444,H-FGJO,10000005,Detorid,30000492,O3-4MN,10000005,Detorid,1.247,0,0
30005116,H-FOYG,10000066,Perrigen Falls,30005117,1A8-6G,10000066,Perrigen Falls,1.269,0,0
30003752,H-GKI6,10000047,Providence,30003753,YQB-22,10000047,Providence,0.36,0,1
30005090,H-HGGJ,10000066,Perrigen Falls,30005092,A9-F18,10000066,Perrigen Falls,0.565,0,0
30005090,H-HGGJ,10000066,Perrigen Falls,30005095,XU7-CH,10000066,Perrigen Falls,1.896,0,0
30000547,H-HHTH,10000006,Wicked Creek,30000600,F5M-CC,10000006,Wicked Creek,2.481,0,0
30000547,H-HHTH,10000006,Wicked Creek,30000549,UY5A-D,10000006,Wicked Creek,0.765,0,0
30004814,H-HWQR,10000061,Tenerifis,30004816,78R-PI,10000061,Tenerifis,0.972,0,0
30003261,H-MHWF,10000040,Oasa,30003262,PND-SI,10000040,Oasa,1.092,0,0
30000268,H-NOU5,10000003,Vale of the Silent,30000269,KX-2UI,10000003,Vale of the Silent,2.0,0,1
30004592,H-NPXW,10000058,Fountain,30004593,L-1SW8,10000058,Fountain,0.662,0,1
30004446,H-P4LB,10000056,Feythabolis,30004447,2UK4-N,10000056,Feythabolis,0.661,0,0
30001269,H-PA29,10000015,Venal,30001270,1-Y6KI,10000015,Venal,0.806,0,0
30001269,H-PA29,10000015,Venal,30001273,9-266Q,10000015,Venal,0.696,0,0
30001269,H-PA29,10000015,Venal,30100000,Zarzakh,10001000,Yasna Zakh,34.8,1,0
30002120,H-RXNZ,10000025,Immensea,30002133,GM-0K7,10000025,Immensea,1.07,0,1
30003144,H-T40Z,10000039,Esoteria,30003147,111-F1,10000039,Esoteria,0.954,0,0
30000223,H-UCD1,10000003,Vale of the Silent,30000224,7-K5EL,10000003,Vale of the Silent,1.041,0,0
30000865,H-W9TY,10000010,Tribute,30000867,D7-ZAC,10000010,Tribute,0.807,0,0
30003160,H-YHYM,10000039,Esoteria,30003161,G-4H4C,10000039,Esoteria,1.272,0,1
30003160,H-YHYM,10000039,Esoteria,30003162,HHE5-L,10000039,Esoteria,2.554,0,0
30003608,H1-ESN,10000045,Tenal,30003609,3DR-CR,10000045,Tenal,1.519,0,0
30003608,H1-ESN,10000045,Tenal,30004334,OJ-A8M,10000055,Branch,1.733,1,0
30002043,H1-J33,10000023,Pure Blind,30002044,Y-C3EQ,10000023,Pure Blind,1.108,0,0
30004178,H23-B5,10000053,Cobalt Edge,30004179,A-0IIQ,10000053,Cobalt Edge,0.7,0,0
30004178,H23-B5,10000053,Cobalt Edge,30004181,E-BYOS,10000053,Cobalt Edge,0.566,0,0
30004178,H23-B5,10000053,Cobalt Edge,30004182,ETXT-F,10000053,Cobalt Edge,0.895,0,0
30004178,H23-B5,10000053,Cobalt Edge,30004196,VAF1-P,10000053,Cobalt Edge,1.41,0,0
30001575,H4X-0I,10000018,The Spire,30001576,C-BHDN,10000018,The Spire,0.689,0,0
30001575,H4X-0I,10000018,The Spire,30001577,R-RE2B,10000018,The Spire,0.905,0,0
30000685,H5N-V7,10000008,Scalding Pass,30000686,HQ-Q1Q,10000008,Scalding Pass,1.062,0,1
30000685,H5N-V7,10000008,Scalding Pass,30000689,I-1B7X,10000008,Scalding Pass,1.173,0,1
30003723,H6-CX8,10000047,Providence,30003724,D61A-G,10000047,Providence,0.528,0,0
30003723,H6-CX8,10000047,Providence,30003725,Shintaht,10000047,Providence,1.003,0,1
30004443,H65-HE,10000056,Feythabolis,30004444,BJ-ZFD,10000056,Feythabolis,0.814,0,0
30004443,H65-HE,10000056,Feythabolis,30004449,M-CMLV,10000056,Feythabolis,1.363,0,0
30004443,H65-HE,10000056,Feythabolis,30004448,QK-CDG,10000056,Feythabolis,0.615,0,1
30004034,H74-B0,10000050,Querious,30004036,3D5K-R,10000050,Querious,0.899,0,0
30000973,H7O-JZ,10000011,Great Wildlands,30000975,O-RXCZ,10000011,Great Wildlands,1.052,0,1
30002857,H7S-5I,10000034,The Kalevala Expanse,30002868,9-0QB7,10000034,The Kalevala Expanse,0.615,0,0
30004678,H8-ZTO,10000059,Paragon Soul,30004686,HHJD-5,10000059,Paragon Soul,0.576,0,0
30004678,H8-ZTO,10000059,Paragon Soul,30004679,YV-FDG,10000059,Paragon Soul,0.794,0,1
30003775,H9-J8N,10000047,Providence,30003780,C1-HAB,10000047,Providence,0.946,0,0
30003775,H9-J8N,10000047,Providence,30003777,GA9P-0,10000047,Providence,1.166,0,0
30003775,H9-J8N,10000047,Providence,30003776,HP-6Z6,10000047,Providence,0.356,0,0
30000979,HB-1NJ,10000011,Great Wildlands,30000981,F7A-MR,10000011,Great Wildlands,1.383,0,0
30000979,HB-1NJ,10000011,Great Wildlands,30000982,O-8SOC,10000011,Great Wildlands,0.637,0,0
30003633,HB-FSO,10000045,Tenal,30003634,J1-KJP,10000045,Tenal,1.194,0,0
30005107,HB-KSF,10000066,Perrigen Falls,30005111,6-1T6Z,10000066,Perrigen Falls,1.419,0,0
30004325,HB7R-F,10000055,Branch,30004326,O-JPKH,10000055,Branch,1.233,0,1
30001292,HBD-CC,10000015,Venal,30001299,D-SKWC,10000015,Venal,2.831,0,0
30001292,HBD-CC,10000015,Venal,30001294,E-7U8U,10000015,Venal,0.62,0,0
30001292,HBD-CC,10000015,Venal,30001293,P-GKF5,10000015,Venal,0.786,0,0
30001292,HBD-CC,10000015,Venal,30001296,SBL5-R,10000015,Venal,1.683,0,0
30000569,HD-AJ7,10000006,Wicked Creek,30000571,SJJ-4F,10000006,Wicked Creek,0.681,0,0
30002863,HD-HOZ,10000034,The Kalevala Expanse,30002864,42G-OB,10000034,The Kalevala Expanse,0.592,0,0
30002863,HD-HOZ,10000034,The Kalevala Expanse,30002865,LEM-I1,10000034,The Kalevala Expanse,0.531,0,0
30002863,HD-HOZ,10000034,The Kalevala Expanse,30002867,ND-GL4,10000034,The Kalevala Expanse,0.852,0,0
30001330,HD-JVQ,10000015,Venal,30005189,MTO2-2,10000066,Perrigen Falls,36.439,1,0
30001161,HED-GP,10000014,Catch,30003883,Keberz,10000049,Khanid,22.431,1,0
30003220,HF-K3O,10000040,Oasa,30003222,Q-ITV5,10000040,Oasa,1.31,0,0
30003220,HF-K3O,10000040,Oasa,30003221,QE2-FS,10000040,Oasa,0.795,0,0
30001135,HG-YEQ,10000013,Malpais,30001136,2FL-5W,10000013,Malpais,1.492,0,0
30001135,HG-YEQ,10000013,Malpais,30003186,ND-X7X,10000040,Oasa,1.348,1,0
30001135,HG-YEQ,10000013,Malpais,30001139,RSE-PT,10000013,Malpais,0.672,0,0
30004686,HHJD-5,10000059,Paragon Soul,30004688,1DDR-X,10000059,Paragon Soul,0.685,0,0
30004686,HHJD-5,10000059,Paragon Soul,30004690,AA-GWF,10000059,Paragon Soul,0.854,0,0
30004686,HHJD-5,10000059,Paragon Soul,30004687,ZWV-GD,10000059,Paragon Soul,1.165,0,0
30003679,HHK-VL,10000046,Fade,30003681,DO6H-Q,10000046,Fade,1.143,0,0
30003099,HHQ-M1,10000039,Esoteria,30003100,A-CJGE,10000039,Esoteria,0.868,0,1
30001528,HIK-MC,10000018,The Spire,30001532,5LAJ-8,10000018,The Spire,2.781,0,0
30001528,HIK-MC,10000018,The Spire,30001546,Y4OK-W,10000018,The Spire,1.886,0,0
30004956,HIX4-H,10000063,Period Basis,30004957,GR-J8B,10000063,Period Basis,0.71,0,1
30004956,HIX4-H,10000063,Period Basis,30004958,OY0-2T,10000063,Period Basis,1.163,0,1
30004956,HIX4-H,10000063,Period Basis,30004960,TN25-J,10000063,Period Basis,1.754,0,0
30000721,HJ-BCH,10000008,Scalding Pass,30000722,QPTT-F,10000008,Scalding Pass,1.334,0,0
30000721,HJ-BCH,10000008,Scalding Pass,30000725,WFFE-4,10000008,Scalding Pass,0.495,0,0
30000721,HJ-BCH,10000008,Scalding Pass,30000729,Y5-E1U,10000008,Scalding Pass,0.729,0,0
30002468,HJO-84,10000029,Geminate,30002469,4D9-66,10000029,Geminate,0.53,0,0
30002485,HKYW-T,10000029,Geminate,30002492,N-HK93,10000029,Geminate,3.109,0,0
30002485,HKYW-T,10000029,Geminate,30002487,VJ-NQP,10000029,Geminate,0.527,0,0
30000828,HL-VZX,10000009,Insmother,30000829,38NZ-1,10000009,Insmother,1.525,0,0
30000828,HL-VZX,10000009,Insmother,30000830,W-MF6J,10000009,Insmother,1.391,0,0
30001744,HLR-GL,10000021,Outer Passage,30001746,2EV-BA,10000021,Outer Passage,0.693,0,0
30001744,HLR-GL,10000021,Outer Passage,30001745,80G-H5,10000021,Outer Passage,2.057,0,0
30001016,HLW-HP,10000012,Curse,30001020,KLMT-W,10000012,Curse,0.651,0,0
30001016,HLW-HP,10000012,Curse,30001018,RA-NXN,10000012,Curse,0.507,0,0
30001016,HLW-HP,10000012,Curse,30001019,VOL-MI,10000012,Curse,1.703,0,0
30001847,HM-UVD,10000022,Stain,30001848,G-ME2K,10000022,Stain,1.325,0,1
30001847,HM-UVD,10000022,Stain,30001849,WNS-7J,10000022,Stain,0.785,0,0
30004715,HM-XR2,10000060,Delve,30004717,AJI-MA,10000060,Delve,1.317,0,0
30003243,HO4E-Q,10000040,Oasa,30003244,QY2Y-N,10000040,Oasa,0.651,0,0
30003243,HO4E-Q,10000040,Oasa,30003247,VZEG-B,10000040,Oasa,0.664,0,0
30003243,HO4E-Q,10000040,Oasa,30003265,Y-BIPM,10000040,Oasa,1.548,0,0
30002596,HOHF-B,10000031,Impass,30002605,E7VE-V,10000031,Impass,0.965,0,1
30001221,HP-64T,10000014,Catch,30001222,V2-VC2,10000014,Catch,0.95,0,0
30003776,HP-6Z6,10000047,Providence,30003778,7YWV-S,10000047,Providence,0.551,0,0
30003776,HP-6Z6,10000047,Providence,30003780,C1-HAB,10000047,Providence,0.754,0,0
30003776,HP-6Z6,10000047,Providence,30003777,GA9P-0,10000047,Providence,1.117,0,0
30001583,HPMN-V,10000018,The Spire,30001584,XR-ZL7,10000018,The Spire,1.528,0,0
30000686,HQ-Q1Q,10000008,Scalding Pass,30000688,ZFJH-T,10000008,Scalding Pass,0.623,0,1
30001871,HQ-TDJ,10000022,Stain,30001872,WBLF-0,10000022,Stain,1.406,0,1
30003103,HT4K-M,10000039,Esoteria,30003105,4-OUKF,10000039,Esoteria,1.497,0,0
30002356,HV-EAP,10000027,Etherium Reach,30002357,3IK-7O,10000027,Etherium Reach,1.207,0,0
30002356,HV-EAP,10000027,Etherium Reach,30002358,O-EUHA,10000027,Etherium Reach,1.582,0,0
30002356,HV-EAP,10000027,Etherium Reach,30002361,UAV-1E,10000027,Etherium Reach,1.295,0,0
30002871,HVGR-R,10000034,The Kalevala Expanse,30002873,K95-9I,10000034,The Kalevala Expanse,0.872,0,0
30004205,HXK-J6,10000053,Cobalt Edge,30004206,4LNE-M,10000053,Cobalt Edge,1.111,0,0
30001159,HY-RWO,10000014,Catch,30001197,6X7-JO,10000014,Catch,3.527,0,0
30001159,HY-RWO,10000014,Catch,30001252,EX6-AO,10000014,Catch,7.406,0,0
30001159,HY-RWO,10000014,Catch,30001162,V-3YG7,10000014,Catch,1.257,0,0
30000825,HZ-O18,10000009,Insmother,30000826,D-P1EH,10000009,Insmother,1.34,0,0
30004767,HZAQ-W,10000060,Delve,30004770,PS-94K,10000060,Delve,1.263,0,0
30000482,HZFJ-M,10000005,Detorid,30000483,77S8-E,10000005,Detorid,1.439,0,0
30001767,HZID-J,10000021,Outer Passage,30001768,8-AA98,10000021,Outer Passage,1.928,0,0
30001424,Haajinen,10000016,Lonetrek,30001425,Oipo,10000016,Lonetrek,1.21,0,0
30002800,Haatomo,10000033,The Citadel,30002801,Suroken,10000033,The Citadel,0.928,0,0
30005250,Habu,10000067,Genesis,30005254,Abhan,10000067,Genesis,1.175,0,0
30005250,Habu,10000067,Genesis,30005253,Chiga,10000067,Genesis,1.543,0,1
30005223,Hadji,10000067,Genesis,30005292,Agal,10000067,Genesis,0.917,0,0
30002264,Hadonoo,10000043,Domain,30002265,Azizora,10000043,Domain,0.314,0,0
30002057,Hadozeko,10000042,Metropolis,30002058,Ardar,10000042,Metropolis,0.587,0,0
30002057,Hadozeko,10000042,Metropolis,30002097,Klogori,10000042,Metropolis,1.067,0,0
30001367,Hageken,10000016,Lonetrek,30001382,Akonoinen,10000016,Lonetrek,0.939,0,0
30001367,Hageken,10000016,Lonetrek,30001443,Vuorrassi,10000016,Lonetrek,0.476,0,0
30002050,Hagilur,10000042,Metropolis,30002051,Anher,10000042,Metropolis,1.689,0,0
30002050,Hagilur,10000042,Metropolis,30002076,Dudreda,10000042,Metropolis,0.905,0,1
30002050,Hagilur,10000042,Metropolis,30002052,Ragnarg,10000042,Metropolis,0.686,0,1
30002050,Hagilur,10000042,Metropolis,30002720,Thelan,10000032,Sinq Laison,2.556,1,0
30003533,Hahda,10000043,Domain,30003535,Afivad,10000043,Domain,0.734,0,0
30004248,Haimeh,10000054,Aridia,30004249,Avada,10000054,Aridia,1.612,0,1
30004248,Haimeh,10000054,Aridia,30004252,Bazadod,10000054,Aridia,0.812,0,1
30004248,Haimeh,10000054,Aridia,30004250,Chibi,10000054,Aridia,1.042,0,1
30005012,Haine,10000064,Essence,30005013,Perckhevin,10000064,Essence,0.496,0,0
30003918,Hakana,10000049,Khanid,30003921,Arzieh,10000049,Khanid,0.713,0,1
30004257,Hakatiz,10000054,Aridia,30004258,Khnar,10000054,Aridia,0.533,0,0
30003449,Hakeri,10000042,Metropolis,30003452,Irgrus,10000042,Metropolis,0.835,0,0
30003449,Hakeri,10000042,Metropolis,30003450,Oraekja,10000042,Metropolis,0.452,0,0
30002077,Hakisalki,10000042,Metropolis,30002078,Arwa,10000042,Metropolis,1.175,0,0
30002990,Hakshma,10000036,Devoid,30002993,Riavayed,10000036,Devoid,1.071,0,0
30002990,Hakshma,10000036,Devoid,30002999,Shastal,10000036,Devoid,1.011,0,0
30002781,Halaima,10000033,The Citadel,30002782,Kamio,10000033,The Citadel,1.096,0,0
30002781,Halaima,10000033,The Citadel,30002783,Sankkasen,10000033,The Citadel,0.93,0,0
30003003,Halenan,10000036,Devoid,30003005,Uktiad,10000036,Devoid,1.359,0,0
30003003,Halenan,10000036,Devoid,30003004,Ulerah,10000036,Devoid,1.268,0,0
30002404,Half,10000028,Molden Heath,30002405,Sakulda,10000028,Molden Heath,0.383,0,1
30003010,Halle,10000037,Everyshore,30003014,Bereye,10000037,Everyshore,0.835,0,0
30003010,Halle,10000037,Everyshore,30003011,Mormoen,10000037,Everyshore,0.358,0,0
30002981,Halmah,10000036,Devoid,30003001,Mili,10000036,Devoid,1.103,0,1
30003900,Ham,10000049,Khanid,30003917,Amafi,10000049,Khanid,1.389,0,0
30003900,Ham,10000049,Khanid,30003901,Upt,10000049,Khanid,1.601,0,1
30003523,Hama,10000043,Domain,30003525,Bagodan,10000043,Domain,0.705,0,0
30000152,Hampinen,10000002,The Forge,30000159,Ikami,10000002,The Forge,0.809,0,0
30003547,Hamse,10000043,Domain,30003551,Jaswelu,10000043,Domain,0.43,0,0
30003547,Hamse,10000043,Domain,30003549,Lashkai,10000043,Domain,0.55,0,0
30003547,Hamse,10000043,Domain,30003550,Zhilshinou,10000043,Domain,1.038,0,0
30004145,Hapala,10000052,Kador,30004146,Salah,10000052,Kador,0.567,0,1
30003418,Hardbako,10000042,Metropolis,30003420,Fredagod,10000042,Metropolis,0.894,0,0
30003597,Hare,10000044,Solitude,30003601,Babirmoult,10000044,Solitude,1.255,0,0
30003597,Hare,10000044,Solitude,30003598,Ogaria,10000044,Solitude,0.727,0,0
30003017,Harerget,10000037,Everyshore,30003018,Azer,10000037,Everyshore,1.21,0,0
30003017,Harerget,10000037,Everyshore,30003019,Cherore,10000037,Everyshore,1.091,0,0
30003017,Harerget,10000037,Everyshore,30003033,Ethernity,10000037,Everyshore,0.872,0,0
30002225,Harva,10000070,Pochven,30003504,Niarja,10000070,Pochven,8.421,0,0
30002225,Harva,10000070,Pochven,30003495,Raravoss,10000070,Pochven,3.6,0,0
30002225,Harva,10000070,Pochven,30002770,Tunudan,10000070,Pochven,20.074,0,0
30000074,Hasateem,10000001,Derelik,30000075,Assah,10000001,Derelik,1.501,0,0
30000032,Hasiari,10000001,Derelik,30000034,Alkez,10000001,Derelik,0.937,0,1
30000032,Hasiari,10000001,Derelik,30000033,Radima,10000001,Derelik,1.018,0,0
30002806,Hasmijaala,10000033,The Citadel,30002807,Nagamanen,10000033,The Citadel,0.485,0,0
30002764,Hatakani,10000033,The Citadel,30002765,Sivala,10000033,The Citadel,3.039,0,0
30001737,Hath,10000020,Tash-Murkon,30001739,Sharios,10000020,Tash-Murkon,0.803,0,1
30002994,Hati,10000036,Devoid,30003080,Jarkkolen,10000038,The Bleak Lands,1.027,1,0
30002994,Hati,10000036,Devoid,30003545,Yuhelia,10000043,Domain,0.857,1,0
30003082,Hatori,10000038,The Bleak Lands,30003085,Hakodan,10000038,The Bleak Lands,1.511,0,0
30003082,Hatori,10000038,The Bleak Lands,30003084,Malpara,10000038,The Bleak Lands,1.014,0,1
30003542,Hayumtom,10000043,Domain,30003543,Zanka,10000043,Domain,0.696,0,1
30003435,Hebisa,10000042,Metropolis,30003440,Ansher,10000042,Metropolis,0.38,0,1
30002189,Hedion,10000043,Domain,30003491,Ashab,10000043,Domain,2.573,0,0
30002189,Hedion,10000043,Domain,30002196,Ebidan,10000043,Domain,1.03,0,0
30002189,Hedion,10000043,Domain,30002190,Mabnen,10000043,Domain,0.533,0,0
30003846,Hedoubel,10000048,Placid,30003849,Aubonnie,10000048,Placid,1.671,0,0
30002418,Hegfunden,10000028,Molden Heath,30002419,Aeditide,10000028,Molden Heath,0.866,0,0
30002390,Heild,10000028,Molden Heath,30002393,Aedald,10000028,Molden Heath,0.755,0,0
30002390,Heild,10000028,Molden Heath,30002391,Hrokkur,10000028,Molden Heath,0.506,0,1
30002053,Hek,10000042,Metropolis,30002543,Eystur,10000030,Heimatar,3.489,1,0
30002053,Hek,10000042,Metropolis,30002054,Hror,10000042,Metropolis,0.86,0,0
30002053,Hek,10000042,Metropolis,30002068,Nakugard,10000042,Metropolis,0.386,0,1
30002053,Hek,10000042,Metropolis,30002723,Otou,10000032,Sinq Laison,2.923,1,0
30002063,Helgatild,10000042,Metropolis,30002064,Arnstur,10000042,Metropolis,0.661,0,0
30002063,Helgatild,10000042,Metropolis,30002067,Brin,10000042,Metropolis,0.489,0,0
30003594,Heluene,10000044,Solitude,30003595,Arittant,10000044,Solitude,0.659,0,1
30003594,Heluene,10000044,Solitude,30003597,Hare,10000044,Solitude,0.861,0,0
30003594,Heluene,10000044,Solitude,30003596,Oruse,10000044,Solitude,0.836,0,0
30001044,Hemin,10000012,Curse,30001046,Jorund,10000012,Curse,1.328,0,0
30001044,Hemin,10000012,Curse,30001045,Utopia,10000012,Curse,0.88,0,0
30000188,Hentogaira,10000002,The Forge,30000189,Kiainti,10000002,The Forge,0.655,0,0
30000188,Hentogaira,10000002,The Forge,30000194,Otsela,10000002,The Forge,0.928,0,0
30005290,Heorah,10000067,Genesis,30005292,Agal,10000067,Genesis,0.698,0,0
30005290,Heorah,10000067,Genesis,30005293,Doza,10000067,Genesis,1.163,0,0
30005290,Heorah,10000067,Genesis,30005291,Ebasez,10000067,Genesis,0.97,0,0
30003528,Herila,10000043,Domain,30003529,Chemilip,10000043,Domain,1.375,0,0
30005320,Hevrice,10000068,Verge Vendor,30005321,Jovainnon,10000068,Verge Vendor,0.896,0,0
30004979,Heydieles,10000064,Essence,30004984,Abune,10000064,Essence,0.566,0,0
30004979,Heydieles,10000064,Essence,30004981,Actee,10000064,Essence,1.841,0,0
30004979,Heydieles,10000064,Essence,30004980,Fliet,10000064,Essence,1.136,0,0
30004979,Heydieles,10000064,Essence,30004982,Indregulle,10000064,Essence,0.766,0,0
30004979,Heydieles,10000064,Essence,30005000,Old Man Star,10000064,Essence,2.09,0,0
30003937,Hezere,10000049,Khanid,30003938,Fanathor,10000049,Khanid,0.92,0,0
30001662,Hibi,10000020,Tash-Murkon,30001663,Gemodi,10000020,Tash-Murkon,1.091,0,0
30001662,Hibi,10000020,Tash-Murkon,30001665,Nuzair,10000020,Tash-Murkon,0.785,0,0
30001662,Hibi,10000020,Tash-Murkon,30001666,Pera,10000020,Tash-Murkon,0.486,0,0
30004240,Hier,10000054,Aridia,30004267,Nema,10000054,Aridia,0.708,0,0
30004240,Hier,10000054,Aridia,30004242,Sadana,10000054,Aridia,0.706,0,0
30004142,Hikansog,10000052,Kador,30004143,Syrikos,10000052,Kador,0.965,0,1
30045338,Hikkoken,10000069,Black Rise,30045341,Hallanen,10000069,Black Rise,1.693,0,0
30045338,Hikkoken,10000069,Black Rise,30045343,Immuri,10000069,Black Rise,3.083,0,0
30045338,Hikkoken,10000069,Black Rise,30045344,Nennamaila,10000069,Black Rise,2.682,0,0
30045338,Hikkoken,10000069,Black Rise,30045353,Pynekastoh,10000069,Black Rise,6.013,0,0
30001674,Hilaban,10000020,Tash-Murkon,30021672,Pasha,10000020,Tash-Murkon,0.334,0,1
30003428,Hilfhurmur,10000042,Metropolis,30003429,Geffur,10000042,Metropolis,0.758,0,0
30003428,Hilfhurmur,10000042,Metropolis,30003430,Oppold,10000042,Metropolis,1.517,0,0
30004133,Hilmar,10000052,Kador,30004134,Kasi,10000052,Kador,1.007,0,0
30004133,Hilmar,10000052,Kador,30004135,Shura,10000052,Kador,0.977,0,0
30004077,Hiroudeh,10000052,Kador,30004082,Aharalel,10000052,Kador,1.079,0,0
30045345,Hirri,10000069,Black Rise,30045346,Kedama,10000069,Black Rise,1.41,0,0
30045345,Hirri,10000069,Black Rise,30045352,Nisuwa,10000069,Black Rise,0.996,0,0
30045345,Hirri,10000069,Black Rise,30045353,Pynekastoh,10000069,Black Rise,1.765,0,0
30000133,Hirtamon,10000002,The Forge,30021407,Aokannitoh,10000002,The Forge,0.448,0,1
30000133,Hirtamon,10000002,The Forge,30000138,Ikuchi,10000002,The Forge,0.553,0,0
30000133,Hirtamon,10000002,The Forge,30000145,New Caldari,10000002,The Forge,0.854,0,0
30003531,Hisoufad,10000043,Domain,30003533,Hahda,10000043,Domain,0.916,0,0
30003531,Hisoufad,10000043,Domain,30003536,Uzigh,10000043,Domain,0.772,0,1
30002245,Hizhara,10000043,Domain,30002247,Ahala,10000043,Domain,0.267,0,0
30003400,Hjortur,10000042,Metropolis,30003401,Egbonbet,10000042,Metropolis,0.694,0,0
30003400,Hjortur,10000042,Metropolis,30003408,Evettullur,10000042,Metropolis,0.693,0,0
30003400,Hjortur,10000042,Metropolis,30003402,Totkubad,10000042,Metropolis,1.052,0,0
30003469,Hodrold,10000042,Metropolis,30003471,Konora,10000042,Metropolis,0.716,0,0
30003469,Hodrold,10000042,Metropolis,30003470,Odebeinn,10000042,Metropolis,0.836,0,0
30002096,Hofjaldgund,10000042,Metropolis,30002541,Dal,10000030,Heimatar,1.837,1,0
30100076,Hofs,10001004,Exordium,30100077,Dettisolin,10001004,Exordium,0.328,0,0
30002773,Hogimo,10000033,The Citadel,30002774,Huttaken,10000033,The Citadel,1.126,0,0
30002773,Hogimo,10000033,The Citadel,30002798,Venilen,10000033,The Citadel,1.127,0,1
30001680,Hoona,10000020,Tash-Murkon,30001708,Asezai,10000020,Tash-Murkon,1.144,0,0
30001680,Hoona,10000020,Tash-Murkon,30001687,Lossa,10000020,Tash-Murkon,2.325,0,0
30004309,Hophib,10000054,Aridia,30004626,D4KU-5,10000058,Fountain,6.344,1,0
30002397,Horaka,10000028,Molden Heath,30002398,Eldulf,10000028,Molden Heath,0.779,0,0
30002397,Horaka,10000028,Molden Heath,30002399,Orien,10000028,Molden Heath,0.918,0,0
30002397,Horaka,10000028,Molden Heath,30002400,Varigne,10000028,Molden Heath,1.1,0,0
30004264,Hoseen,10000054,Aridia,30004266,Gesh,10000054,Aridia,0.627,0,0
30003560,Hoshoun,10000043,Domain,30003562,Ziriert,10000043,Domain,0.895,0,0
30004130,Hostakoh,10000052,Kador,30004131,Yooh,10000052,Kador,1.562,0,0
30001690,Hostni,10000020,Tash-Murkon,30001692,Kibursha,10000020,Tash-Murkon,0.993,0,0
30001690,Hostni,10000020,Tash-Murkon,30001691,Mimime,10000020,Tash-Murkon,0.868,0,0
30100067,Hotak,10001004,Exordium,30100068,Dyka-hau,10001004,Exordium,0.297,0,0
30100067,Hotak,10001004,Exordium,30100070,Tatrys,10001004,Exordium,0.339,0,0
30100067,Hotak,10001004,Exordium,30100069,Urtasvaar,10001004,Exordium,0.26,0,0
30003456,Hotrardik,10000042,Metropolis,30003458,Klaevik,10000042,Metropolis,0.662,0,0
30003456,Hotrardik,10000042,Metropolis,30003457,Ridoner,10000042,Metropolis,0.649,0,0
30003468,Hroduko,10000042,Metropolis,30003472,Erindur,10000042,Metropolis,0.667,0,1
30003468,Hroduko,10000042,Metropolis,30003469,Hodrold,10000042,Metropolis,0.706,0,0
30002391,Hrokkur,10000028,Molden Heath,30002392,Hrober,10000028,Molden Heath,0.994,0,1
30002574,Hrondedir,10000030,Heimatar,30002576,Hrondmund,10000030,Heimatar,0.934,0,1
30002574,Hrondedir,10000030,Heimatar,30002575,Sotrenzur,10000030,Heimatar,0.896,0,0
30002576,Hrondmund,10000030,Heimatar,30002577,Bundindus,10000030,Heimatar,0.756,0,1
30002054,Hror,10000042,Metropolis,30002055,Amo,10000042,Metropolis,0.53,0,0
30002054,Hror,10000042,Metropolis,30002056,Resbroko,10000042,Metropolis,1.082,0,0
30002505,Hulm,10000030,Heimatar,30002511,Ameinaka,10000030,Heimatar,0.513,0,0
30002505,Hulm,10000030,Heimatar,30002518,Edmalbrurdus,10000030,Heimatar,0.454,0,0
30004988,Hulmate,10000064,Essence,30005006,Aere,10000064,Essence,5.079,0,0
30004988,Hulmate,10000064,Essence,30004989,Annages,10000064,Essence,1.423,0,0
30004988,Hulmate,10000064,Essence,30004990,Onne,10000064,Essence,0.835,0,0
30004304,Huna,10000054,Aridia,30004306,Karan,10000054,Aridia,0.631,0,0
30003067,Huola,10000038,The Bleak Lands,30003068,Kourmonen,10000038,The Bleak Lands,0.662,0,0
30000150,Hurtoken,10000002,The Forge,30000152,Hampinen,10000002,The Forge,0.591,0,0
30002774,Huttaken,10000033,The Citadel,30002781,Halaima,10000033,The Citadel,1.474,0,0
30045306,Hykanima,10000069,Black Rise,30045311,Ashitsu,10000069,Black Rise,0.734,0,0
30045306,Hykanima,10000069,Black Rise,30045310,Sarenemi,10000069,Black Rise,1.665,0,0
30045306,Hykanima,10000069,Black Rise,30045309,Villasen,10000069,Black Rise,1.747,0,0
30000134,Hykkota,10000002,The Forge,30005196,Ahbazon,10000067,Genesis,14.759,1,0
30000134,Hykkota,10000002,The Forge,30000136,Ohmahailen,10000002,The Forge,0.96,0,0
30000134,Hykkota,10000002,The Forge,30000135,Outuni,10000002,The Forge,0.635,0,0
30002796,Hysera,10000033,The Citadel,30002806,Hasmijaala,10000033,The Citadel,0.862,0,0
30002796,Hysera,10000033,The Citadel,30002799,Oisio,10000033,The Citadel,1.042,0,0
30004400,I-7JR4,10000055,Branch,30004401,CH9L-K,10000055,Branch,0.821,0,0
30004400,I-7JR4,10000055,Branch,30004402,QYZM-W,10000055,Branch,1.743,0,0
30001188,I-8D0G,10000014,Catch,30001193,A-803L,10000014,Catch,4.679,0,0
30001188,I-8D0G,10000014,Catch,30001194,WQH-4K,10000014,Catch,1.039,0,0
30000520,I-9GI1,10000005,Detorid,30002163,E8-YS9,10000025,Immensea,2.015,1,0
30004177,I-CMZA,10000053,Cobalt Edge,30004179,A-0IIQ,10000053,Cobalt Edge,0.953,0,0
30004177,I-CMZA,10000053,Cobalt Edge,30004180,CBY8-J,10000053,Cobalt Edge,0.495,0,0
30004177,I-CMZA,10000053,Cobalt Edge,30004181,E-BYOS,10000053,Cobalt Edge,0.852,0,0
30004177,I-CMZA,10000053,Cobalt Edge,30004178,H23-B5,10000053,Cobalt Edge,0.638,0,0
30004636,I-CUVX,10000058,Fountain,30004639,14YI-D,10000058,Fountain,0.588,0,0
30004636,I-CUVX,10000058,Fountain,30004637,J-RQMF,10000058,Fountain,1.271,0,0
30003784,I-MGAB,10000047,Providence,30003785,18XA-C,10000047,Providence,1.795,0,0
30002134,I-NGI8,10000025,Immensea,30002136,E1F-LK,10000025,Immensea,0.975,0,0
30002134,I-NGI8,10000025,Immensea,30002135,R-ZUOL,10000025,Immensea,0.936,0,0
30000952,I-QRJA,10000011,Great Wildlands,30000954,DE71-9,10000011,Great Wildlands,1.1,0,0
30000952,I-QRJA,10000011,Great Wildlands,30000953,M-YWAL,10000011,Great Wildlands,1.286,0,1
30003317,I0AB-R,10000041,Syndicate,30003319,A-3ES3,10000041,Syndicate,0.453,0,1
30003621,I1-BE8,10000045,Tenal,30003658,ZK-YQ3,10000045,Tenal,1.301,0,0
30004023,I1Y-IU,10000050,Querious,30004024,U-HYZN,10000050,Querious,0.568,0,1
30002877,I2D3-5,10000034,The Kalevala Expanse,30002878,FZX-PU,10000034,The Kalevala Expanse,0.662,0,0
30002877,I2D3-5,10000034,The Kalevala Expanse,30002880,RQOO-U,10000034,The Kalevala Expanse,0.623,0,0
30002908,I30-3A,10000035,Deklein,30002909,2O9G-D,10000035,Deklein,0.587,0,0
30000758,I3CR-F,10000009,Insmother,30000761,M4-GJ6,10000009,Insmother,0.555,0,0
30000758,I3CR-F,10000009,Insmother,30000763,SN9-3Z,10000009,Insmother,0.973,0,0
30000626,I6-SYN,10000007,Cache,30001000,K-IYNW,10000011,Great Wildlands,14.438,1,0
30000626,I6-SYN,10000007,Cache,30000627,O-5TN1,10000007,Cache,1.27,0,1
30002343,I64-XB,10000027,Etherium Reach,30002377,M-V0PQ,10000027,Etherium Reach,0.515,0,0
30004933,I6M-9U,10000063,Period Basis,30004934,MG0-RD,10000063,Period Basis,0.686,0,0
30003716,I7S-1S,10000047,Providence,30003741,S9X-AX,10000047,Providence,1.134,0,0
30001110,I8-AJY,10000013,Malpais,30001111,6-WMKE,10000013,Malpais,0.508,0,0
30001110,I8-AJY,10000013,Malpais,30001112,J-Z8C2,10000013,Malpais,0.783,0,0
30000709,IAK-JW,10000008,Scalding Pass,30000710,KZFV-4,10000008,Scalding Pass,0.907,0,0
30000709,IAK-JW,10000008,Scalding Pass,30000712,RYC-19,10000008,Scalding Pass,0.947,0,0
30000709,IAK-JW,10000008,Scalding Pass,30000711,WO-GC0,10000008,Scalding Pass,1.418,0,0
30003241,IAMJ-Q,10000040,Oasa,30004204,EJ-5X2,10000053,Cobalt Edge,6.574,1,0
30000509,IAS-I5,10000005,Detorid,30000510,K7S-FF,10000005,Detorid,0.51,0,0
30000509,IAS-I5,10000005,Detorid,30000511,RT-9WL,10000005,Detorid,1.01,0,0
30001052,IBOX-2,10000013,Malpais,30001054,VW-PXL,10000013,Malpais,0.851,0,0
30000422,IEZW-V,10000004,UUA-F4,30000423,B-DXO9,10000004,UUA-F4,0.834,0,0
30001056,IF-KD1,10000013,Malpais,30005099,R-AG7W,10000066,Perrigen Falls,2.918,1,0
30001056,IF-KD1,10000013,Malpais,30001091,Z0H2-4,10000013,Malpais,1.704,0,0
30000254,IFJ-EL,10000003,Vale of the Silent,30000255,47L-J4,10000003,Vale of the Silent,0.382,0,0
30000254,IFJ-EL,10000003,Vale of the Silent,30000257,E-D0VZ,10000003,Vale of the Silent,0.85,0,0
30000254,IFJ-EL,10000003,Vale of the Silent,30000256,Q-L07F,10000003,Vale of the Silent,0.566,0,1
30000254,IFJ-EL,10000003,Vale of the Silent,30000260,S-NJBB,10000003,Vale of the Silent,1.639,0,0
30003203,IG-4OF,10000040,Oasa,30003204,LQQH-J,10000040,Oasa,0.519,0,0
30003614,IG-ZAM,10000045,Tenal,30003615,0-UVHJ,10000045,Tenal,1.171,0,0
30003614,IG-ZAM,10000045,Tenal,30003616,NCG-PW,10000045,Tenal,0.671,0,0
30003987,IGE-NE,10000050,Querious,30003988,UVHO-F,10000050,Querious,1.214,0,1
30003987,IGE-NE,10000050,Querious,30003989,Z-XX2J,10000050,Querious,2.357,0,0
30004583,IGE-RI,10000058,Fountain,30004590,B17O-R,10000058,Fountain,0.967,0,1
30002907,II-5O9,10000035,Deklein,30002915,C7Y-7Z,10000035,Deklein,0.397,0,0
30003311,IIRH-G,10000041,Syndicate,30003312,35-RK9,10000041,Syndicate,0.5,0,1
30002372,IL-H0A,10000027,Etherium Reach,30002373,CT8K-0,10000027,Etherium Reach,0.657,0,0
30002372,IL-H0A,10000027,Etherium Reach,30002376,L4X-1V,10000027,Etherium Reach,0.689,0,0
30002372,IL-H0A,10000027,Etherium Reach,30002374,M9-LAN,10000027,Etherium Reach,0.821,0,0
30004832,IL-YTR,10000061,Tenerifis,30004833,KW-OAM,10000061,Tenerifis,0.876,0,0
30000895,IMK-K1,10000010,Tribute,30000896,NJ4X-S,10000010,Tribute,1.408,0,0
30003219,IO-R2S,10000040,Oasa,30003222,Q-ITV5,10000040,Oasa,0.69,0,0
30003219,IO-R2S,10000040,Oasa,30003221,QE2-FS,10000040,Oasa,0.683,0,0
30001991,ION-FG,10000023,Pure Blind,30001992,C-H9X7,10000023,Pure Blind,0.714,0,0
30002439,IOO-7O,10000029,Geminate,30002440,BWF-ZZ,10000029,Geminate,1.203,0,0
30004726,IP6V-X,10000060,Delve,30004728,1B-VKF,10000060,Delve,0.86,0,1
30000252,IPAY-2,10000003,Vale of the Silent,30000256,Q-L07F,10000003,Vale of the Silent,0.991,0,1
30000277,IR-DYY,10000003,Vale of the Silent,30000278,C-DHON,10000003,Vale of the Silent,1.88,0,1
30000277,IR-DYY,10000003,Vale of the Silent,30000279,F-D49D,10000003,Vale of the Silent,0.789,0,1
30003140,IR-FDV,10000039,Esoteria,30003145,6-TYRX,10000039,Esoteria,0.597,0,1
30003140,IR-FDV,10000039,Esoteria,30003141,NIZJ-0,10000039,Esoteria,1.064,0,1
30004556,IR-WT1,10000058,Fountain,30004567,E-BWUU,10000058,Fountain,0.757,0,0
30002333,IRD-HU,10000027,Etherium Reach,30002334,B-2VXB,10000027,Etherium Reach,0.782,0,0
30002595,IRE-98,10000031,Impass,30002599,DY-40Z,10000031,Impass,0.517,0,1
30002595,IRE-98,10000031,Impass,30002598,F-3H2P,10000031,Impass,1.529,0,0
30002595,IRE-98,10000031,Impass,30002612,N-7ECY,10000031,Impass,1.544,0,1
30002331,IS-OBW,10000027,Etherium Reach,30002332,1GH-48,10000027,Etherium Reach,0.752,0,0
30002331,IS-OBW,10000027,Etherium Reach,30002335,FIZU-X,10000027,Etherium Reach,0.816,0,0
30001236,IS-R7P,10000014,Catch,30003781,3KB-J0,10000047,Providence,0.8,1,0
30001236,IS-R7P,10000014,Catch,30003721,DP-JD4,10000047,Providence,2.226,1,0
30000285,IT-YAU,10000003,Vale of the Silent,30000288,1W-0KS,10000003,Vale of the Silent,0.628,0,0
30005169,IU-E9T,10000066,Perrigen Falls,30005170,NGM-OK,10000066,Perrigen Falls,1.248,0,0
30005169,IU-E9T,10000066,Perrigen Falls,30005171,O-QKSM,10000066,Perrigen Falls,1.488,0,0
30002886,IUU3-L,10000034,The Kalevala Expanse,30002888,S-LHPJ,10000034,The Kalevala Expanse,0.382,0,1
30002594,IV-UNR,10000031,Impass,30004404,UD-VZW,10000056,Feythabolis,1.634,1,0
30000622,IVP-KA,10000007,Cache,30000762,5-2PQU,10000009,Insmother,1.071,1,0
30000956,IX8-JB,10000011,Great Wildlands,30000963,1C-953,10000011,Great Wildlands,0.899,0,0
30000956,IX8-JB,10000011,Great Wildlands,30000962,1L-AED,10000011,Great Wildlands,0.857,0,0
30000956,IX8-JB,10000011,Great Wildlands,30000957,WTIE-6,10000011,Great Wildlands,0.768,0,0
30000956,IX8-JB,10000011,Great Wildlands,30000958,Y-DSSK,10000011,Great Wildlands,1.804,0,1
30004535,IZ-AOB,10000057,Outer Ring,30004536,G5-EN3,10000057,Outer Ring,0.443,0,0
30004120,Iaokit,10000052,Kador,30005241,Petidu,10000067,Genesis,1.715,1,0
30003933,Ibani,10000049,Khanid,30003935,Irmalin,10000049,Khanid,1.269,0,0
30002984,Ibash,10000036,Devoid,30002985,Itsyamil,10000036,Devoid,1.712,0,0
30002984,Ibash,10000036,Devoid,30002987,Ussad,10000036,Devoid,1.229,0,1
30001428,Ibura,10000016,Lonetrek,30001429,Torrinos,10000016,Lonetrek,0.889,0,0
30003513,Ides,10000043,Domain,30003517,Etav,10000043,Domain,0.54,0,0
30003513,Ides,10000043,Domain,30003514,Yeeramoun,10000043,Domain,0.603,0,0
30003072,Iesa,10000038,The Bleak Lands,30003073,Netsalakka,10000038,The Bleak Lands,0.943,0,0
30003072,Iesa,10000038,The Bleak Lands,30003077,Uusanen,10000038,The Bleak Lands,1.035,0,0
30003815,Iffrue,10000048,Placid,30003817,Ommaerrer,10000048,Placid,1.125,0,1
30003815,Iffrue,10000048,Placid,30003816,Vilinnon,10000048,Placid,1.434,0,1
30003796,Iges,10000048,Placid,30003797,Dastryns,10000048,Placid,0.496,0,0
30003796,Iges,10000048,Placid,30003798,Slays,10000048,Placid,0.607,0,0
30003796,Iges,10000048,Placid,30003799,Uphallant,10000048,Placid,0.641,0,0
30005005,Ignebaener,10000070,Pochven,30031392,Komo,10000070,Pochven,15.145,0,0
30000169,Ihakana,10000002,The Forge,30000171,Otitoh,10000002,The Forge,0.887,0,0
30000169,Ihakana,10000002,The Forge,30000172,Otomainen,10000002,The Forge,0.74,0,1
30000169,Ihakana,10000002,The Forge,30000194,Otsela,10000002,The Forge,2.938,0,0
30000048,Ihal,10000001,Derelik,30000106,Shedoo,10000001,Derelik,0.49,0,0
30001374,Iidoken,10000016,Lonetrek,30001389,Isanamo,10000016,Lonetrek,1.899,0,0
30001374,Iidoken,10000016,Lonetrek,30001410,Kirras,10000016,Lonetrek,0.372,0,0
30001374,Iidoken,10000016,Lonetrek,30001376,Nourvukaiken,10000016,Lonetrek,1.316,0,0
30001374,Iidoken,10000016,Lonetrek,30001377,Sarekuwa,10000016,Lonetrek,0.926,0,0
30001374,Iidoken,10000016,Lonetrek,30001375,Tsuguwa,10000016,Lonetrek,2.04,0,0
30001422,Iitanmadan,10000016,Lonetrek,30001437,Tamo,10000016,Lonetrek,1.203,0,0
30000159,Ikami,10000002,The Forge,30000161,Purjola,10000002,The Forge,0.828,0,0
30000159,Ikami,10000002,The Forge,30000160,Reisen,10000002,The Forge,0.522,0,0
30002786,Ikao,10000033,The Citadel,30002792,Irjunen,10000033,The Citadel,1.562,0,0
30002786,Ikao,10000033,The Citadel,30002803,Juunigaishi,10000033,The Citadel,1.509,0,0
30002786,Ikao,10000033,The Citadel,30002790,Waskisen,10000033,The Citadel,1.337,0,0
30000138,Ikuchi,10000002,The Forge,30000142,Jita,10000002,The Forge,1.034,0,0
30000138,Ikuchi,10000002,The Forge,30001379,Tunttaras,10000016,Lonetrek,2.377,1,0
30000090,Ilahed,10000001,Derelik,30000093,Ishkad,10000001,Derelik,0.585,0,1
30001731,Ilas,10000020,Tash-Murkon,30001733,Tew,10000020,Tash-Murkon,0.804,0,0
30001731,Ilas,10000020,Tash-Murkon,30001732,Zith,10000020,Tash-Murkon,0.9,0,0
30002396,Illamur,10000028,Molden Heath,30002397,Horaka,10000028,Molden Heath,1.648,0,0
30002396,Illamur,10000028,Molden Heath,30002401,Meildolf,10000028,Molden Heath,0.606,0,0
30002527,Illinfrik,10000030,Heimatar,30002528,Balginia,10000030,Heimatar,0.651,0,0
30002527,Illinfrik,10000030,Heimatar,30002569,Osaumuni,10000030,Heimatar,1.375,0,0
30003377,Illuin,10000042,Metropolis,30003379,Aldilur,10000042,Metropolis,0.635,0,1
30003377,Illuin,10000042,Metropolis,30003380,Alf,10000042,Metropolis,2.195,0,0
30003377,Illuin,10000042,Metropolis,30003400,Hjortur,10000042,Metropolis,1.508,0,0
30003377,Illuin,10000042,Metropolis,30003409,Leurtmar,10000042,Metropolis,1.168,0,0
30002208,Ilonarav,10000043,Domain,30002269,Ebo,10000043,Domain,1.571,0,0
30002208,Ilonarav,10000043,Domain,30002260,Esteban,10000043,Domain,1.672,0,0
30002208,Ilonarav,10000043,Domain,30002258,Nadohman,10000043,Domain,1.249,0,0
30002208,Ilonarav,10000043,Domain,30002259,Sahdil,10000043,Domain,0.95,0,0
30003094,Imata,10000038,The Bleak Lands,30003095,Furskeshin,10000038,The Bleak Lands,0.905,0,1
30001655,Imeshasa,10000020,Tash-Murkon,30001675,Sacalan,10000020,Tash-Murkon,1.359,0,0
30005053,Imih,10000065,Kor-Azor,30005087,Liparer,10000065,Kor-Azor,3.961,0,0
30005053,Imih,10000065,Kor-Azor,30005054,Nare,10000065,Kor-Azor,1.065,0,0
30045343,Immuri,10000069,Black Rise,30045344,Nennamaila,10000069,Black Rise,1.39,0,0
30005246,Imya,10000067,Genesis,30005261,Antem,10000067,Genesis,1.69,0,0
30005246,Imya,10000067,Genesis,30005249,Anyed,10000067,Genesis,0.665,0,0
30002788,Inaro,10000033,The Citadel,30002789,Kaaputenen,10000033,The Citadel,1.485,0,0
30002788,Inaro,10000033,The Citadel,30002791,Sirppala,10000033,The Citadel,0.447,0,0
30002788,Inaro,10000033,The Citadel,30002790,Waskisen,10000033,The Citadel,1.087,0,0
30000182,Inaya,10000002,The Forge,30000184,Uminas,10000002,The Forge,0.851,0,1
30000182,Inaya,10000002,The Forge,30000187,Wuos,10000002,The Forge,0.345,0,1
30002072,Inder,10000042,Metropolis,30002073,Tvink,10000042,Metropolis,1.366,0,0
30004982,Indregulle,10000064,Essence,30005295,Murethand,10000068,Verge Vendor,0.813,1,0
30002672,Inghenges,10000032,Sinq Laison,30002673,Estene,10000032,Sinq Laison,0.444,0,0
30002672,Inghenges,10000032,Sinq Laison,30002675,Stayme,10000032,Sinq Laison,0.896,0,0
30002559,Ingunn,10000030,Heimatar,30002560,Gultratren,10000030,Heimatar,1.028,0,0
30002559,Ingunn,10000030,Heimatar,30002575,Sotrenzur,10000030,Heimatar,1.28,0,0
30004102,Inis-Ilix,10000052,Kador,30015042,Akhwa,10000052,Kador,0.448,0,1
30045316,Innia,10000069,Black Rise,30045319,Eha,10000069,Black Rise,2.388,0,0
30045316,Innia,10000069,Black Rise,30045318,Martoh,10000069,Black Rise,1.105,0,0
30045316,Innia,10000069,Black Rise,30045320,Pavanakka,10000069,Black Rise,1.903,0,0
30002738,Inoue,10000033,The Citadel,30002742,Erila,10000033,The Citadel,0.696,0,1
30002738,Inoue,10000033,The Citadel,30002739,Isaziwa,10000033,The Citadel,0.825,0,1
30003788,Intaki,10000048,Placid,30005311,Amygnon,10000068,Verge Vendor,2.244,1,0
30003788,Intaki,10000048,Placid,30003789,Brarel,10000048,Placid,1.077,0,0
30003788,Intaki,10000048,Placid,30003790,Vey,10000048,Placid,2.745,0,0
30000062,Iosantin,10000001,Derelik,30000065,Akhrad,10000001,Derelik,0.846,0,0
30000062,Iosantin,10000001,Derelik,30000067,Sharir,10000001,Derelik,0.726,0,0
30003861,Ipref,10000049,Khanid,30003862,Agil,10000049,Khanid,1.482,0,0
30045317,Iralaja,10000069,Black Rise,30045318,Martoh,10000069,Black Rise,0.47,0,0
30003452,Irgrus,10000042,Metropolis,30005198,Pakhshi,10000067,Genesis,12.935,1,0
30002792,Irjunen,10000033,The Citadel,30002793,Inari,10000033,The Citadel,0.809,0,1
30003524,Irnal,10000043,Domain,30003527,Chesoh,10000043,Domain,0.88,0,0
30003524,Irnal,10000043,Domain,30033489,Hanan,10000043,Domain,0.334,0,1
30002192,Irnin,10000043,Domain,30002194,Martha,10000043,Domain,0.625,0,0
30001696,Iro,10000020,Tash-Murkon,30002216,Aldali,10000043,Domain,0.977,1,0
30000073,Irshah,10000001,Derelik,30000085,Bar,10000001,Derelik,1.787,0,0
30002276,Isamm,10000043,Domain,30002277,Ebtesham,10000043,Domain,0.764,0,0
30001389,Isanamo,10000016,Lonetrek,30002754,Alikara,10000033,The Citadel,1.697,1,0
30002739,Isaziwa,10000033,The Citadel,30002750,Oiniken,10000033,The Citadel,0.485,0,1
30002087,Isbrabata,10000042,Metropolis,30003089,Kurniainen,10000038,The Bleak Lands,6.901,1,0
30002087,Isbrabata,10000042,Metropolis,30002088,Vimeini,10000042,Metropolis,0.618,0,0
30002815,Isenairos,10000033,The Citadel,30002818,Oichiya,10000033,The Citadel,0.533,0,0
30002815,Isenairos,10000033,The Citadel,30002816,Saila,10000033,The Citadel,0.696,0,0
30002546,Isendeldik,10000030,Heimatar,30002547,Ammold,10000030,Heimatar,0.72,0,0
30000165,Ishisomo,10000002,The Forge,30000166,Airmia,10000002,The Forge,0.721,0,0
30000165,Ishisomo,10000002,The Forge,30000167,Sakkikainen,10000002,The Forge,0.639,0,0
30002756,Ishomilken,10000033,The Citadel,30002757,Nikkishina,10000033,The Citadel,0.481,0,0
30002756,Ishomilken,10000033,The Citadel,30002759,Uuna,10000033,The Citadel,1.395,0,0
30004243,Isid,10000054,Aridia,30004247,Marmeha,10000054,Aridia,0.444,0,1
30001387,Isikano,10000016,Lonetrek,30001389,Isanamo,10000016,Lonetrek,1.303,0,1
30001387,Isikano,10000016,Lonetrek,30001390,Pakkonen,10000016,Lonetrek,2.565,0,1
30001365,Isikemi,10000016,Lonetrek,30002753,Aikoro,10000033,The Citadel,1.1,1,0
30001365,Isikemi,10000016,Lonetrek,30001366,Uosusuokko,10000016,Lonetrek,0.784,0,0
30002804,Isikesu,10000033,The Citadel,30002805,Anttiri,10000033,The Citadel,1.028,0,0
30001426,Isinokka,10000016,Lonetrek,30001427,Yoma,10000016,Lonetrek,1.112,0,0
30002402,Istodard,10000028,Molden Heath,30002407,Altbrard,10000028,Molden Heath,0.642,0,1
30002402,Istodard,10000028,Molden Heath,30002403,Gonheim,10000028,Molden Heath,0.555,0,0
30002402,Istodard,10000028,Molden Heath,30002404,Half,10000028,Molden Heath,1.089,0,0
30002777,Isutaka,10000033,The Citadel,30002778,Tasabeshi,10000033,The Citadel,0.826,0,1
30001726,Iswa,10000020,Tash-Murkon,30001728,Sizamod,10000020,Tash-Murkon,1.155,0,1
30000119,Itamo,10000002,The Forge,30000125,Ahtulaima,10000002,The Forge,1.177,0,1
30000119,Itamo,10000002,The Forge,30000121,Jatate,10000002,The Forge,1.366,0,1
30000119,Itamo,10000002,The Forge,30000124,Kylmabe,10000002,The Forge,0.673,0,1
30000119,Itamo,10000002,The Forge,30000140,Maurasi,10000002,The Forge,1.819,0,1
30000119,Itamo,10000002,The Forge,30000120,Mitsolen,10000002,The Forge,1.18,0,1
30000119,Itamo,10000002,The Forge,30000123,Vaankalen,10000002,The Forge,1.464,0,1
30004157,Ithar,10000052,Kador,30004159,Lazara,10000052,Kador,0.974,0,1
30005256,Itrin,10000067,Genesis,30005260,Keri,10000067,Genesis,0.958,0,1
30002524,Ivar,10000030,Heimatar,30002525,Meirakulf,10000030,Heimatar,0.898,0,0
30002524,Ivar,10000030,Heimatar,30042505,Usteli,10000030,Heimatar,0.448,0,1
30001656,Ivih,10000020,Tash-Murkon,30001659,Sehmosh,10000020,Tash-Murkon,0.67,0,0
30001656,Ivih,10000020,Tash-Murkon,30001657,Seil,10000020,Tash-Murkon,0.436,0,0
30003813,Ivorider,10000048,Placid,30003815,Iffrue,10000048,Placid,0.569,0,0
30003813,Ivorider,10000048,Placid,30003814,Mollin,10000048,Placid,0.795,0,0
30002642,Iyen-Oursta,10000032,Sinq Laison,30002643,Faurent,10000032,Sinq Laison,1.818,0,0
30002642,Iyen-Oursta,10000032,Sinq Laison,30002647,Ignoitton,10000032,Sinq Laison,2.619,0,0
30001812,J-0KB3,10000021,Outer Passage,30001815,4AZV-W,10000021,Outer Passage,1.157,0,1
30001812,J-0KB3,10000021,Outer Passage,30001816,UNV-3J,10000021,Outer Passage,0.785,0,0
30004905,J-4FNO,10000062,Omist,30004906,PEM-LC,10000062,Omist,0.807,0,0
30004162,J-A5QD,10000053,Cobalt Edge,30004166,5-3722,10000053,Cobalt Edge,0.934,0,0
30004162,J-A5QD,10000053,Cobalt Edge,30004163,BI0Y-X,10000053,Cobalt Edge,0.644,0,0
30001920,J-AYLV,10000022,Stain,30001921,DABV-N,10000022,Stain,0.428,0,0
30001977,J-CIJV,10000023,Pure Blind,30002015,4-ABS8,10000023,Pure Blind,0.826,0,0
30001977,J-CIJV,10000023,Pure Blind,30001982,G95-VZ,10000023,Pure Blind,1.187,0,0
30001977,J-CIJV,10000023,Pure Blind,30001978,X-7OMU,10000023,Pure Blind,1.749,0,0
30003206,J-D5U7,10000040,Oasa,30003261,H-MHWF,10000040,Oasa,0.768,0,0
30000847,J-GAMP,10000010,Tribute,30000850,FY0W-N,10000010,Tribute,1.907,0,0
30000847,J-GAMP,10000010,Tribute,30000848,M-OEE8,10000010,Tribute,1.05,0,0
30004755,J-LPX7,10000060,Delve,30004757,F-TE1T,10000060,Delve,1.398,0,0
30002174,J-QA7I,10000025,Immensea,30002175,2O-EEW,10000025,Immensea,1.886,0,0
30002174,J-QA7I,10000025,Immensea,30002177,7YSF-E,10000025,Immensea,0.603,0,1
30004215,J-QOKQ,10000053,Cobalt Edge,30004216,4GSZ-1,10000053,Cobalt Edge,0.733,0,1
30004215,J-QOKQ,10000053,Cobalt Edge,30004221,4T-VDE,10000053,Cobalt Edge,0.604,0,1
30004215,J-QOKQ,10000053,Cobalt Edge,30004219,9-7SRQ,10000053,Cobalt Edge,0.854,0,1
30004637,J-RQMF,10000058,Fountain,30004639,14YI-D,10000058,Fountain,0.886,0,0
30004637,J-RQMF,10000058,Fountain,30004642,KVN-36,10000058,Fountain,2.671,0,0
30004637,J-RQMF,10000058,Fountain,30004641,LJ-TZW,10000058,Fountain,1.334,0,0
30004637,J-RQMF,10000058,Fountain,30004638,TEG-SD,10000058,Fountain,1.081,0,0
30003142,J-RVGD,10000039,Esoteria,30003147,111-F1,10000039,Esoteria,0.662,0,0
30003142,J-RVGD,10000039,Esoteria,30003144,H-T40Z,10000039,Esoteria,0.951,0,0
30000594,J-RXYN,10000006,Wicked Creek,30000595,DUO-51,10000006,Wicked Creek,0.542,0,0
30000594,J-RXYN,10000006,Wicked Creek,30000597,Z-A8FS,10000006,Wicked Creek,1.122,0,0
30004410,J-TPTA,10000056,Feythabolis,30004412,5-IZGE,10000056,Feythabolis,2.074,0,1
30004410,J-TPTA,10000056,Feythabolis,30004414,F-8Y13,10000056,Feythabolis,0.556,0,1
30004410,J-TPTA,10000056,Feythabolis,30004413,OXC-UL,10000056,Feythabolis,0.581,0,1
30004410,J-TPTA,10000056,Feythabolis,30004411,PMV-G6,10000056,Feythabolis,0.587,0,1
30001112,J-Z8C2,10000013,Malpais,30001116,2Z-HPQ,10000013,Malpais,0.749,0,1
30001112,J-Z8C2,10000013,Malpais,30001114,APES-G,10000013,Malpais,0.802,0,0
30000843,J-ZYSZ,10000009,Insmother,30000844,5C-RPA,10000009,Insmother,0.755,0,0
30002942,J1AU-9,10000035,Deklein,30002943,X3-PBC,10000035,Deklein,0.579,0,0
30001750,J4AQ-O,10000021,Outer Passage,30001754,M4U-EH,10000021,Outer Passage,0.683,0,1
30001750,J4AQ-O,10000021,Outer Passage,30001751,O-O2GN,10000021,Outer Passage,2.142,0,0
30004373,J52-BH,10000055,Branch,30004374,5-P1Y2,10000055,Branch,1.01,0,0
30001941,J5NU-K,10000022,Stain,30001943,RVRE-Z,10000022,Stain,0.673,0,1
30001230,J6QB-P,10000014,Catch,30001231,KA6D-K,10000014,Catch,0.863,0,0
30002285,J7M-3W,10000027,Etherium Reach,30002287,9P-870,10000027,Etherium Reach,1.097,0,0
30002285,J7M-3W,10000027,Etherium Reach,30002303,NK-VTL,10000027,Etherium Reach,0.641,0,0
30002285,J7M-3W,10000027,Etherium Reach,30002835,SY-0AM,10000034,The Kalevala Expanse,1.62,1,0
30001800,J7X-VN,10000021,Outer Passage,30001802,G-HE0N,10000021,Outer Passage,1.254,0,0
30004312,J7YR-1,10000055,Branch,30004323,AH-B84,10000055,Branch,1.167,0,1
30004312,J7YR-1,10000055,Branch,30004313,PKG4-7,10000055,Branch,1.32,0,0
30004385,J9-5MQ,10000055,Branch,30004387,313I-B,10000055,Branch,0.932,0,1
30004385,J9-5MQ,10000055,Branch,30004386,D4R-H7,10000055,Branch,1.19,0,0
30004385,J9-5MQ,10000055,Branch,30004389,Q-4DEC,10000055,Branch,1.109,0,1
30004460,J94-MU,10000056,Feythabolis,30004461,M2GJ-X,10000056,Feythabolis,1.17,0,0
30005158,J9A-BH,10000066,Perrigen Falls,30005159,4F6-VZ,10000066,Perrigen Falls,1.326,0,1
30005158,J9A-BH,10000066,Perrigen Falls,30005160,B-7LYC,10000066,Perrigen Falls,1.265,0,0
30005158,J9A-BH,10000066,Perrigen Falls,30005162,PT-2KR,10000066,Perrigen Falls,0.572,0,0
30004514,J9SH-A,10000057,Outer Ring,30004515,JKJ-VJ,10000057,Outer Ring,1.381,0,0
30001055,JA-G0T,10000013,Malpais,30001109,1-EVAX,10000013,Malpais,0.692,0,0
30001225,JA-O6J,10000014,Catch,30001241,5-N2EY,10000014,Catch,2.042,0,0
30003107,JAUD-V,10000039,Esoteria,30003108,DTX8-M,10000039,Esoteria,2.012,0,0
30001777,JBUH-H,10000021,Outer Passage,30001789,NHKO-4,10000021,Outer Passage,1.764,0,0
30001777,JBUH-H,10000021,Outer Passage,30001778,XDTW-F,10000021,Outer Passage,0.619,0,0
30001185,JBY6-F,10000014,Catch,30001186,FZ-6A5,10000014,Catch,1.056,0,1
30003148,JD-TYH,10000039,Esoteria,30003149,02V-BK,10000039,Esoteria,1.553,0,0
30003148,JD-TYH,10000039,Esoteria,30003150,A5MT-B,10000039,Esoteria,0.753,0,1
30003148,JD-TYH,10000039,Esoteria,30003152,SN9S-N,10000039,Esoteria,0.656,0,0
30002112,JDAS-0,10000025,Immensea,30002115,Y2-QUV,10000025,Immensea,1.275,0,1
30002006,JE-D5U,10000023,Pure Blind,30002008,OE-9UF,10000023,Pure Blind,1.081,0,0
30002006,JE-D5U,10000023,Pure Blind,30002009,PFU-LH,10000023,Pure Blind,1.113,0,0
30002006,JE-D5U,10000023,Pure Blind,30002010,R6XN-9,10000023,Pure Blind,1.524,0,0
30004192,JE-VLG,10000053,Cobalt Edge,30004193,5ED-4E,10000053,Cobalt Edge,0.5,0,0
30004192,JE-VLG,10000053,Cobalt Edge,30004195,DN58-U,10000053,Cobalt Edge,0.971,0,0
30003760,JEIV-E,10000047,Providence,30003762,DNR-7M,10000047,Providence,0.74,0,0
30003760,JEIV-E,10000047,Providence,30003763,N-RMSH,10000047,Providence,0.836,0,0
30003760,JEIV-E,10000047,Providence,30003761,O-Y5JQ,10000047,Providence,0.534,0,0
30000608,JEQG-7,10000006,Wicked Creek,30000610,B-WQDP,10000006,Wicked Creek,1.01,0,0
30004575,JGOW-Y,10000058,Fountain,30004578,AL8-V4,10000058,Fountain,0.795,0,1
30004575,JGOW-Y,10000058,Fountain,30004576,APM-6K,10000058,Fountain,0.64,0,0
30001243,JGW-OT,10000014,Catch,30001244,UCG4-B,10000014,Catch,1.746,0,0
30003285,JH-M2W,10000041,Syndicate,30003286,PC9-AY,10000041,Syndicate,1.034,0,1
30004667,JI-K5H,10000059,Paragon Soul,30004668,33-JRO,10000059,Paragon Soul,1.627,0,0
30004667,JI-K5H,10000059,Paragon Soul,30004669,ARBX-9,10000059,Paragon Soul,2.591,0,0
30004667,JI-K5H,10000059,Paragon Soul,30004671,O-MCZR,10000059,Paragon Soul,0.797,0,0
30004435,JI-LGM,10000056,Feythabolis,30004842,T2-V8F,10000061,Tenerifis,6.989,1,0
30004839,JI1-SY,10000061,Tenerifis,30004842,T2-V8F,10000061,Tenerifis,0.845,0,0
30004839,JI1-SY,10000061,Tenerifis,30004840,X-1QGA,10000061,Tenerifis,1.573,0,0
30004684,JK-GLL,10000059,Paragon Soul,30004700,LD-2VL,10000059,Paragon Soul,0.943,0,1
30004836,JK-Q77,10000061,Tenerifis,30004838,YF-P4X,10000061,Tenerifis,3.18,0,0
30004515,JKJ-VJ,10000057,Outer Ring,30004517,33FN-P,10000057,Outer Ring,1.039,0,0
30004515,JKJ-VJ,10000057,Outer Ring,30004520,3HQC-6,10000057,Outer Ring,1.032,0,0
30004515,JKJ-VJ,10000057,Outer Ring,30004519,MT-2VJ,10000057,Outer Ring,0.804,0,0
30004515,JKJ-VJ,10000057,Outer Ring,30004516,RTX0-S,10000057,Outer Ring,0.643,0,0
30001556,JLH-FN,10000018,The Spire,30001557,DFTK-D,10000018,The Spire,1.392,0,1
30005161,JM0A-4,10000066,Perrigen Falls,30005166,3LL-O0,10000066,Perrigen Falls,0.714,0,0
30005161,JM0A-4,10000066,Perrigen Falls,30005167,A1F-22,10000066,Perrigen Falls,0.869,0,0
30000662,JMH-PT,10000008,Scalding Pass,30000664,X9V-15,10000008,Scalding Pass,0.976,0,0
30004462,JO-32L,10000056,Feythabolis,30004464,MSKR-1,10000056,Feythabolis,0.831,0,0
30004462,JO-32L,10000056,Feythabolis,30004463,UB5Z-3,10000056,Feythabolis,0.88,0,1
30004731,JP4-AA,10000060,Delve,30004734,23G-XC,10000060,Delve,1.474,0,1
30004731,JP4-AA,10000060,Delve,30004736,4X0-8B,10000060,Delve,1.69,0,0
30004731,JP4-AA,10000060,Delve,30004732,FM-JK5,10000060,Delve,1.258,0,0
30000901,JPL-RA,10000011,Great Wildlands,30000923,CRXA-Y,10000011,Great Wildlands,1.586,0,0
30000901,JPL-RA,10000011,Great Wildlands,30000902,NK-7XO,10000011,Great Wildlands,1.414,0,0
30000548,JQU-KY,10000006,Wicked Creek,30000550,C-62I5,10000006,Wicked Creek,1.848,0,0
30004330,JRZ-B9,10000055,Branch,30004332,S-B7IT,10000055,Branch,1.338,0,0
30004330,JRZ-B9,10000055,Branch,30004331,X4UV-Z,10000055,Branch,1.182,0,0
30001851,JS-E8E,10000022,Stain,30001852,FV-SE8,10000022,Stain,0.85,0,0
30003664,JSI-LL,10000045,Tenal,30003665,M-UC0S,10000045,Tenal,0.59,0,0
30003664,JSI-LL,10000045,Tenal,30003669,Q1U-IU,10000045,Tenal,0.7,0,0
30003664,JSI-LL,10000045,Tenal,30003667,SY0W-2,10000045,Tenal,0.839,0,0
30002821,JT2I-7,10000034,The Kalevala Expanse,30002822,XTJ-5Q,10000034,The Kalevala Expanse,0.956,0,1
30002323,JTA2-2,10000027,Etherium Reach,30002325,3H58-R,10000027,Etherium Reach,0.395,0,1
30002323,JTA2-2,10000027,Etherium Reach,30002324,R-6KYM,10000027,Etherium Reach,1.254,0,0
30002323,JTA2-2,10000027,Etherium Reach,30002326,RV-GA8,10000027,Etherium Reach,1.251,0,0
30004324,JTAU-5,10000055,Branch,30004327,F-9F6Q,10000055,Branch,2.244,0,1
30002911,JU-OWQ,10000035,Deklein,30002913,MXX5-9,10000035,Deklein,1.154,0,0
30002911,JU-OWQ,10000035,Deklein,30002912,S-DN5M,10000035,Deklein,0.854,0,1
30001937,JU-UYK,10000022,Stain,30001938,O-FTHE,10000022,Stain,0.514,0,1
30001743,JUE-DX,10000021,Outer Passage,30001802,G-HE0N,10000021,Outer Passage,0.775,0,0
30001743,JUE-DX,10000021,Outer Passage,30001744,HLR-GL,10000021,Outer Passage,1.467,0,0
30001743,JUE-DX,10000021,Outer Passage,30001797,UAJ5-K,10000021,Outer Passage,0.993,0,0
30000987,JUK0-1,10000011,Great Wildlands,30000988,V-IH6B,10000011,Great Wildlands,1.712,0,1
30001315,JURU-T,10000015,Venal,30001322,0-O2UT,10000015,Venal,4.704,0,0
30001315,JURU-T,10000015,Venal,30001317,65V-RH,10000015,Venal,1.758,0,0
30001315,JURU-T,10000015,Venal,30001316,MC6-5J,10000015,Venal,0.763,0,0
30001948,JVJ2-N,10000022,Stain,30001949,2B-3M4,10000022,Stain,0.466,0,1
30001948,JVJ2-N,10000022,Stain,30001951,5J-UEX,10000022,Stain,0.647,0,0
30001007,JWJ-P1,10000012,Curse,30001009,0SHT-A,10000012,Curse,0.872,0,1
30001007,JWJ-P1,10000012,Curse,30001013,J7A-UR,10000012,Curse,0.78,0,1
30001190,JWZ2-V,10000014,Catch,30001192,GJ0-OJ,10000014,Catch,0.944,0,0
30001190,JWZ2-V,10000014,Catch,30001195,J-ODE7,10000014,Catch,0.929,0,0
30001793,JX-SOA,10000021,Outer Passage,30001794,VH-9VO,10000021,Outer Passage,1.011,0,0
30003264,JXQJ-B,10000040,Oasa,30003266,QYT-X8,10000040,Oasa,1.05,0,0
30003264,JXQJ-B,10000040,Oasa,30003265,Y-BIPM,10000040,Oasa,1.335,0,0
30000640,JZ-B5Y,10000007,Cache,30000642,NIF-JE,10000007,Cache,2.042,0,0
30005135,JZ-UQC,10000066,Perrigen Falls,30005138,7M4-4C,10000066,Perrigen Falls,0.933,0,0
30005135,JZ-UQC,10000066,Perrigen Falls,30005137,9WVY-F,10000066,Perrigen Falls,1.084,0,1
30003864,Jachanu,10000049,Khanid,30003865,Sazre,10000049,Khanid,1.093,0,0
30000148,Jakanerva,10000002,The Forge,30000149,Gekutami,10000002,The Forge,1.316,0,0
30000148,Jakanerva,10000002,The Forge,30000152,Hampinen,10000002,The Forge,3.218,0,0
30004125,Jakri,10000052,Kador,30004126,Nidupad,10000052,Kador,0.68,0,0
30003554,Jambu,10000043,Domain,30003556,Arton,10000043,Domain,0.656,0,0
30003554,Jambu,10000043,Domain,30003555,Bittanshal,10000043,Domain,0.632,0,0
30003554,Jambu,10000043,Domain,30003558,Madimal,10000043,Domain,0.82,0,0
30001050,Jamunda,10000012,Curse,30001170,1P-WGB,10000014,Catch,4.036,1,0
30000071,Jangar,10000001,Derelik,30000074,Hasateem,10000001,Derelik,1.254,0,1
30000060,Janus,10000001,Derelik,30000065,Akhrad,10000001,Derelik,1.542,0,0
30000060,Janus,10000001,Derelik,30000062,Iosantin,10000001,Derelik,0.751,0,0
30000060,Janus,10000001,Derelik,30000063,Orva,10000001,Derelik,1.385,0,0
30000082,Jarizza,10000001,Derelik,30000084,Asghatil,10000001,Derelik,0.792,0,0
30000082,Jarizza,10000001,Derelik,30000085,Bar,10000001,Derelik,1.136,0,0
30000082,Jarizza,10000001,Derelik,30000083,Ejahi,10000001,Derelik,1.396,0,1
30000004,Jark,10000001,Derelik,30002509,Odatrik,10000030,Heimatar,1.817,1,0
30000004,Jark,10000001,Derelik,30000005,Sasta,10000001,Derelik,0.88,0,0
30003080,Jarkkolen,10000038,The Bleak Lands,30003083,Junsen,10000038,The Bleak Lands,0.77,0,1
30003080,Jarkkolen,10000038,The Bleak Lands,30003081,Ronne,10000038,The Bleak Lands,1.018,0,0
30002263,Jarshitsan,10000043,Domain,30002266,Ahmak,10000043,Domain,0.573,0,1
30002263,Jarshitsan,10000043,Domain,30002264,Hadonoo,10000043,Domain,0.681,0,0
30001653,Jarzalad,10000020,Tash-Murkon,30001655,Imeshasa,10000020,Tash-Murkon,0.818,0,0
30001653,Jarzalad,10000020,Tash-Murkon,30001654,Matyas,10000020,Tash-Murkon,0.957,0,0
30004241,Jasson,10000054,Aridia,30004248,Haimeh,10000054,Aridia,1.294,0,1
30003551,Jaswelu,10000043,Domain,30003552,Ana,10000043,Domain,1.339,0,0
30002564,Javrendei,10000030,Heimatar,30002565,Appen,10000030,Heimatar,0.579,0,1
30000045,Jaymass,10000001,Derelik,30000049,Camal,10000001,Derelik,1.168,0,1
30000045,Jaymass,10000001,Derelik,30000048,Ihal,10000001,Derelik,2.286,0,0
30000045,Jaymass,10000001,Derelik,30000046,Mifrata,10000001,Derelik,1.3,0,0
30005083,Jedandan,10000065,Kor-Azor,30005084,Miroona,10000065,Kor-Azor,1.056,0,0
30002692,Jel,10000032,Sinq Laison,30003030,Ardallabier,10000037,Everyshore,0.979,1,0
30002692,Jel,10000032,Sinq Laison,30002695,Ation,10000032,Sinq Laison,0.733,0,0
30002692,Jel,10000032,Sinq Laison,30002693,Egghelende,10000032,Sinq Laison,1.088,0,0
30004148,Jennim,10000052,Kador,30004149,Elmed,10000052,Kador,0.663,0,0
30002748,Jeras,10000033,The Citadel,30002755,Usi,10000033,The Citadel,0.721,0,0
30004281,Jerhesh,10000054,Aridia,30004282,Getrenjesa,10000054,Aridia,0.83,0,0
30004132,Jeshideh,10000052,Kador,30004133,Hilmar,10000052,Kador,0.758,0,0
30005046,Jinkah,10000065,Kor-Azor,30025042,Annad,10000065,Kor-Azor,0.448,0,1
30005046,Jinkah,10000065,Kor-Azor,30005047,Nibainkier,10000065,Kor-Azor,3.044,0,0
30000142,Jita,10000002,The Forge,30002780,Muvolailen,10000033,The Citadel,4.019,1,0
30000142,Jita,10000002,The Forge,30000145,New Caldari,10000002,The Forge,1.192,0,0
30000142,Jita,10000002,The Forge,30000143,Niyabainen,10000002,The Forge,1.973,0,0
30000142,Jita,10000002,The Forge,30000144,Perimeter,10000002,The Forge,2.103,0,0
30000142,Jita,10000002,The Forge,30001363,Sobaseki,10000016,Lonetrek,4.044,1,0
30000078,Jofan,10000001,Derelik,30000080,Yadi,10000001,Derelik,0.503,0,0
30004974,Jolevier,10000064,Essence,30004976,Charmerout,10000064,Essence,1.412,0,0
30002679,Jolia,10000032,Sinq Laison,30002680,Augnais,10000032,Sinq Laison,0.743,0,0
30002679,Jolia,10000032,Sinq Laison,30002683,Barmalie,10000032,Sinq Laison,1.071,0,1
30003387,Jondik,10000042,Metropolis,30003388,Olbra,10000042,Metropolis,1.197,0,0
30002210,Joppaya,10000043,Domain,30002211,Pelkia,10000043,Domain,0.68,0,0
30001046,Jorund,10000012,Curse,30001047,Doril,10000012,Curse,1.249,0,0
30001046,Jorund,10000012,Curse,30001049,Farit,10000012,Curse,0.562,0,1
30003447,Josekorn,10000042,Metropolis,30003451,Dantbeinn,10000042,Metropolis,0.948,0,1
30003447,Josekorn,10000042,Metropolis,30003448,Nifflung,10000042,Metropolis,0.71,0,0
30000051,Juddi,10000001,Derelik,30000109,Berta,10000001,Derelik,1.318,0,0
30000051,Juddi,10000001,Derelik,30000053,Ibaria,10000001,Derelik,0.642,0,0
30000051,Juddi,10000001,Derelik,30000056,Khankenirdia,10000001,Derelik,0.567,0,1
30000051,Juddi,10000001,Derelik,30000052,Maspah,10000001,Derelik,1.556,0,0
30001738,Judra,10000020,Tash-Murkon,30001740,Arakor,10000020,Tash-Murkon,0.359,0,1
30005308,Jufvitte,10000068,Verge Vendor,30005311,Amygnon,10000068,Verge Vendor,0.556,0,0
30005308,Jufvitte,10000068,Verge Vendor,30005309,Ansalle,10000068,Verge Vendor,0.591,0,0
30005308,Jufvitte,10000068,Verge Vendor,30005310,Scheenins,10000068,Verge Vendor,0.736,0,0
30003013,Jurlesel,10000037,Everyshore,30003015,Aice,10000037,Everyshore,0.733,0,0
30003013,Jurlesel,10000037,Everyshore,30003014,Bereye,10000037,Everyshore,1.153,0,0
30003013,Jurlesel,10000037,Everyshore,30003016,Junsoraert,10000037,Everyshore,0.863,0,0
30002803,Juunigaishi,10000033,The Citadel,30002805,Anttiri,10000033,The Citadel,0.888,0,0
30002803,Juunigaishi,10000033,The Citadel,30002804,Isikesu,10000033,The Citadel,0.888,0,0
30004912,K-1OY3,10000062,Omist,30004916,H90-C9,10000062,Omist,1.29,0,1
30004912,K-1OY3,10000062,Omist,30004913,MMUF-8,10000062,Omist,1.443,0,1
30005120,K-3PQW,10000066,Perrigen Falls,30005121,4-M1TY,10000066,Perrigen Falls,1.12,0,1
30005120,K-3PQW,10000066,Perrigen Falls,30005122,C6CG-W,10000066,Perrigen Falls,0.901,0,0
30004751,K-6K16,10000060,Delve,30004757,F-TE1T,10000060,Delve,3.156,0,0
30004751,K-6K16,10000060,Delve,30004752,QY6-RK,10000060,Delve,1.377,0,0
30004751,K-6K16,10000060,Delve,30004753,W-KQPI,10000060,Delve,0.998,0,0
30000890,K-6SNI,10000010,Tribute,30000891,L-VXTK,10000010,Tribute,0.846,0,0
30000890,K-6SNI,10000010,Tribute,30000893,W-UQA5,10000010,Tribute,0.563,0,1
30004379,K-8SQS,10000055,Branch,30004380,C-VGYO,10000055,Branch,1.338,0,1
30004490,K-9UG4,10000056,Feythabolis,30004491,D4-2XN,10000056,Feythabolis,0.717,0,0
30001011,K-B2D3,10000012,Curse,30001014,5E-VR8,10000012,Curse,0.626,0,0
30001011,K-B2D3,10000012,Curse,30001012,PO4F-3,10000012,Curse,1.009,0,0
30001011,K-B2D3,10000012,Curse,30001019,VOL-MI,10000012,Curse,0.695,0,0
30003969,K-B8DK,10000050,Querious,30003970,L-6W1J,10000050,Querious,1.568,0,1
30003969,K-B8DK,10000050,Querious,30003971,P4-3TJ,10000050,Querious,0.539,0,0
30001550,K-BBYU,10000018,The Spire,30001551,0J-MQW,10000018,The Spire,1.122,0,0
30001550,K-BBYU,10000018,The Spire,30001553,3ET-G8,10000018,The Spire,0.804,0,0
30001550,K-BBYU,10000018,The Spire,30001552,XT-1E0,10000018,The Spire,1.114,0,1
30001000,K-IYNW,10000011,Great Wildlands,30002489,Atioth,10000029,Geminate,14.419,1,0
30004475,K-J50B,10000056,Feythabolis,30004476,NLO-3Z,10000056,Feythabolis,2.334,0,0
30003982,K-L690,10000050,Querious,30004003,L3-I3K,10000050,Querious,1.282,0,0
30003982,K-L690,10000050,Querious,30003996,ZAU-JW,10000050,Querious,1.144,0,1
30001026,K-QWHE,10000012,Curse,30001028,RMOC-W,10000012,Curse,1.125,0,0
30000631,K-RMI5,10000007,Cache,30000632,C-6YHJ,10000007,Cache,1.55,0,0
30004421,K-X5AX,10000056,Feythabolis,30004422,BJD4-E,10000056,Feythabolis,0.707,0,0
30004421,K-X5AX,10000056,Feythabolis,30004423,TSG-NO,10000056,Feythabolis,1.141,0,0
30001543,K-XJJT,10000018,The Spire,30001547,P-NI4K,10000018,The Spire,0.646,0,1
30003998,K-YI1L,10000050,Querious,30003999,KEJY-U,10000050,Querious,0.575,0,1
30001572,K-YL9T,10000018,The Spire,30001574,6W-6O9,10000018,The Spire,0.822,0,1
30001572,K-YL9T,10000018,The Spire,30001743,JUE-DX,10000021,Outer Passage,1.432,1,0
30001172,K0CN-3,10000014,Catch,30001174,L7XS-5,10000014,Catch,0.858,0,1
30001172,K0CN-3,10000014,Catch,30001175,VA6-DR,10000014,Catch,0.682,0,0
30003758,K1I1-J,10000047,Providence,30003759,LF-2KP,10000047,Providence,0.587,0,0
30003764,K1Y-5H,10000047,Providence,30003765,IWZ3-C,10000047,Providence,0.806,0,0
30001274,K3JR-J,10000015,Venal,30001275,CSOA-B,10000015,Venal,0.564,0,1
30004017,K4-RFZ,10000050,Querious,30004025,8-YNBE,10000050,Querious,1.334,0,0
30002447,K42-IE,10000029,Geminate,30002449,3USX-F,10000029,Geminate,0.848,0,0
30002447,K42-IE,10000029,Geminate,30002448,VSJ-PP,10000029,Geminate,0.889,0,0
30001762,K4UV-G,10000021,Outer Passage,30001764,9Z-XJN,10000021,Outer Passage,1.3,0,0
30001762,K4UV-G,10000021,Outer Passage,30001763,Q7E-DU,10000021,Outer Passage,0.457,0,0
30001762,K4UV-G,10000021,Outer Passage,30001765,ZEZ1-9,10000021,Outer Passage,1.709,0,0
30003687,K4YZ-Y,10000046,Fade,30003689,L-C3O7,10000046,Fade,0.829,0,0
30003279,K5-JRD,10000041,Syndicate,30003320,8V-SJJ,10000041,Syndicate,0.512,0,0
30000659,K7-LDX,10000008,Scalding Pass,30000691,AH8-Q7,10000008,Scalding Pass,0.863,0,1
30000659,K7-LDX,10000008,Scalding Pass,30000660,U-IVGH,10000008,Scalding Pass,1.106,0,0
30001238,K717-8,10000014,Catch,30001239,NH-1X6,10000014,Catch,0.668,0,0
30003950,K7D-II,10000050,Querious,30003984,OGY-6D,10000050,Querious,0.723,0,1
30003950,K7D-II,10000050,Querious,30003953,V-LEKM,10000050,Querious,1.598,0,0
30003950,K7D-II,10000050,Querious,30003968,W-IX39,10000050,Querious,1.082,0,1
30000653,K85Y-6,10000007,Cache,30001804,LTT-AP,10000021,Outer Passage,6.221,1,0
30004572,K8L-X7,10000058,Fountain,30004602,UAYL-F,10000058,Fountain,1.254,0,0
30000244,K8X-6B,10000003,Vale of the Silent,30000247,9OO-LH,10000003,Vale of the Silent,1.258,0,0
30000244,K8X-6B,10000003,Vale of the Silent,30000249,EIDI-N,10000003,Vale of the Silent,0.931,0,0
30000244,K8X-6B,10000003,Vale of the Silent,30000246,KRUN-N,10000003,Vale of the Silent,0.889,0,0
30000244,K8X-6B,10000003,Vale of the Silent,30000245,X445-5,10000003,Vale of the Silent,0.833,0,0
30001242,KB-U56,10000014,Catch,30001243,JGW-OT,10000014,Catch,1.267,0,0
30003729,KBP7-G,10000047,Providence,30003730,B-WPLZ,10000047,Providence,1.198,0,1
30003729,KBP7-G,10000047,Providence,30003731,XHQ-7V,10000047,Providence,1.585,0,0
30002178,KCDX-7,10000025,Immensea,30002180,FRTC-5,10000025,Immensea,1.028,0,0
30002178,KCDX-7,10000025,Immensea,30002179,O7-VJ5,10000025,Immensea,0.73,0,0
30000737,KD-KPR,10000009,Insmother,30000741,5M2-KP,10000009,Insmother,1.154,0,1
30001164,KDF-GY,10000014,Catch,30001167,6-K738,10000014,Catch,1.215,0,0
30001164,KDF-GY,10000014,Catch,30001166,9-8GBA,10000014,Catch,0.699,0,0
30001164,KDF-GY,10000014,Catch,30001168,ZXIC-7,10000014,Catch,3.896,0,0
30000736,KDG-TA,10000009,Insmother,30000760,AGCP-I,10000009,Insmother,1.076,0,0
30000736,KDG-TA,10000009,Insmother,30000739,Z182-R,10000009,Insmother,0.425,0,0
30002027,KDV-DE,10000023,Pure Blind,30002028,MT9Q-S,10000023,Pure Blind,0.684,0,0
30000519,KE-0FB,10000005,Detorid,30000520,I-9GI1,10000005,Detorid,0.444,0,0
30004772,KEE-N6,10000060,Delve,30004774,5-CQDA,10000060,Delve,1.778,0,0
30004772,KEE-N6,10000060,Delve,30004773,M2-XFE,10000060,Delve,0.708,0,0
30003999,KEJY-U,10000050,Querious,30004000,3BK-O7,10000050,Querious,0.686,0,1
30003343,KFR-ZE,10000041,Syndicate,30003345,D85-VD,10000041,Syndicate,0.64,0,0
30003343,KFR-ZE,10000041,Syndicate,30003347,U0V6-T,10000041,Syndicate,0.739,0,1
30001790,KGCF-5,10000021,Outer Passage,30001793,JX-SOA,10000021,Outer Passage,0.633,0,0
30001790,KGCF-5,10000021,Outer Passage,30001792,XME-SW,10000021,Outer Passage,0.828,0,0
30001790,KGCF-5,10000021,Outer Passage,30001791,Y-UO9U,10000021,Outer Passage,1.052,0,1
30002296,KGT3-6,10000027,Etherium Reach,30002300,L-ZJLN,10000027,Etherium Reach,0.767,0,1
30002296,KGT3-6,10000027,Etherium Reach,30002299,MF-PGF,10000027,Etherium Reach,0.975,0,0
30003190,KH-EWC,10000040,Oasa,30003191,3VL6-I,10000040,Oasa,1.112,0,0
30001240,KH0Z-0,10000014,Catch,30001242,KB-U56,10000014,Catch,1.02,0,0
30001969,KI-TL0,10000023,Pure Blind,30001970,EL8-4Q,10000023,Pure Blind,1.17,0,0
30001969,KI-TL0,10000023,Pure Blind,30001973,XI-VUF,10000023,Pure Blind,0.421,0,1
30004209,KI2-S3,10000053,Cobalt Edge,30004212,58Z-IH,10000053,Cobalt Edge,1.214,0,0
30004209,KI2-S3,10000053,Cobalt Edge,30004210,CHP-76,10000053,Cobalt Edge,0.678,0,0
30004176,KIG9-K,10000053,Cobalt Edge,30004183,MK-YNM,10000053,Cobalt Edge,0.783,0,1
30004376,KJ-QWL,10000055,Branch,30004397,9-B1DS,10000055,Branch,1.46,0,0
30004376,KJ-QWL,10000055,Branch,30004377,SVB-RE,10000055,Branch,1.048,0,1
30004488,KJ-V0P,10000056,Feythabolis,30004489,ZID-LE,10000056,Feythabolis,1.166,0,0
30001264,KK-L97,10000015,Venal,30001267,N-Q5PW,10000015,Venal,1.479,0,0
30004340,KL3O-J,10000055,Branch,30004371,BWI1-9,10000055,Branch,0.433,0,0
30001020,KLMT-W,10000012,Curse,30001041,G-0Q86,10000012,Curse,0.786,0,0
30001980,KLY-C0,10000023,Pure Blind,30002016,7RM-N0,10000023,Pure Blind,2.064,0,0
30001980,KLY-C0,10000023,Pure Blind,30001981,CL6-ZG,10000023,Pure Blind,1.086,0,0
30001980,KLY-C0,10000023,Pure Blind,30001982,G95-VZ,10000023,Pure Blind,3.326,0,0
30003344,KLYN-8,10000041,Syndicate,30003346,5-VKCN,10000041,Syndicate,0.6,0,1
30002311,KMH-J1,10000027,Etherium Reach,30002312,CYB-BZ,10000027,Etherium Reach,0.779,0,0
30004375,KMQ4-V,10000055,Branch,30004376,KJ-QWL,10000055,Branch,1.659,0,0
30003625,KMV-CQ,10000045,Tenal,30003644,DCJ-ZT,10000045,Tenal,1.536,0,1
30003625,KMV-CQ,10000045,Tenal,30003627,NV-3KA,10000045,Tenal,0.629,0,0
30005124,KOI8-Z,10000066,Perrigen Falls,30005125,D-QJR9,10000066,Perrigen Falls,1.141,0,0
30001901,KP-FQ1,10000022,Stain,30001903,QM-O7J,10000022,Stain,1.415,0,0
30001536,KPI-OW,10000018,The Spire,30001540,1I5-0V,10000018,The Spire,0.844,0,0
30001536,KPI-OW,10000018,The Spire,30001538,OTJ-4W,10000018,The Spire,0.576,0,1
30001536,KPI-OW,10000018,The Spire,30001562,Q-UVY6,10000018,The Spire,1.283,0,0
30001963,KQK1-2,10000023,Pure Blind,30001964,O-BY0Y,10000023,Pure Blind,0.707,0,0
30001963,KQK1-2,10000023,Pure Blind,30001967,X47L-Q,10000023,Pure Blind,3.859,0,0
30002452,KR-V6G,10000029,Geminate,30002454,0-GZX9,10000029,Geminate,1.591,0,0
30004895,KR8-27,10000062,Omist,30004897,LOI-L1,10000062,Omist,0.804,0,0
30002286,KRPF-A,10000027,Etherium Reach,30002287,9P-870,10000027,Etherium Reach,2.011,0,0
30000246,KRUN-N,10000003,Vale of the Silent,30000253,DAYP-G,10000003,Vale of the Silent,0.548,0,0
30000246,KRUN-N,10000003,Vale of the Silent,30000249,EIDI-N,10000003,Vale of the Silent,0.614,0,0
30003177,KSM-1T,10000039,Esoteria,30003179,6SB-BN,10000039,Esoteria,1.633,0,0
30003177,KSM-1T,10000039,Esoteria,30004671,O-MCZR,10000059,Paragon Soul,0.953,1,1
30003177,KSM-1T,10000039,Esoteria,30003178,YRV-MZ,10000039,Esoteria,1.27,0,0
30002042,KU5R-W,10000023,Pure Blind,30002043,H1-J33,10000023,Pure Blind,1.88,0,0
30004642,KVN-36,10000058,Fountain,30004661,4HS-CR,10000058,Fountain,0.622,0,0
30001180,KW-I6T,10000014,Catch,30001181,EX-0LQ,10000014,Catch,1.022,0,0
30004833,KW-OAM,10000061,Tenerifis,30004836,JK-Q77,10000061,Tenerifis,0.417,0,0
30000269,KX-2UI,10000003,Vale of the Silent,30000271,97-M96,10000003,Vale of the Silent,0.419,0,1
30000269,KX-2UI,10000003,Vale of the Silent,30000270,MO-FIF,10000003,Vale of the Silent,1.052,0,1
30000498,KZ9T-C,10000005,Detorid,30000499,XW2H-V,10000005,Detorid,1.338,0,1
30000710,KZFV-4,10000008,Scalding Pass,30000714,28Y9-P,10000008,Scalding Pass,0.855,0,1
30002417,Kadlina,10000028,Molden Heath,30002419,Aeditide,10000028,Molden Heath,0.713,0,0
30002417,Kadlina,10000028,Molden Heath,30002418,Hegfunden,10000028,Molden Heath,0.842,0,0
30004095,Kador Prime,10000052,Kador,30004097,Dantan,10000052,Kador,1.42,0,0
30004095,Kador Prime,10000052,Kador,30004096,Khafis,10000052,Kador,1.249,0,0
30003873,Kahah,10000049,Khanid,30003874,Saloti,10000049,Khanid,0.633,0,0
30002751,Kaimon,10000033,The Citadel,30002754,Alikara,10000033,The Citadel,2.192,0,0
30003887,Kaira,10000049,Khanid,30003942,A2-V27,10000050,Querious,1.245,1,0
30001405,Kakakela,10000016,Lonetrek,30001406,Kamokor,10000016,Lonetrek,0.943,0,0
30001405,Kakakela,10000016,Lonetrek,30001408,Ruvas,10000016,Lonetrek,0.764,0,0
30001405,Kakakela,10000016,Lonetrek,30001407,Todaki,10000016,Lonetrek,0.312,0,1
30004115,Kamda,10000052,Kador,30005192,Shera,10000067,Genesis,1.225,1,0
30003069,Kamela,10000038,The Bleak Lands,30003070,Sosala,10000038,The Bleak Lands,0.825,0,0
30004239,Kamih,10000054,Aridia,30004254,Fihrneh,10000054,Aridia,1.237,0,1
30004239,Kamih,10000054,Aridia,30004240,Hier,10000054,Aridia,1.573,0,0
30004239,Kamih,10000054,Aridia,30004241,Jasson,10000054,Aridia,0.693,0,0
30002782,Kamio,10000033,The Citadel,30002786,Ikao,10000033,The Citadel,0.86,0,0
30002782,Kamio,10000033,The Citadel,30002789,Kaaputenen,10000033,The Citadel,3.033,0,0
30001406,Kamokor,10000016,Lonetrek,30001408,Ruvas,10000016,Lonetrek,0.925,0,0
30100080,Kanta,10001004,Exordium,30100083,Sakizra,10001004,Exordium,0.323,0,0
30100080,Kanta,10001004,Exordium,30100081,Taikud,10001004,Exordium,0.257,0,0
30004306,Karan,10000054,Aridia,30004309,Hophib,10000054,Aridia,0.562,0,0
30001742,Kari,10000020,Tash-Murkon,30003726,Y-MPWL,10000047,Providence,8.706,1,0
30001440,Karjataimon,10000016,Lonetrek,30001442,Saranen,10000016,Lonetrek,2.346,0,0
30001440,Karjataimon,10000016,Lonetrek,30045310,Sarenemi,10000069,Black Rise,1.649,1,0
30001440,Karjataimon,10000016,Lonetrek,30001441,Tartoken,10000016,Lonetrek,1.916,0,0
30004134,Kasi,10000052,Kador,30004142,Hikansog,10000052,Kador,0.409,0,1
30004134,Kasi,10000052,Kador,30004155,Shemah,10000052,Kador,0.792,0,1
30004134,Kasi,10000052,Kador,30004135,Shura,10000052,Kador,0.936,0,0
30000030,Kasrasi,10000001,Derelik,30000112,Arnola,10000001,Derelik,0.696,0,0
30002761,Kassigainen,10000033,The Citadel,30004972,Algogille,10000064,Essence,1.626,1,0
30002761,Kassigainen,10000033,The Citadel,30002764,Hatakani,10000033,The Citadel,0.875,0,0
30002761,Kassigainen,10000033,The Citadel,30005198,Pakhshi,10000067,Genesis,2.673,1,0
30002761,Kassigainen,10000033,The Citadel,30005015,Synchelle,10000064,Essence,1.098,1,0
30002761,Kassigainen,10000033,The Citadel,30002762,Yashunen,10000033,The Citadel,1.306,0,0
30002416,Kattegaud,10000028,Molden Heath,30002418,Hegfunden,10000028,Molden Heath,0.879,0,0
30002416,Kattegaud,10000028,Molden Heath,30002417,Kadlina,10000028,Molden Heath,0.734,0,0
30002797,Kaunokka,10000070,Pochven,30045329,Ichoriya,10000070,Pochven,6.282,0,0
30002749,Kausaaja,10000033,The Citadel,30002752,Ahynada,10000033,The Citadel,1.321,0,0
30002749,Kausaaja,10000033,The Citadel,30002751,Kaimon,10000033,The Citadel,0.847,0,0
30004295,Keba,10000054,Aridia,30004296,Bapraya,10000054,Aridia,0.659,0,0
30003883,Keberz,10000049,Khanid,30003885,Arzanni,10000049,Khanid,1.065,0,0
30003883,Keberz,10000049,Khanid,30003884,Nourbal,10000049,Khanid,0.878,0,1
30045346,Kedama,10000069,Black Rise,30045352,Nisuwa,10000069,Black Rise,0.805,0,0
30045346,Kedama,10000069,Black Rise,30045354,Reitsato,10000069,Black Rise,1.366,0,0
30045346,Kedama,10000069,Black Rise,30045350,Teimo,10000069,Black Rise,0.672,0,1
30045308,Kehjari,10000069,Black Rise,30045311,Ashitsu,10000069,Black Rise,1.256,0,0
30045308,Kehjari,10000069,Black Rise,30045318,Martoh,10000069,Black Rise,4.22,0,0
30045308,Kehjari,10000069,Black Rise,30045309,Villasen,10000069,Black Rise,1.59,0,0
30002193,Kehour,10000043,Domain,30002197,Akhragan,10000043,Domain,1.687,0,0
30002193,Kehour,10000043,Domain,30003491,Ashab,10000043,Domain,3.114,0,0
30000098,Kehrara,10000001,Derelik,30000099,Arena,10000001,Derelik,1.108,0,0
30000098,Kehrara,10000001,Derelik,30000102,Dysa,10000001,Derelik,1.387,0,0
30000176,Keikaken,10000002,The Forge,30000177,Ukkalen,10000002,The Forge,0.586,0,1
30005206,Kemerk,10000067,Genesis,30005294,Bania,10000067,Genesis,2.46,0,0
30004237,Kenahehab,10000054,Aridia,30004238,Gens,10000054,Aridia,1.343,0,0
30004237,Kenahehab,10000054,Aridia,30004241,Jasson,10000054,Aridia,1.921,0,0
30000116,Kenobanala,10000001,Derelik,30002395,Audesder,10000028,Molden Heath,3.529,1,0
30005078,Keproh,10000065,Kor-Azor,30005079,Zatamaka,10000065,Kor-Azor,0.649,0,0
30005220,Keseya,10000067,Genesis,30005243,Madomi,10000067,Genesis,0.434,0,0
30001682,Keshirou,10000020,Tash-Murkon,30001683,Nasesharafa,10000020,Tash-Murkon,0.761,0,1
30001682,Keshirou,10000020,Tash-Murkon,30001685,Ordat,10000020,Tash-Murkon,0.443,0,0
30001682,Keshirou,10000020,Tash-Murkon,30001686,Rethan,10000020,Tash-Murkon,0.909,0,0
30005032,Khabara,10000065,Kor-Azor,30005033,Jeni,10000065,Kor-Azor,0.901,0,0
30000117,Khabi,10000001,Derelik,30000943,7Q-8Z2,10000011,Great Wildlands,7.341,1,0
30000117,Khabi,10000001,Derelik,30000118,Uanzin,10000001,Derelik,1.718,0,0
30004258,Khnar,10000054,Aridia,30004259,Ertoo,10000054,Aridia,1.355,0,0
30003490,Khopa,10000043,Domain,30003514,Yeeramoun,10000043,Domain,0.98,0,0
30000189,Kiainti,10000002,The Forge,30000194,Otsela,10000002,The Forge,0.931,0,0
30000189,Kiainti,10000002,The Forge,30000190,Vasala,10000002,The Forge,0.641,0,0
30000189,Kiainti,10000002,The Forge,30000191,Walvalin,10000002,The Forge,0.831,0,0
30001692,Kibursha,10000020,Tash-Murkon,30001715,Moutid,10000020,Tash-Murkon,0.605,0,0
30000024,Kiereend,10000001,Derelik,30000028,Eshtah,10000001,Derelik,0.679,0,0
30000024,Kiereend,10000001,Derelik,30000027,Psasa,10000001,Derelik,1.069,0,0
30000024,Kiereend,10000001,Derelik,30000025,Rashy,10000001,Derelik,0.516,0,0
30003860,Kihtaled,10000049,Khanid,30003861,Ipref,10000049,Khanid,0.895,0,0
30003860,Kihtaled,10000049,Khanid,30003864,Jachanu,10000049,Khanid,1.362,0,0
30003860,Kihtaled,10000049,Khanid,30003863,Khanid Prime,10000049,Khanid,0.602,0,1
30045314,Kinakka,10000069,Black Rise,30045316,Innia,10000069,Black Rise,1.575,0,0
30045314,Kinakka,10000069,Black Rise,30045318,Martoh,10000069,Black Rise,2.548,0,0
30045314,Kinakka,10000069,Black Rise,30045324,Onnamon,10000069,Black Rise,1.886,0,0
30045314,Kinakka,10000069,Black Rise,30045315,Raihbaka,10000069,Black Rise,1.497,0,0
30001372,Kino,10000070,Pochven,30001445,Nalvula,10000070,Pochven,5.116,0,0
30001410,Kirras,10000016,Lonetrek,30001411,Autama,10000016,Lonetrek,0.538,0,0
30100064,Kita-Aino,10001004,Exordium,30100065,Aldoras,10001004,Exordium,0.199,0,0
30100064,Kita-Aino,10001004,Exordium,30100067,Hotak,10001004,Exordium,0.335,0,0
30100064,Kita-Aino,10001004,Exordium,30100066,Pamirasu,10001004,Exordium,0.288,0,0
30005056,Kizama,10000065,Kor-Azor,30005057,Shaha,10000065,Kor-Azor,1.465,0,0
30002414,Klingt,10000028,Molden Heath,30002415,Weld,10000028,Molden Heath,0.731,0,0
30002566,Klir,10000030,Heimatar,30002567,Jorus,10000030,Heimatar,0.7,0,1
30002097,Klogori,10000042,Metropolis,30002098,Orfrold,10000042,Metropolis,0.699,0,0
30005247,Kobam,10000067,Genesis,30005248,Hirizan,10000067,Genesis,0.763,0,0
30003092,Komaa,10000038,The Bleak Lands,30003093,Ayeroilen,10000038,The Bleak Lands,1.359,0,1
30003092,Komaa,10000038,The Bleak Lands,30003096,Kurmaru,10000038,The Bleak Lands,0.423,0,1
30004128,Koona,10000052,Kador,30004129,Munory,10000052,Kador,0.859,0,0
30004152,Kooreng,10000052,Kador,30004154,Yehnifi,10000052,Kador,0.689,0,1
30005038,Kor-Azor Prime,10000065,Kor-Azor,30005039,Leva,10000065,Kor-Azor,1.13,0,0
30005038,Kor-Azor Prime,10000065,Kor-Azor,30005043,Nakregde,10000065,Kor-Azor,0.629,0,0
30005038,Kor-Azor Prime,10000065,Kor-Azor,30005042,Sehmy,10000065,Kor-Azor,2.882,0,0
30001394,Korama,10000016,Lonetrek,30001396,Aakari,10000016,Lonetrek,0.975,0,0
30001394,Korama,10000016,Lonetrek,30001395,Ylandoki,10000016,Lonetrek,0.793,0,0
30005258,Korridi,10000067,Genesis,30005268,Gonditsa,10000067,Genesis,1.621,0,0
30000181,Korsiki,10000002,The Forge,30000185,Airaken,10000002,The Forge,0.65,0,0
30000181,Korsiki,10000002,The Forge,30000183,Nuken,10000002,The Forge,0.939,0,1
30003068,Kourmonen,10000038,The Bleak Lands,30003069,Kamela,10000038,The Bleak Lands,1.596,0,0
30002079,Krirald,10000070,Pochven,30002737,Konola,10000070,Pochven,15.069,0,0
30002519,Kronsur,10000030,Heimatar,30002520,Dumkirinur,10000030,Heimatar,1.322,0,0
30002519,Kronsur,10000030,Heimatar,30002521,Sist,10000030,Heimatar,0.935,0,0
30002767,Kubinen,10000033,The Citadel,30002769,Enderailen,10000033,The Citadel,0.655,0,0
30002767,Kubinen,10000033,The Citadel,30002768,Uedama,10000033,The Citadel,0.89,0,0
30003501,Kudi,10000043,Domain,30003502,Bahromab,10000043,Domain,1.213,0,0
30003501,Kudi,10000043,Domain,30003505,Fabum,10000043,Domain,0.65,0,0
30000021,Kuharah,10000070,Pochven,30045328,Ahtila,10000070,Pochven,30.197,0,0
30000021,Kuharah,10000070,Pochven,30002770,Tunudan,10000070,Pochven,23.313,0,0
30002771,Kulelen,10000033,The Citadel,30002773,Hogimo,10000033,The Citadel,1.786,0,0
30002771,Kulelen,10000033,The Citadel,30002794,Yria,10000033,The Citadel,0.659,0,0
30005050,Kulu,10000065,Kor-Azor,30005051,Choga,10000065,Kor-Azor,1.093,0,0
30005050,Kulu,10000065,Kor-Azor,30005052,Soumi,10000065,Kor-Azor,0.784,0,0
30003089,Kurniainen,10000038,The Bleak Lands,30003090,Saidusairos,10000038,The Bleak Lands,0.658,0,0
30000874,L-1HKR,10000010,Tribute,30000875,9GI-FB,10000010,Tribute,0.82,0,1
30004593,L-1SW8,10000058,Fountain,30004594,U-SOH2,10000058,Fountain,1.537,0,1
30002142,L-5JCJ,10000025,Immensea,30002144,4-GB14,10000025,Immensea,0.807,0,0
30003951,L-6BE1,10000050,Querious,30003952,1M4-FK,10000050,Querious,0.951,0,1
30003951,L-6BE1,10000050,Querious,30003962,MKD-O8,10000050,Querious,0.98,0,0
30003970,L-6W1J,10000050,Querious,30003976,C-9RRR,10000050,Querious,0.502,0,1
30004625,L-A5XP,10000058,Fountain,30004628,3ZTV-V,10000058,Fountain,1.07,0,0
30004625,L-A5XP,10000058,Fountain,30004626,D4KU-5,10000058,Fountain,2.066,0,0
30004625,L-A5XP,10000058,Fountain,30004627,YRNJ-8,10000058,Fountain,1.665,0,1
30001945,L-A9FS,10000022,Stain,30001946,OOO-FS,10000022,Stain,0.836,0,1
30001223,L-B55M,10000014,Catch,30001238,K717-8,10000014,Catch,1.644,0,0
30003689,L-C3O7,10000046,Fade,30003697,C4C-Z4,10000046,Fade,1.544,0,1
30001592,L-EUY2,10000018,The Spire,30001593,JL-ZUQ,10000018,The Spire,2.129,0,1
30001592,L-EUY2,10000018,The Spire,30005185,PA-ALN,10000066,Perrigen Falls,2.387,1,0
30001592,L-EUY2,10000018,The Spire,30001594,X-KHRZ,10000018,The Spire,0.597,0,0
30000540,L-FM3P,10000006,Wicked Creek,30000543,0TYR-T,10000006,Wicked Creek,0.912,0,0
30000540,L-FM3P,10000006,Wicked Creek,30000773,78-0R6,10000009,Insmother,1.644,1,0
30000540,L-FM3P,10000006,Wicked Creek,30000544,GM-50Y,10000006,Wicked Creek,0.89,0,0
30002847,L-GY1B,10000034,The Kalevala Expanse,30002848,74-DRC,10000034,The Kalevala Expanse,0.766,0,0
30002847,L-GY1B,10000034,The Kalevala Expanse,30002849,LE-67X,10000034,The Kalevala Expanse,0.413,0,1
30001350,L-IE41,10000015,Venal,30001352,2IBE-N,10000015,Venal,1.141,0,1
30001350,L-IE41,10000015,Venal,30001351,VG-QW1,10000015,Venal,0.96,0,1
30005163,L-POLO,10000066,Perrigen Falls,30005164,8B-A4E,10000066,Perrigen Falls,0.405,0,1
30000467,L-QQ6P,10000005,Detorid,30000468,5OJ-G2,10000005,Detorid,1.196,0,0
30003684,L-SCBU,10000046,Fade,30003686,O1Y-ED,10000046,Fade,0.828,0,0
30000430,L-SDU7,10000004,UUA-F4,30000431,4-IPWK,10000004,UUA-F4,0.925,0,0
30000430,L-SDU7,10000004,UUA-F4,30000432,Q-KCK3,10000004,UUA-F4,1.184,0,0
30002842,L-TLFU,10000034,The Kalevala Expanse,30002843,BM-VYZ,10000034,The Kalevala Expanse,0.56,0,0
30002842,L-TLFU,10000034,The Kalevala Expanse,30002845,EPCD-D,10000034,The Kalevala Expanse,1.791,0,1
30002470,L-TOFR,10000029,Geminate,30002471,Q-TBHW,10000029,Geminate,0.765,0,0
30001989,L-TS8S,10000023,Pure Blind,30002010,R6XN-9,10000023,Pure Blind,0.831,0,0
30000891,L-VXTK,10000010,Tribute,30000892,C8VC-S,10000010,Tribute,1.043,0,1
30001526,L-WG68,10000018,The Spire,30001531,GZM-KB,10000018,The Spire,0.967,0,1
30001526,L-WG68,10000018,The Spire,30001528,HIK-MC,10000018,The Spire,0.689,0,0
30001526,L-WG68,10000018,The Spire,30001566,VK6-EZ,10000018,The Spire,0.968,0,0
30004927,L-YMYU,10000063,Period Basis,30004928,35-JWD,10000063,Period Basis,2.072,0,0
30000605,L-Z9KJ,10000006,Wicked Creek,30000606,7K-NSE,10000006,Wicked Creek,1.253,0,0
30004203,L-Z9NB,10000053,Cobalt Edge,30004206,4LNE-M,10000053,Cobalt Edge,1.944,0,0
30004203,L-Z9NB,10000053,Cobalt Edge,30004204,EJ-5X2,10000053,Cobalt Edge,1.736,0,0
30004003,L3-I3K,10000050,Querious,30004004,3-JCJT,10000050,Querious,1.888,0,0
30004003,L3-I3K,10000050,Querious,30004007,4-GJT1,10000050,Querious,1.258,0,0
30004003,L3-I3K,10000050,Querious,30004006,AO-N1P,10000050,Querious,0.814,0,1
30004526,L3-XYO,10000057,Outer Ring,30004527,AN-G54,10000057,Outer Ring,0.591,0,0
30004526,L3-XYO,10000057,Outer Ring,30004529,T-Z6J2,10000057,Outer Ring,0.987,0,0
30002435,L4X-FH,10000029,Geminate,30002436,B6-52M,10000029,Geminate,0.672,0,0
30000786,L5-UWT,10000009,Insmother,30000794,A24L-V,10000009,Insmother,2.602,0,0
30000786,L5-UWT,10000009,Insmother,30000788,I-1QKL,10000009,Insmother,1.075,0,0
30001928,L6B-0N,10000022,Stain,30001948,JVJ2-N,10000022,Stain,1.27,0,0
30002607,L6BY-P,10000031,Impass,30002608,U3SQ-X,10000031,Impass,0.768,0,0
30004659,L7-APB,10000058,Fountain,30004660,ZTS-4D,10000058,Fountain,0.696,0,0
30000462,L8-WNE,10000005,Detorid,30000463,1-GBVE,10000005,Detorid,0.661,0,0
30003255,LA2-KV,10000040,Oasa,30003256,WW-OVQ,10000040,Oasa,1.098,0,1
30001917,LB0-A1,10000022,Stain,30001920,J-AYLV,10000022,Stain,0.732,0,0
30001917,LB0-A1,10000022,Stain,30001918,S-BWWQ,10000022,Stain,1.104,0,0
30001917,LB0-A1,10000022,Stain,30001919,Z-R96X,10000022,Stain,2.866,0,0
30002161,LBA-SO,10000025,Immensea,30002163,E8-YS9,10000025,Immensea,0.427,0,0
30004663,LBGI-2,10000058,Fountain,30004665,Y-2ANO,10000058,Fountain,0.884,0,0
30004541,LBV-Q1,10000057,Outer Ring,30004542,Z-40CG,10000057,Outer Ring,0.604,0,1
30001923,LC-1ED,10000022,Stain,30001924,RPS-0K,10000022,Stain,1.081,0,0
30001923,LC-1ED,10000022,Stain,30001925,VNPF-7,10000022,Stain,1.178,0,0
30004700,LD-2VL,10000059,Paragon Soul,30004701,ZBY-0I,10000059,Paragon Soul,1.004,0,1
30002932,LEK-N5,10000035,Deklein,30002934,0V0R-R,10000035,Deklein,0.58,0,0
30002932,LEK-N5,10000035,Deklein,30002933,AGG-NR,10000035,Deklein,0.57,0,1
30002932,LEK-N5,10000035,Deklein,30002936,OWXT-5,10000035,Deklein,1.242,0,0
30002865,LEM-I1,10000034,The Kalevala Expanse,30002866,1S-SU1,10000034,The Kalevala Expanse,0.788,0,0
30002865,LEM-I1,10000034,The Kalevala Expanse,30002867,ND-GL4,10000034,The Kalevala Expanse,0.681,0,0
30004689,LG-WA9,10000059,Paragon Soul,30004690,AA-GWF,10000059,Paragon Soul,1.898,0,0
30004689,LG-WA9,10000059,Paragon Soul,30004691,O4T-Z5,10000059,Paragon Soul,0.724,0,0
30001833,LGK-VP,10000022,Stain,30001834,E-C0SR,10000022,Stain,1.061,0,0
30001833,LGK-VP,10000022,Stain,30001835,X1E-OQ,10000022,Stain,0.423,0,0
30001953,LGL-SD,10000022,Stain,30001954,A-DZA8,10000022,Stain,0.744,0,0
30004505,LGUZ-1,10000057,Outer Ring,30004507,F5FO-U,10000057,Outer Ring,0.631,0,1
30004505,LGUZ-1,10000057,Outer Ring,30004514,J9SH-A,10000057,Outer Ring,0.806,0,0
30001587,LH-LY1,10000018,The Spire,30001588,7-QOYS,10000018,The Spire,0.708,0,0
30001587,LH-LY1,10000018,The Spire,30001589,KS8G-M,10000018,The Spire,1.328,0,0
30001069,LH-PLU,10000013,Malpais,30001071,8-2JZA,10000013,Malpais,0.855,0,0
30001069,LH-PLU,10000013,Malpais,30001079,9F-ERQ,10000013,Malpais,1.214,0,0
30001069,LH-PLU,10000013,Malpais,30001070,AZA-QE,10000013,Malpais,1.07,0,0
30001069,LH-PLU,10000013,Malpais,30001073,VVB-QH,10000013,Malpais,0.982,0,0
30001337,LHJ-2G,10000015,Venal,30001340,430-BE,10000015,Venal,0.802,0,1
30001337,LHJ-2G,10000015,Venal,30001339,6UQ-4U,10000015,Venal,0.68,0,1
30001337,LHJ-2G,10000015,Venal,30001338,SHJO-J,10000015,Venal,1.59,0,1
30004630,LIWW-P,10000058,Fountain,30004632,38IA-E,10000058,Fountain,0.624,0,0
30004630,LIWW-P,10000058,Fountain,30004631,G-UTHL,10000058,Fountain,0.537,0,0
30004630,LIWW-P,10000058,Fountain,30004633,M-KXEH,10000058,Fountain,1.385,0,0
30000647,LJ-RJK,10000007,Cache,30001773,RT64-C,10000021,Outer Passage,16.7,1,0
30001038,LJ-YSW,10000012,Curse,30001042,CL-1JE,10000012,Curse,2.123,0,0
30001038,LJ-YSW,10000012,Curse,30001041,G-0Q86,10000012,Curse,0.398,0,0
30002139,LK1K-5,10000025,Immensea,30002165,B2-UQW,10000025,Immensea,0.778,0,0
30002139,LK1K-5,10000025,Immensea,30002141,Z-H2MA,10000025,Immensea,0.781,0,0
30000599,LKZ-CY,10000006,Wicked Creek,30000600,F5M-CC,10000006,Wicked Creek,0.997,0,0
30000599,LKZ-CY,10000006,Wicked Creek,30000602,WRL4-2,10000006,Wicked Creek,1.553,0,0
30003973,LNVW-K,10000050,Querious,30003974,8B-SAJ,10000050,Querious,1.235,0,0
30003973,LNVW-K,10000050,Querious,30003975,Q2-N6W,10000050,Querious,1.623,0,1
30001119,LO5-LN,10000013,Malpais,30001120,06-70G,10000013,Malpais,0.48,0,0
30001119,LO5-LN,10000013,Malpais,30001122,GL6S-2,10000013,Malpais,0.936,0,0
30004897,LOI-L1,10000062,Omist,30004904,AXDX-F,10000062,Omist,0.861,0,0
30004897,LOI-L1,10000062,Omist,30004898,Y-MSJN,10000062,Omist,0.705,0,1
30000533,LP1M-Q,10000006,Wicked Creek,30000598,GPD5-0,10000006,Wicked Creek,0.734,0,0
30002294,LPVL-5,10000027,Etherium Reach,30002337,Z0G-XG,10000027,Etherium Reach,0.72,0,0
30000649,LQ-01M,10000007,Cache,30000650,NG-M8K,10000007,Cache,1.247,0,0
30000649,LQ-01M,10000007,Cache,30000651,RV5-TT,10000007,Cache,1.947,0,0
30000704,LQ-OAI,10000008,Scalding Pass,30000705,5-MQQ7,10000008,Scalding Pass,1.077,0,0
30003204,LQQH-J,10000040,Oasa,30003205,W5-VBR,10000040,Oasa,0.847,0,0
30003204,LQQH-J,10000040,Oasa,30003208,X-Z4JW,10000040,Oasa,1.6,0,0
30002493,LR-2XT,10000029,Geminate,30002496,B-F1MI,10000029,Geminate,0.65,0,1
30002493,LR-2XT,10000029,Geminate,30002494,TZL-WT,10000029,Geminate,1.093,0,1
30004353,LRWD-B,10000055,Branch,30004354,QXQ-BA,10000055,Branch,1.656,0,0
30000319,LS-JEP,10000003,Vale of the Silent,30002825,UDVW-O,10000034,The Kalevala Expanse,14.539,1,0
30004885,LS-QLX,10000062,Omist,30004889,C-WPWH,10000062,Omist,1.105,0,0
30004885,LS-QLX,10000062,Omist,30004887,CO-7BI,10000062,Omist,0.93,0,0
30004885,LS-QLX,10000062,Omist,30004886,S-XZHU,10000062,Omist,0.556,0,0
30004021,LS-V29,10000050,Querious,30004023,I1Y-IU,10000050,Querious,0.643,0,0
30002830,LS3-HP,10000034,The Kalevala Expanse,30002832,6V-D0E,10000034,The Kalevala Expanse,0.614,0,1
30003334,LSC4-P,10000041,Syndicate,30003336,10UZ-P,10000041,Syndicate,1.015,0,1
30002928,LT-DRO,10000035,Deklein,30002930,8S28-3,10000035,Deklein,0.792,0,0
30000466,LT-XI4,10000005,Detorid,30000467,L-QQ6P,10000005,Detorid,1.341,0,0
30002462,LU-HQS,10000029,Geminate,30002464,K25-XD,10000029,Geminate,0.694,0,0
30004747,LUA5-L,10000060,Delve,30004748,T-IPZB,10000060,Delve,0.659,0,0
30004680,LUL-WX,10000059,Paragon Soul,30004681,8Q-UYU,10000059,Paragon Soul,0.927,0,0
30000813,LVL-GZ,10000009,Insmother,30000837,HFC-AQ,10000009,Insmother,2.116,0,0
30005106,LW-YEW,10000066,Perrigen Falls,30005115,5T-A3D,10000066,Perrigen Falls,2.354,0,0
30005106,LW-YEW,10000066,Perrigen Falls,30005114,6-8QLA,10000066,Perrigen Falls,0.951,0,0
30005106,LW-YEW,10000066,Perrigen Falls,30005108,EH2I-P,10000066,Perrigen Falls,0.902,0,0
30005106,LW-YEW,10000066,Perrigen Falls,30005107,HB-KSF,10000066,Perrigen Falls,0.818,0,0
30004800,LWX-93,10000060,Delve,30004960,TN25-J,10000063,Period Basis,7.745,1,0
30002458,LX-ZOJ,10000029,Geminate,30002460,04-LQM,10000029,Geminate,0.787,0,0
30002458,LX-ZOJ,10000029,Geminate,30002461,4VY-Y1,10000029,Geminate,0.612,0,0
30002458,LX-ZOJ,10000029,Geminate,30002462,LU-HQS,10000029,Geminate,0.66,0,0
30002355,LXQ2-T,10000027,Etherium Reach,30002370,PX-IHN,10000027,Etherium Reach,5.806,0,0
30000971,LXTC-S,10000011,Great Wildlands,30000972,WE3-BX,10000011,Great Wildlands,0.76,0,1
30004364,LXWN-W,10000055,Branch,30004365,C-LP3N,10000055,Branch,0.897,0,0
30004364,LXWN-W,10000055,Branch,30004370,RO90-H,10000055,Branch,4.282,0,0
30001078,LY-WRW,10000013,Malpais,30001081,1NZV-7,10000013,Malpais,1.263,0,0
30000208,LZ-6SU,10000003,Vale of the Silent,30000211,B-588R,10000003,Vale of the Silent,0.586,0,0
30000208,LZ-6SU,10000003,Vale of the Silent,30000213,G-LOIT,10000003,Vale of the Silent,0.556,0,0
30000208,LZ-6SU,10000003,Vale of the Silent,30000214,HE-V4V,10000003,Vale of the Silent,1.122,0,1
30002976,Labapi,10000036,Devoid,30002977,Arayar,10000036,Devoid,0.703,0,0
30002976,Labapi,10000036,Devoid,30002978,Asghed,10000036,Devoid,0.911,0,0
30000029,Lachailes,10000001,Derelik,30000030,Kasrasi,10000001,Derelik,0.696,0,0
30002989,Laddiaha,10000036,Devoid,30002996,Lower Debyl,10000036,Devoid,1.066,0,0
30002989,Laddiaha,10000036,Devoid,30002995,Naeel,10000036,Devoid,1.539,0,0
30002989,Laddiaha,10000036,Devoid,30002991,Uadelah,10000036,Devoid,1.475,0,0
30002989,Laddiaha,10000036,Devoid,30002998,Upper Debyl,10000036,Devoid,1.02,0,0
30004999,Ladistier,10000064,Essence,30005008,Aeschee,10000064,Essence,6.59,0,0
30004999,Ladistier,10000064,Essence,30005000,Old Man Star,10000064,Essence,4.475,0,0
30003049,Laic,10000037,Everyshore,30003051,Antollare,10000037,Everyshore,0.826,0,0
30003063,Lamaa,10000038,The Bleak Lands,30003069,Kamela,10000038,The Bleak Lands,2.101,0,0
30003063,Lamaa,10000038,The Bleak Lands,30003068,Kourmonen,10000038,The Bleak Lands,1.4,0,0
30002722,Lamadent,10000032,Sinq Laison,30002723,Otou,10000032,Sinq Laison,0.434,0,0
30100075,Lang,10001004,Exordium,30100077,Dettisolin,10001004,Exordium,0.261,0,0
30003882,Lansez,10000049,Khanid,30003883,Keberz,10000049,Khanid,1.668,0,0
30002540,Lantorn,10000030,Heimatar,30002541,Dal,10000030,Heimatar,0.612,0,0
30003579,Larryn,10000044,Solitude,30003580,Niballe,10000044,Solitude,0.645,0,1
30003579,Larryn,10000044,Solitude,30003583,Weraroix,10000044,Solitude,0.282,0,1
30000002,Lashesih,10000001,Derelik,30002973,Lisudeh,10000036,Devoid,0.877,1,0
30000002,Lashesih,10000001,Derelik,30000005,Sasta,10000001,Derelik,0.938,0,0
30003549,Lashkai,10000043,Domain,30003551,Jaswelu,10000043,Domain,0.742,0,0
30003549,Lashkai,10000043,Domain,30003550,Zhilshinou,10000043,Domain,0.77,0,0
30002065,Lasleinur,10000042,Metropolis,30002066,Arnher,10000042,Metropolis,0.442,0,0
30005002,Laurvier,10000064,Essence,30005003,Adirain,10000064,Essence,1.27,0,0
30005002,Laurvier,10000064,Essence,30005004,Attyn,10000064,Essence,0.876,0,0
30003592,Lazer,10000044,Solitude,30003593,Stoure,10000044,Solitude,0.674,0,1
30100042,Lenity,10001004,Exordium,30100044,Couth,10001004,Exordium,0.351,0,0
30003039,Leremblompes,10000037,Everyshore,30003053,Avele,10000037,Everyshore,1.179,0,0
30003039,Leremblompes,10000037,Everyshore,30003040,Bille,10000037,Everyshore,0.641,0,0
30003039,Leremblompes,10000037,Everyshore,30003041,Colcer,10000037,Everyshore,1.107,0,1
30003039,Leremblompes,10000037,Everyshore,30003043,Uphene,10000037,Everyshore,0.735,0,0
30002728,Lermireve,10000032,Sinq Laison,30003062,Angatalie,10000037,Everyshore,9.336,1,0
30002728,Lermireve,10000032,Sinq Laison,30004992,Palmon,10000064,Essence,6.978,1,0
30003409,Leurtmar,10000042,Metropolis,30023410,Embod,10000042,Metropolis,0.334,0,1
30003409,Leurtmar,10000042,Metropolis,30003410,Ryddinjorn,10000042,Metropolis,0.979,0,0
30005039,Leva,10000065,Kor-Azor,30005041,Masanuh,10000065,Kor-Azor,1.359,0,0
30000154,Liekuri,10000002,The Forge,30000156,Josameto,10000002,The Forge,0.895,0,0
30000154,Liekuri,10000002,The Forge,30000155,Obanen,10000002,The Forge,1.081,0,0
30100059,Ligare,10001004,Exordium,30100060,Axiosere,10001004,Exordium,0.219,0,0
30100059,Ligare,10001004,Exordium,30100062,Maso,10001004,Exordium,0.254,0,0
30003459,Lirerim,10000042,Metropolis,30003461,Diromitur,10000042,Metropolis,1.242,0,0
30003459,Lirerim,10000042,Metropolis,30003460,Offikatlin,10000042,Metropolis,1.066,0,0
30003025,Lirsautton,10000037,Everyshore,30003030,Ardallabier,10000037,Everyshore,0.861,0,0
30003025,Lirsautton,10000037,Everyshore,30003026,Blameston,10000037,Everyshore,1.284,0,0
30003025,Lirsautton,10000037,Everyshore,30003032,Meves,10000037,Everyshore,1.352,0,0
30005007,Lisbaetanne,10000064,Essence,30005008,Aeschee,10000064,Essence,1.643,0,0
30001400,Litiura,10000016,Lonetrek,30001401,Nonni,10000016,Lonetrek,1.426,0,0
30001400,Litiura,10000016,Lonetrek,30001402,Passari,10000016,Lonetrek,1.254,0,0
30001048,Litom,10000012,Curse,30001050,Jamunda,10000012,Curse,0.485,0,0
30001416,Liukikka,10000016,Lonetrek,30001418,Aikantoh,10000016,Lonetrek,0.795,0,1
30001416,Liukikka,10000016,Lonetrek,30001417,Rauntaka,10000016,Lonetrek,0.864,0,0
30005193,Lor,10000067,Genesis,30005196,Ahbazon,10000067,Genesis,2.098,0,0
30005193,Lor,10000067,Genesis,30005194,Cleyd,10000067,Genesis,0.472,0,0
30001687,Lossa,10000020,Tash-Murkon,30001708,Asezai,10000020,Tash-Murkon,1.321,0,0
30001687,Lossa,10000020,Tash-Murkon,30001688,Onazel,10000020,Tash-Murkon,1.336,0,0
30003575,Lour,10000044,Solitude,30003576,Maire,10000044,Solitude,0.467,0,0
30003575,Lour,10000044,Solitude,30003577,Oerse,10000044,Solitude,0.358,0,0
30002996,Lower Debyl,10000036,Devoid,30002997,Ehnoum,10000036,Devoid,0.787,0,0
30002996,Lower Debyl,10000036,Devoid,30002999,Shastal,10000036,Devoid,0.576,0,0
30002996,Lower Debyl,10000036,Devoid,30002998,Upper Debyl,10000036,Devoid,0.75,0,0
30002516,Lulm,10000030,Heimatar,30002517,Gulmorogod,10000030,Heimatar,0.783,0,0
30004967,Luminaire,10000064,Essence,30004972,Algogille,10000064,Essence,1.403,0,0
30004967,Luminaire,10000064,Essence,30004968,Mies,10000064,Essence,1.005,0,0
30002261,Luromooh,10000043,Domain,30002265,Azizora,10000043,Domain,0.823,0,0
30002261,Luromooh,10000043,Domain,30002263,Jarshitsan,10000043,Domain,0.964,0,0
30002261,Luromooh,10000043,Domain,30002262,Nalu,10000043,Domain,0.771,0,1
30002261,Luromooh,10000043,Domain,30002267,Shabura,10000043,Domain,0.791,0,0
30005316,Luse,10000068,Verge Vendor,30045305,Clellinon,10000068,Verge Vendor,0.448,0,1
30005316,Luse,10000068,Verge Vendor,30005317,Ekuenbiron,10000068,Verge Vendor,0.575,0,0
30005316,Luse,10000068,Verge Vendor,30005318,Vay,10000068,Verge Vendor,0.693,0,0
30100038,Lustre,10001004,Exordium,30100044,Couth,10001004,Exordium,0.3,0,0
30100038,Lustre,10001004,Exordium,30100040,Ratiocinate,10001004,Exordium,0.327,0,0
30002545,Lustrevik,10000030,Heimatar,30002546,Isendeldik,10000030,Heimatar,1.641,0,0
30002545,Lustrevik,10000030,Heimatar,30002568,Onga,10000030,Heimatar,1.16,0,0
30002869,M-75WN,10000034,The Kalevala Expanse,30002871,HVGR-R,10000034,The Kalevala Expanse,0.402,0,0
30002869,M-75WN,10000034,The Kalevala Expanse,30002873,K95-9I,10000034,The Kalevala Expanse,0.889,0,0
30002869,M-75WN,10000034,The Kalevala Expanse,30002870,PNFW-O,10000034,The Kalevala Expanse,0.509,0,0
30001995,M-76XI,10000023,Pure Blind,30001996,ZJET-E,10000023,Pure Blind,1.122,0,0
30002601,M-9V5D,10000031,Impass,30002603,M-VEJZ,10000031,Impass,1.063,0,1
30002601,M-9V5D,10000031,Impass,30002602,O2-39S,10000031,Impass,0.329,0,1
30000620,M-CNUD,10000007,Cache,30000623,04EI-U,10000007,Cache,1.346,0,0
30000922,M-EKDF,10000011,Great Wildlands,30000924,VXO-OM,10000011,Great Wildlands,2.287,0,0
30004356,M-HU4V,10000055,Branch,30004378,C-4ZOS,10000055,Branch,0.894,0,0
30000639,M-MCP8,10000007,Cache,30000649,LQ-01M,10000007,Cache,1.618,0,0
30000639,M-MCP8,10000007,Cache,30000641,TPG-DD,10000007,Cache,1.269,0,0
30002428,M-MD31,10000029,Geminate,30002431,QKTR-L,10000029,Geminate,0.963,0,1
30002428,M-MD31,10000029,Geminate,30002437,V-MZW0,10000029,Geminate,5.259,0,0
30002428,M-MD31,10000029,Geminate,30002429,WH-2EZ,10000029,Geminate,1.633,0,0
30004511,M-NKZM,10000057,Outer Ring,30004538,W2F-ZH,10000057,Outer Ring,0.681,0,1
30003200,M-NWLB,10000040,Oasa,30003202,GGMF-J,10000040,Oasa,0.632,0,0
30003200,M-NWLB,10000040,Oasa,30003203,IG-4OF,10000040,Oasa,0.737,0,0
30003200,M-NWLB,10000040,Oasa,30003235,UGR-J2,10000040,Oasa,1.513,0,0
30000848,M-OEE8,10000010,Tribute,30000850,FY0W-N,10000010,Tribute,1.113,0,0
30000848,M-OEE8,10000010,Tribute,30001447,Taisy,10000016,Lonetrek,3.614,1,0
30000848,M-OEE8,10000010,Tribute,30000849,V0DF-2,10000010,Tribute,0.855,0,0
30004478,M-PGT0,10000056,Feythabolis,30004481,HYPL-V,10000056,Feythabolis,0.683,0,0
30004478,M-PGT0,10000056,Feythabolis,30004479,NPD9-A,10000056,Feythabolis,0.84,0,0
30004881,M-RPN3,10000061,Tenerifis,30004883,JV1V-O,10000061,Tenerifis,1.054,0,1
30005140,M-SG47,10000066,Perrigen Falls,30005141,SR-10Z,10000066,Perrigen Falls,0.868,0,0
30005140,M-SG47,10000066,Perrigen Falls,30005143,TAL1-3,10000066,Perrigen Falls,0.914,0,0
30005140,M-SG47,10000066,Perrigen Falls,30005142,W-KXEX,10000066,Perrigen Falls,0.783,0,1
30003665,M-UC0S,10000045,Tenal,30003667,SY0W-2,10000045,Tenal,0.639,0,0
30003665,M-UC0S,10000045,Tenal,30003666,V7-MID,10000045,Tenal,1.303,0,0
30002377,M-V0PQ,10000027,Etherium Reach,30002378,DYPL-6,10000027,Etherium Reach,0.805,0,0
30002377,M-V0PQ,10000027,Etherium Reach,30002379,V-OL61,10000027,Etherium Reach,0.668,0,0
30000471,M-XUZZ,10000005,Detorid,30000479,SLVP-D,10000005,Detorid,1.03,0,0
30002000,M-YCD4,10000023,Pure Blind,30002001,Q-5211,10000023,Pure Blind,1.041,0,0
30002000,M-YCD4,10000023,Pure Blind,30002002,R-2R0G,10000023,Pure Blind,0.463,0,0
30002181,M-ZJWJ,10000025,Immensea,30002185,NI-J0B,10000025,Immensea,0.697,0,1
30001747,M1-PX9,10000021,Outer Passage,30001748,W9-TFD,10000021,Outer Passage,1.488,0,0
30004010,M1BZ-2,10000050,Querious,30004012,8QT-H4,10000050,Querious,0.628,0,0
30001332,M2-2V1,10000015,Venal,30001334,E1F-E5,10000015,Venal,1.003,0,1
30003284,M2-CF1,10000041,Syndicate,30003301,97X-CH,10000041,Syndicate,0.847,0,0
30003284,M2-CF1,10000041,Syndicate,30003285,JH-M2W,10000041,Syndicate,1.333,0,0
30003284,M2-CF1,10000041,Syndicate,30003309,VV-VCR,10000041,Syndicate,0.845,0,1
30004773,M2-XFE,10000060,Delve,30004774,5-CQDA,10000060,Delve,1.074,0,0
30004773,M2-XFE,10000060,Delve,30004775,I-E3TG,10000060,Delve,1.451,0,0
30004461,M2GJ-X,10000056,Feythabolis,30004462,JO-32L,10000056,Feythabolis,1.64,0,0
30000556,M3-KAQ,10000006,Wicked Creek,30000594,J-RXYN,10000006,Wicked Creek,1.211,0,0
30000761,M4-GJ6,10000009,Insmother,30000763,SN9-3Z,10000009,Insmother,0.534,0,0
30000761,M4-GJ6,10000009,Insmother,30000777,X5-0EM,10000009,Insmother,1.823,0,0
30005153,M4-KX5,10000066,Perrigen Falls,30005157,0XN-SK,10000066,Perrigen Falls,1.024,0,0
30004739,M5-CGW,10000060,Delve,30004741,ZA9-PY,10000060,Delve,0.953,0,1
30000633,M53-1V,10000007,Cache,30000634,E5T-CS,10000007,Cache,1.292,0,0
30005134,M5NO-B,10000066,Perrigen Falls,30005138,7M4-4C,10000066,Perrigen Falls,1.309,0,0
30005134,M5NO-B,10000066,Perrigen Falls,30005136,JPEZ-R,10000066,Perrigen Falls,0.703,0,1
30004901,M9-FIB,10000062,Omist,30004902,D2EZ-X,10000062,Omist,0.792,0,1
30000681,M9-MLR,10000008,Scalding Pass,30000717,Q-NA5H,10000008,Scalding Pass,2.059,0,0
30000998,M9U-75,10000011,Great Wildlands,30001000,K-IYNW,10000011,Great Wildlands,0.87,0,0
30004369,MA-VDX,10000055,Branch,30004370,RO90-H,10000055,Branch,0.77,0,0
30000272,MA-XAP,10000003,Vale of the Silent,30000273,C-J7CR,10000003,Vale of the Silent,0.755,0,1
30001182,MB-NKE,10000014,Catch,30001184,6-MM99,10000014,Catch,0.25,0,0
30001182,MB-NKE,10000014,Catch,30001183,G-7WUF,10000014,Catch,0.749,0,0
30001182,MB-NKE,10000014,Catch,30001185,JBY6-F,10000014,Catch,0.975,0,0
30001832,MB4D-4,10000022,Stain,30001833,LGK-VP,10000022,Stain,1.555,0,0
30001818,MC4C-H,10000021,Outer Passage,30001820,3-QNM4,10000021,Outer Passage,0.886,0,1
30001818,MC4C-H,10000021,Outer Passage,30001819,OW-QXW,10000021,Outer Passage,0.797,0,0
30001316,MC6-5J,10000015,Venal,30001318,4-7IL9,10000015,Venal,1.177,0,0
30001316,MC6-5J,10000015,Venal,30001321,B-CZXG,10000015,Venal,2.706,0,0
30001316,MC6-5J,10000015,Venal,30001320,RQ9-OZ,10000015,Venal,2.481,0,0
30000209,MC6O-F,10000003,Vale of the Silent,30000242,8TPX-N,10000003,Vale of the Silent,1.535,0,0
30000209,MC6O-F,10000003,Vale of the Silent,30000214,HE-V4V,10000003,Vale of the Silent,1.214,0,0
30000209,MC6O-F,10000003,Vale of the Silent,30000212,NCGR-Q,10000003,Vale of the Silent,0.578,0,0
30000443,MD-0AW,10000005,Detorid,30000444,H-FGJO,10000005,Detorid,1.246,0,0
30004398,ME-4IU,10000055,Branch,30004403,3KNA-N,10000055,Branch,0.438,0,1
30004398,ME-4IU,10000055,Branch,30004399,BU-IU4,10000055,Branch,0.646,0,0
30004398,ME-4IU,10000055,Branch,30004400,I-7JR4,10000055,Branch,0.752,0,0
30004934,MG0-RD,10000063,Period Basis,30004935,TPAR-G,10000063,Period Basis,1.697,0,0
30004934,MG0-RD,10000063,Period Basis,30004936,VYO-68,10000063,Period Basis,1.435,0,0
30000321,MGAM-4,10000003,Vale of the Silent,30000323,7G-H7D,10000003,Vale of the Silent,0.9,0,0
30000321,MGAM-4,10000003,Vale of the Silent,30000324,Q3-BAY,10000003,Vale of the Silent,1.347,0,0
30000321,MGAM-4,10000003,Vale of the Silent,30000322,VORM-W,10000003,Vale of the Silent,0.295,0,0
30003712,MH9C-S,10000047,Providence,30003754,2-TEGJ,10000047,Providence,0.795,0,0
30003712,MH9C-S,10000047,Providence,30003715,T-RPFU,10000047,Providence,1.863,0,0
30003268,MHC-R3,10000041,Syndicate,30003275,2X-PQG,10000041,Syndicate,2.623,0,0
30003268,MHC-R3,10000041,Syndicate,30003270,6E-578,10000041,Syndicate,1.596,0,0
30003268,MHC-R3,10000041,Syndicate,30003269,F67E-Q,10000041,Syndicate,0.997,0,0
30003268,MHC-R3,10000041,Syndicate,30003793,Harroule,10000048,Placid,1.714,1,0
30003268,MHC-R3,10000041,Syndicate,30003298,UM-Q7F,10000041,Syndicate,0.772,0,0
30004899,MJ-X5V,10000062,Omist,30004901,M9-FIB,10000062,Omist,1.013,0,0
30004183,MK-YNM,10000053,Cobalt Edge,30004184,2-9Z6V,10000053,Cobalt Edge,0.72,0,0
30004183,MK-YNM,10000053,Cobalt Edge,30004188,4A-6NI,10000053,Cobalt Edge,1.158,0,0
30004183,MK-YNM,10000053,Cobalt Edge,30004185,5HN-D6,10000053,Cobalt Edge,0.618,0,1
30003962,MKD-O8,10000050,Querious,30003963,GOP-GE,10000050,Querious,1.914,0,0
30000529,MKIG-5,10000006,Wicked Creek,30000534,30-YOU,10000006,Wicked Creek,1.02,0,0
30000529,MKIG-5,10000006,Wicked Creek,30000557,6-L4YC,10000006,Wicked Creek,1.761,0,0
30000529,MKIG-5,10000006,Wicked Creek,30000544,GM-50Y,10000006,Wicked Creek,1.493,0,0
30000529,MKIG-5,10000006,Wicked Creek,30000530,YHEN-G,10000006,Wicked Creek,0.72,0,0
30000539,MLQ-O9,10000006,Wicked Creek,30000542,8-OZU1,10000006,Wicked Creek,0.897,0,1
30001913,MMR-LZ,10000022,Stain,30001921,DABV-N,10000022,Stain,3.412,0,0
30001913,MMR-LZ,10000022,Stain,30001916,T7-JNB,10000022,Stain,1.372,0,0
30001913,MMR-LZ,10000022,Stain,30001915,YE17-R,10000022,Stain,0.592,0,1
30004913,MMUF-8,10000062,Omist,30004914,99-0GS,10000062,Omist,1.23,0,0
30004913,MMUF-8,10000062,Omist,30004919,NQH-MR,10000062,Omist,1.705,0,0
30000580,MN-Q26,10000006,Wicked Creek,30000582,4-OS2A,10000006,Wicked Creek,0.589,0,0
30000580,MN-Q26,10000006,Wicked Creek,30000586,Q-GQHN,10000006,Wicked Creek,0.607,0,0
30000580,MN-Q26,10000006,Wicked Creek,30000585,XQS-GZ,10000006,Wicked Creek,1.237,0,0
30004618,MN5N-X,10000058,Fountain,30004622,D-Q04X,10000058,Fountain,0.891,0,0
30002840,MN9P-A,10000034,The Kalevala Expanse,30002848,74-DRC,10000034,The Kalevala Expanse,0.799,0,0
30002840,MN9P-A,10000034,The Kalevala Expanse,30002843,BM-VYZ,10000034,The Kalevala Expanse,1.124,0,0
30002840,MN9P-A,10000034,The Kalevala Expanse,30002842,L-TLFU,10000034,The Kalevala Expanse,1.265,0,0
30000270,MO-FIF,10000003,Vale of the Silent,30000272,MA-XAP,10000003,Vale of the Silent,0.531,0,1
30002359,MO-I1W,10000027,Etherium Reach,30002360,ZZ5X-M,10000027,Etherium Reach,1.64,0,0
30004223,MO-YDG,10000053,Cobalt Edge,30004224,42SU-L,10000053,Cobalt Edge,1.046,0,1
30004223,MO-YDG,10000053,Cobalt Edge,30004229,Q-VTWJ,10000053,Cobalt Edge,0.872,0,1
30001554,MOSA-I,10000018,The Spire,30001555,B6-XE8,10000018,The Spire,1.81,0,0
30004702,MP5-KR,10000059,Paragon Soul,30004703,O-N589,10000059,Paragon Soul,1.133,0,1
30003699,MPPA-A,10000046,Fade,30003702,8QMO-E,10000046,Fade,0.736,0,0
30003699,MPPA-A,10000046,Fade,30003701,I-UUI5,10000046,Fade,1.192,0,1
30002035,MQ-NPY,10000023,Pure Blind,30002036,D2-HOS,10000023,Pure Blind,0.85,0,0
30002035,MQ-NPY,10000023,Pure Blind,30002039,RQH-MY,10000023,Pure Blind,1.055,0,0
30002035,MQ-NPY,10000023,Pure Blind,30002038,TFA0-U,10000023,Pure Blind,1.525,0,0
30000280,MQ-O27,10000003,Vale of the Silent,30000281,H-EY0P,10000003,Vale of the Silent,0.889,0,0
30001278,MQFX-Q,10000015,Venal,30001279,9-8BL8,10000015,Venal,0.917,0,1
30002421,MR4-MY,10000029,Geminate,30002423,FDZ4-A,10000029,Geminate,0.676,0,0
30002421,MR4-MY,10000029,Geminate,30002422,SR-KBB,10000029,Geminate,0.916,0,0
30005155,MS-RXH,10000066,Perrigen Falls,30005156,U-3FKL,10000066,Perrigen Falls,1.327,0,0
30004861,MS1-KJ,10000061,Tenerifis,30004862,8-BEW8,10000061,Tenerifis,2.033,0,0
30003153,MS2-V8,10000039,Esoteria,30003163,P9F-ZG,10000039,Esoteria,0.956,0,0
30000864,MSHD-4,10000010,Tribute,30000865,H-W9TY,10000010,Tribute,1.026,0,0
30004464,MSKR-1,10000056,Feythabolis,30004478,M-PGT0,10000056,Feythabolis,0.866,0,0
30003197,MTGF-2,10000040,Oasa,30003198,0-QP56,10000040,Oasa,0.464,0,0
30003197,MTGF-2,10000040,Oasa,30005115,5T-A3D,10000066,Perrigen Falls,0.873,1,0
30001213,MUXX-4,10000014,Catch,30001214,E1-4YH,10000014,Catch,1.274,0,0
30003755,MVCJ-E,10000047,Providence,30003757,BK4-YC,10000047,Providence,1.505,0,1
30003755,MVCJ-E,10000047,Providence,30003759,LF-2KP,10000047,Providence,1.157,0,0
30000546,MWA-5Q,10000006,Wicked Creek,30000547,H-HHTH,10000006,Wicked Creek,1.16,0,0
30000546,MWA-5Q,10000006,Wicked Creek,30000548,JQU-KY,10000006,Wicked Creek,1.113,0,0
30000546,MWA-5Q,10000006,Wicked Creek,30000558,UM-SCG,10000006,Wicked Creek,0.686,0,0
30000546,MWA-5Q,10000006,Wicked Creek,30000549,UY5A-D,10000006,Wicked Creek,1.826,0,0
30002913,MXX5-9,10000035,Deklein,30002921,3QE-9Q,10000035,Deklein,0.507,0,0
30002913,MXX5-9,10000035,Deklein,30002914,ZZZR-5,10000035,Deklein,1.372,0,1
30000232,MY-T2P,10000003,Vale of the Silent,30000234,GEKJ-9,10000003,Vale of the Silent,0.977,0,1
30000232,MY-T2P,10000003,Vale of the Silent,30000237,XV-8JQ,10000003,Vale of the Silent,0.853,0,1
30001202,MY-W1V,10000014,Catch,30001219,8B-2YA,10000014,Catch,0.974,0,0
30002940,MZ1E-P,10000035,Deklein,30002942,J1AU-9,10000035,Deklein,1.311,0,0
30003185,MZLW-9,10000040,Oasa,30003186,ND-X7X,10000040,Oasa,0.824,0,0
30003659,MZPH-W,10000045,Tenal,30003661,JI-1UQ,10000045,Tenal,1.332,0,0
30003659,MZPH-W,10000045,Tenal,30003663,U5-XW7,10000045,Tenal,0.718,0,0
30003659,MZPH-W,10000045,Tenal,30003660,W0X-MG,10000045,Tenal,1.717,0,0
30004234,Maalna,10000054,Aridia,30004235,Maseera,10000054,Aridia,0.714,0,0
30002190,Mabnen,10000043,Domain,30002196,Ebidan,10000043,Domain,0.573,0,0
30002190,Mabnen,10000043,Domain,30002194,Martha,10000043,Domain,2.312,0,0
30002190,Mabnen,10000043,Domain,30002195,Simbeloud,10000043,Domain,0.997,0,0
30003503,Madirmilire,10000043,Domain,30004080,Romi,10000052,Kador,1.426,1,0
30003503,Madirmilire,10000043,Domain,30003506,Saana,10000043,Domain,1.434,0,0
30005243,Madomi,10000067,Genesis,30005293,Doza,10000067,Genesis,0.768,0,0
30005243,Madomi,10000067,Genesis,30005244,Gergish,10000067,Genesis,1.559,0,0
30005064,Mafra,10000065,Kor-Azor,30005065,Arzi,10000065,Kor-Azor,1.967,0,0
30002570,Magiko,10000030,Heimatar,30002573,Vullat,10000030,Heimatar,0.89,0,0
30000096,Mahnagh,10000001,Derelik,30000097,Shach,10000001,Derelik,1.355,0,1
30003520,Mahrokht,10000043,Domain,30003521,Alkabsi,10000043,Domain,1.941,0,0
30003546,Maiah,10000043,Domain,30003547,Hamse,10000043,Domain,0.55,0,0
30003546,Maiah,10000043,Domain,30003551,Jaswelu,10000043,Domain,0.837,0,0
30003546,Maiah,10000043,Domain,30003549,Lashkai,10000043,Domain,1.033,0,0
30000162,Maila,10000002,The Forge,30000163,Akora,10000002,The Forge,0.981,0,0
30003576,Maire,10000044,Solitude,30003578,Octanneve,10000044,Solitude,1.104,0,0
30003576,Maire,10000044,Solitude,30003577,Oerse,10000044,Solitude,0.681,0,0
30000047,Majamar,10000001,Derelik,30000050,Fera,10000001,Derelik,0.794,0,1
30005210,Makhwasan,10000067,Genesis,30005219,Sigga,10000067,Genesis,1.42,0,0
30005210,Makhwasan,10000067,Genesis,30005212,Toon,10000067,Genesis,1.397,0,1
30005210,Makhwasan,10000067,Genesis,30005211,Zarer,10000067,Genesis,1.096,0,0
30001393,Malkalen,10000016,Lonetrek,30001394,Korama,10000016,Lonetrek,0.726,0,0
30001393,Malkalen,10000016,Lonetrek,30001395,Ylandoki,10000016,Lonetrek,0.784,0,0
30005235,Malma,10000067,Genesis,30005267,Bherdasopt,10000067,Genesis,1.539,0,0
30002242,Mamenkhanar,10000043,Domain,30002243,Seiradih,10000043,Domain,1.264,0,0
30003559,Mamet,10000043,Domain,30003561,Biphi,10000043,Domain,0.696,0,0
30003559,Mamet,10000043,Domain,30003560,Hoshoun,10000043,Domain,0.706,0,0
30003559,Mamet,10000043,Domain,30003563,Misaba,10000043,Domain,1.869,0,0
30003559,Mamet,10000043,Domain,30003564,Rephirib,10000043,Domain,0.534,0,1
30003559,Mamet,10000043,Domain,30003562,Ziriert,10000043,Domain,1.342,0,0
30005201,Manarq,10000067,Genesis,30005202,Emsar,10000067,Genesis,1.122,0,0
30005201,Manarq,10000067,Genesis,30005206,Kemerk,10000067,Genesis,2.606,0,0
30005201,Manarq,10000067,Genesis,30005203,Ourapheh,10000067,Genesis,0.603,0,0
30005230,Manatirid,10000067,Genesis,30005231,Pashanai,10000067,Genesis,1.059,0,0
30004112,Mandoo,10000052,Kador,30004114,Peyiri,10000052,Kador,0.588,0,0
30001658,Mani,10000020,Tash-Murkon,30001729,Sinid,10000020,Tash-Murkon,1.371,0,0
30001658,Mani,10000020,Tash-Murkon,30001734,Zehru,10000020,Tash-Murkon,0.943,0,0
30100032,Manifest,10001004,Exordium,30100039,Celerity,10001004,Exordium,0.254,0,0
30100032,Manifest,10001004,Exordium,30100034,Fortitude,10001004,Exordium,0.202,0,0
30100032,Manifest,10001004,Exordium,30100041,Rigor,10001004,Exordium,0.186,0,0
30100032,Manifest,10001004,Exordium,30100043,Steadfast,10001004,Exordium,0.385,0,0
30002760,Manjonakko,10000033,The Citadel,30045334,Mushikegi,10000069,Black Rise,3.25,1,0
30003060,Mannar,10000037,Everyshore,30003062,Angatalie,10000037,Everyshore,0.602,0,0
30003060,Mannar,10000037,Everyshore,30003061,Mormelot,10000037,Everyshore,0.492,0,0
30001388,Mara,10000016,Lonetrek,30002758,Hasama,10000033,The Citadel,6.485,1,0
30001388,Mara,10000016,Lonetrek,30001402,Passari,10000016,Lonetrek,0.885,0,0
30001388,Mara,10000016,Lonetrek,30001391,Piekura,10000016,Lonetrek,0.904,0,0
30003024,Marosier,10000037,Everyshore,30003029,Jaschercis,10000037,Everyshore,1.1,0,0
30003024,Marosier,10000037,Everyshore,30003025,Lirsautton,10000037,Everyshore,1.381,0,0
30003024,Marosier,10000037,Everyshore,30003027,Vaurent,10000037,Everyshore,1.905,0,0
30002194,Martha,10000043,Domain,30004152,Kooreng,10000052,Kador,1.293,1,0
30001722,Marthia,10000020,Tash-Murkon,30001723,Assiad,10000020,Tash-Murkon,0.835,0,0
30001722,Marthia,10000020,Tash-Murkon,30001727,Rand,10000020,Tash-Murkon,1.099,0,0
30001722,Marthia,10000020,Tash-Murkon,30031672,Safilbab,10000020,Tash-Murkon,0.334,0,1
30045318,Martoh,10000069,Black Rise,30045319,Eha,10000069,Black Rise,3.224,0,0
30005325,Masalle,10000068,Verge Vendor,30005326,Annelle,10000068,Verge Vendor,0.899,0,0
30003868,Mashtarmem,10000049,Khanid,30003874,Saloti,10000049,Khanid,0.824,0,0
30003868,Mashtarmem,10000049,Khanid,30003869,Sehsasez,10000049,Khanid,0.683,0,0
30003868,Mashtarmem,10000049,Khanid,30003872,Yezara,10000049,Khanid,0.395,0,0
30100062,Maso,10001004,Exordium,30100063,Mondaekus,10001004,Exordium,0.193,0,0
30000052,Maspah,10000001,Derelik,30000053,Ibaria,10000001,Derelik,1.002,0,0
30000052,Maspah,10000001,Derelik,30000054,Shala,10000001,Derelik,0.816,0,0
30000052,Maspah,10000001,Derelik,30000055,Zemalu,10000001,Derelik,0.72,0,0
30000202,Mastakomon,10000002,The Forge,30000203,Eruka,10000002,The Forge,0.534,0,0
30000202,Mastakomon,10000002,The Forge,30000204,Ohkunen,10000002,The Forge,0.609,0,0
30000202,Mastakomon,10000002,The Forge,30000207,Osaa,10000002,The Forge,1.202,0,0
30003444,Mateber,10000042,Metropolis,30003446,Ofage,10000042,Metropolis,0.738,0,0
30003034,Mattere,10000037,Everyshore,30003035,Gicodel,10000037,Everyshore,0.762,0,0
30003396,Maturat,10000042,Metropolis,30003397,Bongveber,10000042,Metropolis,3.074,0,0
30003396,Maturat,10000042,Metropolis,30003428,Hilfhurmur,10000042,Metropolis,0.567,0,0
30003396,Maturat,10000042,Metropolis,30003399,Vorsk,10000042,Metropolis,0.926,0,1
30001654,Matyas,10000020,Tash-Murkon,30002263,Jarshitsan,10000043,Domain,0.888,1,0
30000140,Maurasi,10000002,The Forge,30000142,Jita,10000002,The Forge,0.883,0,0
30000140,Maurasi,10000002,The Forge,30002780,Muvolailen,10000033,The Citadel,4.5,1,0
30000140,Maurasi,10000002,The Forge,30000144,Perimeter,10000002,The Forge,2.043,0,0
30003835,Maut,10000048,Placid,30003850,Alparena,10000048,Placid,1.234,0,0
30002213,Mazitah,10000043,Domain,30002214,Hiramu,10000043,Domain,0.463,0,1
30002213,Mazitah,10000043,Domain,30002217,Hutian,10000043,Domain,1.194,0,1
30002213,Mazitah,10000043,Domain,30002215,Sakhti,10000043,Domain,0.437,0,0
30100079,Mazor,10001004,Exordium,30100080,Kanta,10001004,Exordium,0.479,0,0
30100079,Mazor,10001004,Exordium,30100081,Taikud,10001004,Exordium,0.365,0,0
30100079,Mazor,10001004,Exordium,30100082,Vaejra,10001004,Exordium,0.219,0,0
30002974,Mehatoor,10000036,Devoid,30002992,Akes,10000036,Devoid,5.133,0,0
30002401,Meildolf,10000028,Molden Heath,30002412,Ennur,10000028,Molden Heath,3.982,0,0
30003403,Meimungen,10000042,Metropolis,30003405,Datulen,10000042,Metropolis,0.842,0,0
30003403,Meimungen,10000042,Metropolis,30033410,Erego,10000042,Metropolis,0.334,0,1
30003403,Meimungen,10000042,Metropolis,30003406,Situner,10000042,Metropolis,0.761,0,0
30002525,Meirakulf,10000030,Heimatar,30002526,Frarn,10000030,Heimatar,0.811,0,0
30002525,Meirakulf,10000030,Heimatar,30003410,Ryddinjorn,10000042,Metropolis,3.93,1,0
30005296,Melmaniel,10000068,Verge Vendor,30005298,Costolle,10000068,Verge Vendor,1.189,0,0
30005296,Melmaniel,10000068,Verge Vendor,30005297,Ouelletta,10000068,Verge Vendor,1.239,0,0
30002986,Mendori,10000036,Devoid,30002997,Ehnoum,10000036,Devoid,1.024,0,0
30002986,Mendori,10000036,Devoid,30002988,Nakatre,10000036,Devoid,1.225,0,0
30004121,Menri,10000052,Kador,30004136,Mod,10000052,Kador,1.154,0,0
30003853,Mercomesier,10000048,Placid,30003856,Athounon,10000048,Placid,1.13,0,0
30005303,Merolles,10000068,Verge Vendor,30005304,Alentene,10000068,Verge Vendor,1.241,0,0
30003538,Merz,10000043,Domain,30003541,Faswiba,10000043,Domain,1.929,0,0
30003538,Merz,10000043,Domain,30003539,Miakie,10000043,Domain,1.188,0,0
30003538,Merz,10000043,Domain,30003540,Sirkahri,10000043,Domain,0.679,0,0
30000164,Messoya,10000002,The Forge,30000195,Tasti,10000002,The Forge,1.059,0,0
30004975,Mesybier,10000064,Essence,30005295,Murethand,10000068,Verge Vendor,1.18,1,0
30004975,Mesybier,10000064,Essence,30004978,Pemene,10000064,Essence,1.652,0,0
30002637,Metserel,10000032,Sinq Laison,30002640,Erme,10000032,Sinq Laison,1.784,0,0
30002637,Metserel,10000032,Sinq Laison,30005020,Seyllin,10000064,Essence,1.907,1,0
30003568,Meunvon,10000044,Solitude,30003570,Elore,10000044,Solitude,0.8,0,0
30003032,Meves,10000037,Everyshore,30003033,Ethernity,10000037,Everyshore,0.528,0,0
30003032,Meves,10000037,Everyshore,30003034,Mattere,10000037,Everyshore,0.654,0,0
30004113,Miah,10000052,Kador,30004115,Kamda,10000052,Kador,0.478,0,0
30003539,Miakie,10000043,Domain,30003541,Faswiba,10000043,Domain,0.803,0,0
30004968,Mies,10000064,Essence,30004969,Oursulaert,10000064,Essence,0.922,0,0
30000046,Mifrata,10000001,Derelik,30000048,Ihal,10000001,Derelik,1.373,0,0
30000046,Mifrata,10000001,Derelik,30000047,Majamar,10000001,Derelik,1.537,0,1
30002198,Mikhir,10000043,Domain,30002199,Bashakru,10000043,Domain,0.859,0,0
30002198,Mikhir,10000043,Domain,30002203,Ziona,10000043,Domain,1.351,0,0
30002236,Milal,10000043,Domain,30002239,Rammi,10000043,Domain,0.514,0,0
30002236,Milal,10000043,Domain,30002237,Sobenah,10000043,Domain,1.064,0,0
30003001,Mili,10000036,Devoid,30003002,Faktun,10000036,Devoid,0.657,0,0
30003001,Mili,10000036,Devoid,30003003,Halenan,10000036,Devoid,0.569,0,0
30001676,Mimen,10000020,Tash-Murkon,30001680,Hoona,10000020,Tash-Murkon,1.227,0,0
30001676,Mimen,10000020,Tash-Murkon,30001679,Unkah,10000020,Tash-Murkon,1.198,0,0
30001691,Mimime,10000020,Tash-Murkon,30003858,Gousoviba,10000049,Khanid,1.291,1,0
30001691,Mimime,10000020,Tash-Murkon,30001693,Perdan,10000020,Tash-Murkon,1.277,0,1
30002719,Miroitem,10000032,Sinq Laison,30002722,Lamadent,10000032,Sinq Laison,0.562,0,0
30002719,Miroitem,10000032,Sinq Laison,30002723,Otou,10000032,Sinq Laison,0.779,0,0
30002719,Miroitem,10000032,Sinq Laison,30002720,Thelan,10000032,Sinq Laison,1.105,0,0
30005084,Miroona,10000065,Kor-Azor,30005087,Liparer,10000065,Kor-Azor,0.59,0,0
30005084,Miroona,10000065,Kor-Azor,30005085,Ranni,10000065,Kor-Azor,0.694,0,1
30003563,Misaba,10000043,Domain,30003769,R3-K7K,10000047,Providence,1.306,1,0
30005059,Misha,10000065,Kor-Azor,30005060,Ordion,10000065,Kor-Azor,0.854,0,1
30004251,Mishi,10000054,Aridia,30004253,Pahineh,10000054,Aridia,0.653,0,0
30003482,Mista,10000043,Domain,30003485,Andabiar,10000043,Domain,1.213,0,0
30003482,Mista,10000043,Domain,30003486,Kheram,10000043,Domain,1.237,0,0
30003482,Mista,10000043,Domain,30003526,Murzi,10000043,Domain,1.17,0,0
30000120,Mitsolen,10000002,The Forge,30000122,Mahtista,10000002,The Forge,0.678,0,1
30002255,Miyeli,10000043,Domain,30002256,Reyi,10000043,Domain,1.418,0,0
30003828,Moclinamaud,10000048,Placid,30003829,Renarelle,10000048,Placid,2.01,0,0
30004136,Mod,10000052,Kador,30004138,Bersyrim,10000052,Kador,1.84,0,0
30004136,Mod,10000052,Kador,30004137,Omam,10000052,Kador,0.946,0,0
30001720,Modun,10000020,Tash-Murkon,30001721,Saminer,10000020,Tash-Murkon,0.454,0,0
30000031,Mohas,10000001,Derelik,30000035,Nimambal,10000001,Derelik,0.694,0,0
30000031,Mohas,10000001,Derelik,30000033,Radima,10000001,Derelik,0.788,0,0
30003876,Molea,10000049,Khanid,30003877,Gidali,10000049,Khanid,0.422,0,0
30003876,Molea,10000049,Khanid,30005043,Nakregde,10000065,Kor-Azor,0.72,1,0
30003814,Mollin,10000048,Placid,30003815,Iffrue,10000048,Placid,1.22,0,0
30003881,Moniyyuku,10000049,Khanid,30003911,Edani,10000049,Khanid,1.297,0,0
30003881,Moniyyuku,10000049,Khanid,30005050,Kulu,10000065,Kor-Azor,0.788,1,0
30005037,Mora,10000065,Kor-Azor,30045042,Conoban,10000065,Kor-Azor,0.448,0,1
30005037,Mora,10000065,Kor-Azor,30005048,Polfaly,10000065,Kor-Azor,1.006,0,0
30005037,Mora,10000065,Kor-Azor,30005042,Sehmy,10000065,Kor-Azor,0.949,0,0
30003893,Moro,10000049,Khanid,30003895,Ainsan,10000049,Khanid,4.446,0,0
30003443,Moselgi,10000042,Metropolis,30003445,Iluin,10000042,Metropolis,0.49,0,0
30003443,Moselgi,10000042,Metropolis,30003446,Ofage,10000042,Metropolis,1.924,0,0
30003021,Mosson,10000037,Everyshore,30003027,Vaurent,10000037,Everyshore,0.93,0,0
30002819,Motsu,10000033,The Citadel,30041392,Laah,10000033,The Citadel,1.02,0,0
30002257,Moussou,10000043,Domain,30002258,Nadohman,10000043,Domain,0.892,0,0
30005299,Muetralle,10000068,Verge Vendor,30005320,Hevrice,10000068,Verge Vendor,1.227,0,0
30002206,Murema,10000043,Domain,30002220,Aghesi,10000043,Domain,1.96,0,0
30002206,Murema,10000043,Domain,30002207,Cailanar,10000043,Domain,0.515,0,1
30002206,Murema,10000043,Domain,30003553,Warouh,10000043,Domain,0.867,0,0
30005295,Murethand,10000068,Verge Vendor,30005296,Melmaniel,10000068,Verge Vendor,2.196,0,0
30004092,Murini,10000052,Kador,30004093,Askonak,10000052,Kador,1.115,0,0
30004092,Murini,10000052,Kador,30004094,Nordar,10000052,Kador,1.571,0,0
30004092,Murini,10000052,Kador,30004150,Shaggoth,10000052,Kador,1.288,0,0
30002394,Muttokon,10000028,Molden Heath,30002420,Egbinger,10000028,Molden Heath,4.054,0,0
30003022,Mya,10000037,Everyshore,30003023,Gerper,10000037,Everyshore,0.335,0,1
30003075,Myyhera,10000038,The Bleak Lands,30003079,Saikamon,10000038,The Bleak Lands,1.202,0,0
30001309,N-5476,10000015,Venal,30001312,92D-OI,10000015,Venal,1.359,0,0
30001309,N-5476,10000015,Venal,30001310,PZOZ-K,10000015,Venal,1.88,0,1
30001309,N-5476,10000015,Venal,30001314,SE-SHZ,10000015,Venal,1.123,0,0
30000915,N-6Z8B,10000011,Great Wildlands,30000962,1L-AED,10000011,Great Wildlands,1.564,0,0
30000915,N-6Z8B,10000011,Great Wildlands,30000989,52V6-B,10000011,Great Wildlands,0.724,0,0
30002612,N-7ECY,10000031,Impass,30002613,4-MPSJ,10000031,Impass,0.696,0,1
30001209,N-8BZ6,10000014,Catch,30001210,A-VILQ,10000014,Catch,1.03,0,1
30004762,N-8YET,10000060,Delve,30004764,3-DMQT,10000060,Delve,0.672,0,0
30002583,N-CREL,10000031,Impass,30002584,TM-0P2,10000031,Impass,1.153,0,0
30000904,N-DQ0D,10000011,Great Wildlands,30000971,LXTC-S,10000011,Great Wildlands,0.704,0,1
30000904,N-DQ0D,10000011,Great Wildlands,30000949,P1T-LP,10000011,Great Wildlands,1.317,0,0
30000862,N-FK87,10000010,Tribute,30000866,PNDN-V,10000010,Tribute,0.964,0,0
30001060,N-H95C,10000013,Malpais,30001062,N-YLOE,10000013,Malpais,0.734,0,0
30000215,N-HSK0,10000003,Vale of the Silent,30000216,05R-7A,10000003,Vale of the Silent,0.88,0,0
30000215,N-HSK0,10000003,Vale of the Silent,30000251,49-0LI,10000003,Vale of the Silent,1.042,0,1
30000215,N-HSK0,10000003,Vale of the Silent,30000217,7-UH4Z,10000003,Vale of the Silent,0.892,0,0
30000215,N-HSK0,10000003,Vale of the Silent,30000219,FS-RFL,10000003,Vale of the Silent,0.995,0,0
30001827,N-I024,10000021,Outer Passage,30001829,Y-7XVJ,10000021,Outer Passage,0.903,0,0
30002820,N-JK02,10000034,The Kalevala Expanse,30002847,L-GY1B,10000034,The Kalevala Expanse,0.977,0,0
30002820,N-JK02,10000034,The Kalevala Expanse,30002822,XTJ-5Q,10000034,The Kalevala Expanse,1.925,0,0
30004011,N-M1A3,10000050,Querious,30004031,ZXJ-71,10000050,Querious,1.223,0,1
30000824,N-O53U,10000009,Insmother,30000825,HZ-O18,10000009,Insmother,0.861,0,0
30001549,N-PS2Y,10000018,The Spire,30001550,K-BBYU,10000018,The Spire,0.9,0,0
30001267,N-Q5PW,10000015,Venal,30001268,P-FSQE,10000015,Venal,0.875,0,0
30000999,N-RAEL,10000011,Great Wildlands,30003471,Konora,10000042,Metropolis,11.693,1,0
30003763,N-RMSH,10000047,Providence,30003765,IWZ3-C,10000047,Providence,0.885,0,0
30002918,N-TFXK,10000035,Deklein,30002920,DKUK-G,10000035,Deklein,0.771,0,0
30001062,N-YLOE,10000013,Malpais,30001127,TP-APY,10000013,Malpais,1.592,0,0
30001062,N-YLOE,10000013,Malpais,30001140,WVJU-4,10000013,Malpais,0.792,0,0
30002309,N06Z-Q,10000027,Etherium Reach,30002310,YX-0KH,10000027,Etherium Reach,0.858,0,1
30001302,N0C-UN,10000015,Venal,30001303,VG-6CH,10000015,Venal,0.808,0,0
30002945,N2IS-B,10000035,Deklein,30002948,VPLL-N,10000035,Deklein,3.781,0,0
30000669,N3-JBX,10000008,Scalding Pass,30000671,GN-PDU,10000008,Scalding Pass,0.999,0,0
30000669,N3-JBX,10000008,Scalding Pass,30000670,SG-75T,10000008,Scalding Pass,1.459,0,0
30001277,N5Y-4N,10000015,Venal,30001278,MQFX-Q,10000015,Venal,1.256,0,1
30001280,N6G-H3,10000015,Venal,30001281,3A1P-N,10000015,Venal,1.713,0,0
30001280,N6G-H3,10000015,Venal,30001284,92K-H2,10000015,Venal,1.019,0,0
30001280,N6G-H3,10000015,Venal,30001283,A-AFGR,10000015,Venal,0.48,0,0
30001280,N6G-H3,10000015,Venal,30001282,OZ-VAE,10000015,Venal,0.762,0,0
30001126,N6NK-J,10000013,Malpais,30001130,DOA-YU,10000013,Malpais,1.062,0,0
30001126,N6NK-J,10000013,Malpais,30001127,TP-APY,10000013,Malpais,1.498,0,0
30001126,N6NK-J,10000013,Malpais,30001131,ZOPZ-6,10000013,Malpais,1.994,0,0
30000841,N7-KGJ,10000009,Insmother,30000842,VD-8QY,10000009,Insmother,1.768,0,0
30003767,N8XA-L,10000047,Providence,30003769,R3-K7K,10000047,Providence,2.15,0,0
30001063,NBO-O0,10000013,Malpais,30001065,0-TRV1,10000013,Malpais,0.758,0,0
30001063,NBO-O0,10000013,Malpais,30001066,13-49W,10000013,Malpais,1.128,0,0
30001063,NBO-O0,10000013,Malpais,30001064,F-TQWO,10000013,Malpais,1.221,0,0
30001063,NBO-O0,10000013,Malpais,30001146,IL-OL1,10000013,Malpais,0.796,0,0
30002433,NBPH-N,10000029,Geminate,30002434,L-HV5C,10000029,Geminate,0.749,0,0
30002433,NBPH-N,10000029,Geminate,30002435,L4X-FH,10000029,Geminate,0.856,0,0
30002433,NBPH-N,10000029,Geminate,30002473,UBX-CC,10000029,Geminate,1.249,0,0
30001117,NBW-GD,10000013,Malpais,30001124,C-NMG9,10000013,Malpais,0.381,0,0
30001117,NBW-GD,10000013,Malpais,30001119,LO5-LN,10000013,Malpais,0.899,0,1
30001117,NBW-GD,10000013,Malpais,30001118,YM-SRU,10000013,Malpais,0.965,0,0
30003616,NCG-PW,10000045,Tenal,30003629,S-KSWL,10000045,Tenal,1.453,0,0
30000212,NCGR-Q,10000003,Vale of the Silent,30000289,669-IX,10000003,Vale of the Silent,0.637,0,0
30000212,NCGR-Q,10000003,Vale of the Silent,30000214,HE-V4V,10000003,Vale of the Silent,0.772,0,0
30002867,ND-GL4,10000034,The Kalevala Expanse,30002873,K95-9I,10000034,The Kalevala Expanse,1.055,0,0
30003186,ND-X7X,10000040,Oasa,30003187,DGDT-3,10000040,Oasa,1.199,0,0
30004609,NDH-NV,10000058,Fountain,30004612,NY6-FH,10000058,Fountain,0.73,0,1
30004609,NDH-NV,10000058,Fountain,30004610,QV28-G,10000058,Fountain,1.159,0,1
30004609,NDH-NV,10000058,Fountain,30004613,XJP-Y7,10000058,Fountain,1.123,0,0
30003980,NDII-Q,10000050,Querious,30003982,K-L690,10000050,Querious,1.336,0,0
30001826,NEU-UD,10000021,Outer Passage,30001828,4O-ZRI,10000021,Outer Passage,1.337,0,1
30001826,NEU-UD,10000021,Outer Passage,30001827,N-I024,10000021,Outer Passage,0.721,0,0
30001826,NEU-UD,10000021,Outer Passage,30001829,Y-7XVJ,10000021,Outer Passage,0.439,0,0
30000230,NFM-0V,10000003,Vale of the Silent,30000232,MY-T2P,10000003,Vale of the Silent,1.492,0,1
30003325,NG-C6Y,10000041,Syndicate,30003326,XYY-IA,10000041,Syndicate,0.688,0,1
30000650,NG-M8K,10000007,Cache,30000652,8OYE-Z,10000007,Cache,2.241,0,0
30000650,NG-M8K,10000007,Cache,30000653,K85Y-6,10000007,Cache,0.828,0,0
30005170,NGM-OK,10000066,Perrigen Falls,30005171,O-QKSM,10000066,Perrigen Falls,0.664,0,0
30001239,NH-1X6,10000014,Catch,30001241,5-N2EY,10000014,Catch,0.511,0,0
30001239,NH-1X6,10000014,Catch,30001240,KH0Z-0,10000014,Catch,1.391,0,0
30003117,NH-R5B,10000039,Esoteria,30003118,FN-GFQ,10000039,Esoteria,0.723,0,1
30001789,NHKO-4,10000021,Outer Passage,30001790,KGCF-5,10000021,Outer Passage,0.496,0,0
30001789,NHKO-4,10000021,Outer Passage,30001794,VH-9VO,10000021,Outer Passage,1.659,0,0
30004769,NIDJ-K,10000060,Delve,30004771,8RQJ-2,10000060,Delve,0.623,0,1
30000642,NIF-JE,10000007,Cache,30000643,BTLH-I,10000007,Cache,1.363,0,0
30000900,NIH-02,10000011,Great Wildlands,30000905,M-MD3B,10000011,Great Wildlands,1.326,0,0
30000900,NIH-02,10000011,Great Wildlands,30000904,N-DQ0D,10000011,Great Wildlands,1.084,0,0
30000900,NIH-02,10000011,Great Wildlands,30000964,SL-YBS,10000011,Great Wildlands,0.585,0,0
30001082,NIM-FY,10000013,Malpais,30001126,N6NK-J,10000013,Malpais,1.364,0,0
30003141,NIZJ-0,10000039,Esoteria,30003142,J-RVGD,10000039,Esoteria,0.777,0,1
30003141,NIZJ-0,10000039,Esoteria,30003143,V1ZC-S,10000039,Esoteria,0.61,0,1
30000896,NJ4X-S,10000010,Tribute,30000897,F-G7BO,10000010,Tribute,1.552,0,0
30000896,NJ4X-S,10000010,Tribute,30001348,G9D-XW,10000015,Venal,11.789,1,0
30000902,NK-7XO,10000011,Great Wildlands,30000903,E02-IK,10000011,Great Wildlands,1.55,0,0
30002303,NK-VTL,10000027,Etherium Reach,30002304,D-CR6W,10000027,Etherium Reach,0.848,0,0
30000855,NL6V-7,10000010,Tribute,30000856,F-749O,10000010,Tribute,1.332,0,0
30000855,NL6V-7,10000010,Tribute,30000859,GKP-YT,10000010,Tribute,2.851,0,0
30004476,NLO-3Z,10000056,Feythabolis,30004477,5P-AIP,10000056,Feythabolis,0.736,0,0
30004712,NOL-M9,10000060,Delve,30004715,HM-XR2,10000060,Delve,0.868,0,0
30004712,NOL-M9,10000060,Delve,30004713,O-IOAI,10000060,Delve,1.097,0,0
30004533,NP6-38,10000057,Outer Ring,30004534,G-YT55,10000057,Outer Ring,0.889,0,0
30004533,NP6-38,10000057,Outer Ring,30004536,G5-EN3,10000057,Outer Ring,1.121,0,0
30004533,NP6-38,10000057,Outer Ring,30004535,IZ-AOB,10000057,Outer Ring,1.13,0,0
30004533,NP6-38,10000057,Outer Ring,30004537,W-Z3HW,10000057,Outer Ring,0.941,0,0
30004479,NPD9-A,10000056,Feythabolis,30004480,D6SK-L,10000056,Feythabolis,0.817,0,0
30004479,NPD9-A,10000056,Feythabolis,30004481,HYPL-V,10000056,Feythabolis,1.289,0,0
30002451,NQ-9IH,10000029,Geminate,30002453,AP9-LV,10000029,Geminate,0.827,0,0
30002451,NQ-9IH,10000029,Geminate,30002452,KR-V6G,10000029,Geminate,0.645,0,0
30001822,NQ-M6W,10000021,Outer Passage,30001823,P-8PDJ,10000021,Outer Passage,0.886,0,1
30001822,NQ-M6W,10000021,Outer Passage,30001824,VE-W7O,10000021,Outer Passage,0.874,0,0
30004866,NR8S-Y,10000061,Tenerifis,30004867,F-ZBO0,10000061,Tenerifis,0.511,0,0
30001094,NRD-5Q,10000013,Malpais,30001096,T-4H0B,10000013,Malpais,0.889,0,1
30002103,NS2L-4,10000025,Immensea,30002105,B-S347,10000025,Immensea,0.73,0,0
30002103,NS2L-4,10000025,Immensea,30002122,XVV-21,10000025,Immensea,1.848,0,0
30004318,NTV0-1,10000055,Branch,30004319,C-HCGU,10000055,Branch,0.912,0,0
30002606,NUG-OF,10000031,Impass,30002607,L6BY-P,10000031,Impass,0.604,0,0
30002606,NUG-OF,10000031,Impass,30002608,U3SQ-X,10000031,Impass,0.955,0,0
30002340,NWX-LI,10000027,Etherium Reach,30002342,2B-UUQ,10000027,Etherium Reach,1.015,0,0
30002340,NWX-LI,10000027,Etherium Reach,30002343,I64-XB,10000027,Etherium Reach,0.946,0,0
30002340,NWX-LI,10000027,Etherium Reach,30002341,N-SFZK,10000027,Etherium Reach,0.864,0,0
30004440,NX5W-U,10000056,Feythabolis,30004442,6O-XIO,10000056,Feythabolis,0.925,0,0
30004440,NX5W-U,10000056,Feythabolis,30004441,U1-C18,10000056,Feythabolis,0.546,0,0
30001874,NZG-LF,10000022,Stain,30001879,8O-OSG,10000022,Stain,0.83,0,1
30001874,NZG-LF,10000022,Stain,30001876,L0AD-B,10000022,Stain,0.912,0,1
30001874,NZG-LF,10000022,Stain,30001875,UJM-RD,10000022,Stain,1.13,0,1
30004911,NZPK-G,10000062,Omist,30004912,K-1OY3,10000062,Omist,0.635,0,1
30004863,NZW-ZO,10000061,Tenerifis,30004865,5-NZNW,10000061,Tenerifis,2.022,0,0
30004863,NZW-ZO,10000061,Tenerifis,30004864,WSK-1A,10000061,Tenerifis,1.775,0,1
30002258,Nadohman,10000043,Domain,30002259,Sahdil,10000043,Domain,0.643,0,0
30002995,Naeel,10000036,Devoid,30002996,Lower Debyl,10000036,Devoid,0.671,0,0
30002995,Naeel,10000036,Devoid,30002999,Shastal,10000036,Devoid,1.014,0,0
30001651,Nafomeh,10000020,Tash-Murkon,30002278,Artoun,10000043,Domain,1.108,1,0
30001651,Nafomeh,10000020,Tash-Murkon,30001653,Jarzalad,10000020,Tash-Murkon,1.683,0,0
30001651,Nafomeh,10000020,Tash-Murkon,30003490,Khopa,10000043,Domain,1.135,1,0
30001651,Nafomeh,10000020,Tash-Murkon,30001652,Pimsu,10000020,Tash-Murkon,0.655,0,0
30001702,Nafrivik,10000020,Tash-Murkon,30001707,Phoren,10000020,Tash-Murkon,0.612,0,0
30004300,Naga,10000054,Aridia,30004301,Anath,10000054,Aridia,1.129,0,0
30004300,Naga,10000054,Aridia,30004302,Omigiav,10000054,Aridia,3.047,0,0
30002807,Nagamanen,10000033,The Citadel,30004985,Deven,10000064,Essence,3.975,1,0
30002807,Nagamanen,10000033,The Citadel,30002808,Oto,10000033,The Citadel,0.998,0,1
30002807,Nagamanen,10000033,The Citadel,30002809,Sujarento,10000033,The Citadel,0.709,0,0
30003475,Naguton,10000043,Domain,30003508,Sayartchen,10000043,Domain,3.765,0,0
30005069,Nahol,10000065,Kor-Azor,30005075,Latari,10000065,Kor-Azor,1.234,0,0
30005069,Nahol,10000065,Kor-Azor,30005070,Tadadan,10000065,Kor-Azor,0.8,0,0
30005069,Nahol,10000065,Kor-Azor,30005071,Tralasa,10000065,Kor-Azor,0.546,0,0
30003922,Nahrneder,10000049,Khanid,30005062,Abath,10000065,Kor-Azor,1.088,1,0
30005045,Nahyeen,10000065,Kor-Azor,30005049,Andrub,10000065,Kor-Azor,0.766,0,0
30005045,Nahyeen,10000065,Kor-Azor,30005046,Jinkah,10000065,Kor-Azor,0.866,0,0
30005045,Nahyeen,10000065,Kor-Azor,30005047,Nibainkier,10000065,Kor-Azor,2.89,0,0
30005242,Naka,10000067,Genesis,30005255,Saphthar,10000067,Genesis,0.761,0,0
30000072,Nakah,10000001,Derelik,30000075,Assah,10000001,Derelik,0.965,0,0
30000072,Nakah,10000001,Derelik,30000074,Hasateem,10000001,Derelik,1.697,0,0
30000072,Nakah,10000001,Derelik,30002982,Rahadalon,10000036,Devoid,0.96,1,0
30002988,Nakatre,10000036,Devoid,30002990,Hakshma,10000036,Devoid,0.598,0,0
30002988,Nakatre,10000036,Devoid,30002989,Laddiaha,10000036,Devoid,1.28,0,0
30002988,Nakatre,10000036,Devoid,30002993,Riavayed,10000036,Devoid,0.616,0,0
30003936,Nakis,10000049,Khanid,30003937,Hezere,10000049,Khanid,2.218,0,0
30003936,Nakis,10000049,Khanid,30003940,Pout,10000049,Khanid,2.458,0,0
30003936,Nakis,10000049,Khanid,30003939,Zirsem,10000049,Khanid,0.841,0,1
30002068,Nakugard,10000042,Metropolis,30002071,Barkrik,10000042,Metropolis,0.707,0,0
30002068,Nakugard,10000042,Metropolis,30002072,Inder,10000042,Metropolis,0.878,0,0
30002068,Nakugard,10000042,Metropolis,30002074,Lanngisi,10000042,Metropolis,0.76,0,0
30002068,Nakugard,10000042,Metropolis,30002069,Traun,10000042,Metropolis,0.842,0,0
30002068,Nakugard,10000042,Metropolis,30002073,Tvink,10000042,Metropolis,0.606,0,0
30002068,Nakugard,10000042,Metropolis,30002070,Uriok,10000042,Metropolis,0.996,0,0
30004280,Nalnifan,10000054,Aridia,30004282,Getrenjesa,10000054,Aridia,0.513,0,0
30004280,Nalnifan,10000054,Aridia,30004281,Jerhesh,10000054,Aridia,0.687,0,0
30004280,Nalnifan,10000054,Aridia,30004283,Shafrak,10000054,Aridia,1.152,0,0
30001445,Nalvula,10000070,Pochven,30002737,Konola,10000070,Pochven,2.551,0,0
30003534,Namaili,10000043,Domain,30003537,Erzoh,10000043,Domain,0.887,0,0
30003923,Nandeza,10000049,Khanid,30003925,Chitiamem,10000049,Khanid,1.549,0,0
30003923,Nandeza,10000049,Khanid,30003924,Dimoohan,10000049,Khanid,0.662,0,1
30001413,Nani,10000070,Pochven,30002411,Skarkon,10000070,Pochven,21.506,0,0
30001413,Nani,10000070,Pochven,30040141,Urhinichi,10000070,Pochven,5.013,0,0
30001438,Nannaras,10000016,Lonetrek,30001439,Anin,10000016,Lonetrek,0.398,0,0
30001438,Nannaras,10000016,Lonetrek,30001440,Karjataimon,10000016,Lonetrek,1.511,0,0
30002202,Narai,10000043,Domain,30005030,Fensi,10000065,Kor-Azor,1.206,1,0
30005207,Nardiarang,10000067,Genesis,30005208,Ziasad,10000067,Genesis,1.32,0,0
30005054,Nare,10000065,Kor-Azor,30005056,Kizama,10000065,Kor-Azor,1.21,0,0
30005054,Nare,10000065,Kor-Azor,30005055,Zinkon,10000065,Kor-Azor,1.804,0,0
30001683,Nasesharafa,10000020,Tash-Murkon,30001684,Tirbam,10000020,Tash-Murkon,0.99,0,1
30005289,Nasreri,10000067,Genesis,30005294,Bania,10000067,Genesis,2.086,0,0
30005289,Nasreri,10000067,Genesis,30005290,Heorah,10000067,Genesis,0.818,0,0
30002671,Nausschie,10000032,Sinq Laison,30002674,Gallareue,10000032,Sinq Laison,0.487,0,1
30005031,Nebian,10000065,Kor-Azor,30005033,Jeni,10000065,Kor-Azor,0.86,0,0
30005031,Nebian,10000065,Kor-Azor,30005032,Khabara,10000065,Kor-Azor,1.022,0,0
30005031,Nebian,10000065,Kor-Azor,30005236,Noranim,10000067,Genesis,1.623,1,0
30004089,Neburab,10000052,Kador,30004140,Zinoo,10000052,Kador,1.073,0,0
30005058,Neesher,10000065,Kor-Azor,30005059,Misha,10000065,Kor-Azor,0.583,0,0
30005058,Neesher,10000065,Kor-Azor,30005061,Perbhe,10000065,Kor-Azor,1.655,0,0
30001695,Nehkiah,10000020,Tash-Murkon,30001697,Ahkour,10000020,Tash-Murkon,0.545,0,0
30001695,Nehkiah,10000020,Tash-Murkon,30001698,Gaknem,10000020,Tash-Murkon,1.397,0,0
30001695,Nehkiah,10000020,Tash-Murkon,30001696,Iro,10000020,Tash-Murkon,0.901,0,0
30001695,Nehkiah,10000020,Tash-Murkon,30001699,Siyi,10000020,Tash-Murkon,0.727,0,1
30003423,Nein,10000042,Metropolis,30003424,Enden,10000042,Metropolis,1.173,0,0
30003423,Nein,10000042,Metropolis,30003425,Erstet,10000042,Metropolis,0.826,0,0
30004267,Nema,10000054,Aridia,30004271,Afrah,10000054,Aridia,1.671,0,1
30004267,Nema,10000054,Aridia,30004268,Shenda,10000054,Aridia,1.085,0,0
30004267,Nema,10000054,Aridia,30004272,Sota,10000054,Aridia,2.809,0,0
30002228,Nererut,10000043,Domain,30002232,Gid,10000043,Domain,0.944,0,0
30002228,Nererut,10000043,Domain,30002234,Nifshed,10000043,Domain,1.039,0,0
30002228,Nererut,10000043,Domain,30002230,Vashkah,10000043,Domain,0.609,0,0
30003073,Netsalakka,10000038,The Bleak Lands,30003075,Myyhera,10000038,The Bleak Lands,1.265,0,0
30003073,Netsalakka,10000038,The Bleak Lands,30003074,Sasiekko,10000038,The Bleak Lands,0.861,0,0
30000145,New Caldari,10000002,The Forge,30002754,Alikara,10000033,The Citadel,3.369,1,0
30000145,New Caldari,10000002,The Forge,30000156,Josameto,10000002,The Forge,5.031,0,0
30000145,New Caldari,10000002,The Forge,30001393,Malkalen,10000016,Lonetrek,4.876,1,0
30002650,Ney,10000032,Sinq Laison,30002651,Fasse,10000032,Sinq Laison,0.408,0,0
30002246,Neziel,10000043,Domain,30002250,Hai,10000043,Domain,1.06,0,0
30002246,Neziel,10000043,Domain,30002249,Ruchy,10000043,Domain,0.941,0,1
30005047,Nibainkier,10000065,Kor-Azor,30005048,Polfaly,10000065,Kor-Azor,0.744,0,0
30005047,Nibainkier,10000065,Kor-Azor,30005076,Shokal,10000065,Kor-Azor,1.37,0,0
30003580,Niballe,10000044,Solitude,30003581,Postouvin,10000044,Solitude,0.646,0,1
30003006,Nidebora,10000036,Devoid,30003008,Palpis,10000036,Devoid,1.517,0,0
30004126,Nidupad,10000052,Kador,30004127,Zimse,10000052,Kador,0.893,0,0
30004274,Nielez,10000054,Aridia,30004275,Tukanas,10000054,Aridia,0.888,0,0
30000108,Nieril,10000001,Derelik,30000111,Hothomouh,10000001,Derelik,0.693,0,0
30003448,Nifflung,10000042,Metropolis,30003449,Hakeri,10000042,Metropolis,0.498,0,0
30002234,Nifshed,10000043,Domain,30002251,Sadye,10000043,Domain,1.1,0,0
30000057,Nikh,10000001,Derelik,30000061,Agha,10000001,Derelik,0.447,0,1
30000057,Nikh,10000001,Derelik,30000058,Amphar,10000001,Derelik,0.735,0,0
30000057,Nikh,10000001,Derelik,30000068,Usroh,10000001,Derelik,1.336,0,0
30002757,Nikkishina,10000033,The Citadel,30002758,Hasama,10000033,The Citadel,0.96,0,0
30000035,Nimambal,10000001,Derelik,30000114,Ubtes,10000001,Derelik,3.22,0,0
30000035,Nimambal,10000001,Derelik,30000036,Yishinoon,10000001,Derelik,1.282,0,0
30000008,Nirbhi,10000001,Derelik,30000057,Nikh,10000001,Derelik,1.301,0,0
30000008,Nirbhi,10000001,Derelik,30000076,Tidacha,10000001,Derelik,0.984,0,1
30000143,Niyabainen,10000002,The Forge,30000145,New Caldari,10000002,The Forge,1.069,0,0
30000143,Niyabainen,10000002,The Forge,30000144,Perimeter,10000002,The Forge,0.439,0,0
30000143,Niyabainen,10000002,The Forge,30001379,Tunttaras,10000016,Lonetrek,2.201,1,0
30005018,Noghere,10000064,Essence,30005021,Adrel,10000064,Essence,0.509,0,0
30002218,Noli,10000043,Domain,30002252,Bika,10000043,Domain,1.23,0,0
30000131,Nomaa,10000002,The Forge,30000153,Poinen,10000002,The Forge,0.559,0,0
30000131,Nomaa,10000002,The Forge,30000146,Saisio,10000002,The Forge,0.895,0,0
30005236,Noranim,10000067,Genesis,30005237,Chej,10000067,Genesis,2.048,0,0
30005236,Noranim,10000067,Genesis,30005238,Menai,10000067,Genesis,1.307,0,0
30004094,Nordar,10000052,Kador,30004130,Hostakoh,10000052,Kador,0.878,0,0
30004094,Nordar,10000052,Kador,30004095,Kador Prime,10000052,Kador,1.708,0,0
30045348,Notoras,10000069,Black Rise,30045352,Nisuwa,10000069,Black Rise,0.652,0,1
30001376,Nourvukaiken,10000016,Lonetrek,30002813,Tama,10000033,The Citadel,4.985,1,0
30001376,Nourvukaiken,10000016,Lonetrek,30001379,Tunttaras,10000016,Lonetrek,1.186,0,0
30004307,Nouta,10000054,Aridia,30004308,Ned,10000054,Aridia,0.522,0,1
30001665,Nuzair,10000020,Tash-Murkon,30001667,Shousran,10000020,Tash-Murkon,0.54,0,0
30000870,O-0ERG,10000010,Tribute,30000871,WH-JCA,10000010,Tribute,1.491,0,0
30004050,O-0HW8,10000051,Cloud Ring,30004053,6-4V20,10000051,Cloud Ring,2.22,0,0
30004050,O-0HW8,10000051,Cloud Ring,30004051,YI-8ZM,10000051,Cloud Ring,0.854,0,0
30002935,O-2RNZ,10000035,Deklein,30002937,3JN9-Q,10000035,Deklein,0.812,0,1
30000627,O-5TN1,10000007,Cache,30000629,U-QMOA,10000007,Cache,0.694,0,1
30000744,O-7LAI,10000009,Insmother,30000745,7L3-JS,10000009,Insmother,1.035,0,1
30004692,O-97ZG,10000059,Paragon Soul,30004693,2I-520,10000059,Paragon Soul,0.735,0,0
30000831,O-9G5Y,10000009,Insmother,30000832,27-HP0,10000009,Insmother,0.975,0,0
30000831,O-9G5Y,10000009,Insmother,30000834,RZ-TI6,10000009,Insmother,1.046,0,0
30004060,O-BDXB,10000051,Cloud Ring,30004064,MJYW-3,10000051,Cloud Ring,1.66,0,0
30004060,O-BDXB,10000051,Cloud Ring,30004063,Z-Y7R7,10000051,Cloud Ring,1.874,0,0
30001964,O-BY0Y,10000023,Pure Blind,30001965,2D-0SO,10000023,Pure Blind,1.825,0,0
30003683,O-CNPR,10000046,Fade,30003684,L-SCBU,10000046,Fade,0.585,0,0
30003683,O-CNPR,10000046,Fade,30003686,O1Y-ED,10000046,Fade,0.506,0,0
30003683,O-CNPR,10000046,Fade,30003685,VRH-H7,10000046,Fade,1.18,0,0
30002358,O-EUHA,10000027,Etherium Reach,30002359,MO-I1W,10000027,Etherium Reach,1.199,0,0
30002358,O-EUHA,10000027,Etherium Reach,30002363,QBZO-R,10000027,Etherium Reach,3.579,0,0
30001938,O-FTHE,10000022,Stain,30001939,W-Q233,10000022,Stain,1.17,0,1
30004713,O-IOAI,10000060,Delve,30004714,QX-LIJ,10000060,Delve,0.554,0,0
30004326,O-JPKH,10000055,Branch,30004328,B-GC1T,10000055,Branch,0.742,0,1
30002351,O-LJOO,10000027,Etherium Reach,30002353,TZ-74M,10000027,Etherium Reach,0.536,0,0
30002351,O-LJOO,10000027,Etherium Reach,30002352,ZS-PNI,10000027,Etherium Reach,1.151,0,0
30000309,O-LR1H,10000003,Vale of the Silent,30000310,G5ED-Y,10000003,Vale of the Silent,0.818,0,0
30004671,O-MCZR,10000059,Paragon Soul,30004672,9T-APQ,10000059,Paragon Soul,3.647,0,0
30004703,O-N589,10000059,Paragon Soul,30004705,LX5K-W,10000059,Paragon Soul,1.053,0,0
30004703,O-N589,10000059,Paragon Soul,30004704,ZDYA-G,10000059,Paragon Soul,0.694,0,0
30001986,O-N8XZ,10000023,Pure Blind,30001989,L-TS8S,10000023,Pure Blind,2.061,0,0
30001986,O-N8XZ,10000023,Pure Blind,30001988,MI6O-6,10000023,Pure Blind,1.058,0,1
30001751,O-O2GN,10000021,Outer Passage,30001752,I-HRX3,10000021,Outer Passage,1.167,0,1
30001751,O-O2GN,10000021,Outer Passage,30001753,XUPK-Z,10000021,Outer Passage,1.878,0,0
30000993,O-OVOQ,10000011,Great Wildlands,30000994,92-B0X,10000011,Great Wildlands,1.007,0,0
30004649,O-PNSN,10000058,Fountain,30004650,1-5GBW,10000058,Fountain,0.841,0,1
30004649,O-PNSN,10000058,Fountain,30004651,C-FER9,10000058,Fountain,0.436,0,0
30004649,O-PNSN,10000058,Fountain,30004652,F2-2C3,10000058,Fountain,0.962,0,0
30005171,O-QKSM,10000066,Perrigen Falls,30005172,QKQ3-L,10000066,Perrigen Falls,0.549,0,1
30004543,O-RIDF,10000057,Outer Ring,30004544,A-5M31,10000057,Outer Ring,0.625,0,1
30000975,O-RXCZ,10000011,Great Wildlands,30000976,4M-P1I,10000011,Great Wildlands,1.256,0,1
30001297,O-TVTD,10000015,Venal,30001298,8CIX-S,10000015,Venal,0.837,0,1
30002457,O-VWPB,10000029,Geminate,30002461,4VY-Y1,10000029,Geminate,0.684,0,0
30002457,O-VWPB,10000029,Geminate,30002459,6L78-1,10000029,Geminate,0.701,0,0
30002457,O-VWPB,10000029,Geminate,30002458,LX-ZOJ,10000029,Geminate,0.676,0,0
30003761,O-Y5JQ,10000047,Providence,30003763,N-RMSH,10000047,Providence,0.515,0,0
30004044,O-ZXUV,10000051,Cloud Ring,30004048,1-NW2G,10000051,Cloud Ring,1.041,0,1
30004044,O-ZXUV,10000051,Cloud Ring,30004045,77-KDQ,10000051,Cloud Ring,1.708,0,0
30004044,O-ZXUV,10000051,Cloud Ring,30004046,F7C-H0,10000051,Cloud Ring,1.484,0,0
30004044,O-ZXUV,10000051,Cloud Ring,30004050,O-0HW8,10000051,Cloud Ring,0.83,0,0
30002425,O1-FTD,10000029,Geminate,30002438,BND-16,10000029,Geminate,0.639,0,0
30002425,O1-FTD,10000029,Geminate,30002427,OEY-OR,10000029,Geminate,0.697,0,0
30003686,O1Y-ED,10000046,Fade,30003687,K4YZ-Y,10000046,Fade,0.734,0,0
30003686,O1Y-ED,10000046,Fade,30003689,L-C3O7,10000046,Fade,1.145,0,0
30002602,O2-39S,10000031,Impass,30002604,LJK-T0,10000031,Impass,0.816,0,1
30002499,O2O-2X,10000029,Geminate,30002501,5F-YRA,10000029,Geminate,0.973,0,1
30002499,O2O-2X,10000029,Geminate,30002500,JE1-36,10000029,Geminate,0.574,0,1
30000492,O3-4MN,10000005,Detorid,30000509,IAS-I5,10000005,Detorid,6.089,0,0
30000492,O3-4MN,10000005,Detorid,30000493,U-MFTL,10000005,Detorid,0.793,0,0
30002851,O31W-6,10000034,The Kalevala Expanse,30002858,C3J0-O,10000034,The Kalevala Expanse,1.726,0,0
30003645,O36A-P,10000045,Tenal,30003646,Z-LO6I,10000045,Tenal,1.506,0,1
30002153,O3Z5-G,10000025,Immensea,30002154,4DV-1T,10000025,Immensea,1.242,0,1
30002153,O3Z5-G,10000025,Immensea,30002157,B-R5RB,10000025,Immensea,0.868,0,1
30004691,O4T-Z5,10000059,Paragon Soul,30004692,O-97ZG,10000059,Paragon Soul,0.549,0,0
30002884,O5-YNW,10000034,The Kalevala Expanse,30002885,86L-9F,10000034,The Kalevala Expanse,0.401,0,1
30002884,O5-YNW,10000034,The Kalevala Expanse,30002886,IUU3-L,10000034,The Kalevala Expanse,0.421,0,1
30000512,O5Q7-U,10000005,Detorid,30000513,62O-UE,10000005,Detorid,0.87,0,0
30001855,O5Y3-W,10000022,Stain,30001856,0GN-VO,10000022,Stain,0.539,0,0
30001099,O7-RFZ,10000013,Malpais,30001100,CLW-SI,10000013,Malpais,0.786,0,0
30002179,O7-VJ5,10000025,Immensea,30002180,FRTC-5,10000025,Immensea,0.796,0,0
30002179,O7-VJ5,10000025,Immensea,30002181,M-ZJWJ,10000025,Immensea,1.668,0,0
30002179,O7-VJ5,10000025,Immensea,30002182,R-ORB7,10000025,Immensea,1.262,0,0
30001068,O8W-5O,10000013,Malpais,30005094,AY9X-Q,10000066,Perrigen Falls,1.371,1,0
30001068,O8W-5O,10000013,Malpais,30003183,QB-AE6,10000040,Oasa,0.887,1,0
30004424,O9V-R7,10000056,Feythabolis,30004443,H65-HE,10000056,Feythabolis,0.56,0,1
30000560,OAIG-0,10000006,Wicked Creek,30000562,5DE-QS,10000006,Wicked Creek,0.944,0,0
30000679,OAQY-M,10000008,Scalding Pass,30000730,4-43BW,10000008,Scalding Pass,1.641,0,0
30000679,OAQY-M,10000008,Scalding Pass,30000683,LBC-AW,10000008,Scalding Pass,1.304,0,0
30004487,OBK-K8,10000056,Feythabolis,30004488,KJ-V0P,10000056,Feythabolis,0.604,0,0
30005181,OBV-YC,10000066,Perrigen Falls,30005182,2AUL-X,10000066,Perrigen Falls,0.979,0,0
30005181,OBV-YC,10000066,Perrigen Falls,30005184,F-A3TR,10000066,Perrigen Falls,1.7,0,0
30005181,OBV-YC,10000066,Perrigen Falls,30005183,F-HQWV,10000066,Perrigen Falls,1.622,0,0
30004426,OCU4-R,10000056,Feythabolis,30004427,BG-W90,10000056,Feythabolis,0.875,0,1
30004426,OCU4-R,10000056,Feythabolis,30004428,Y-YGMW,10000056,Feythabolis,1.394,0,0
30002008,OE-9UF,10000023,Pure Blind,30002009,PFU-LH,10000023,Pure Blind,0.508,0,0
30000439,OEG-K9,10000005,Detorid,30000603,V7G-RL,10000006,Wicked Creek,4.87,1,0
30002427,OEY-OR,10000029,Geminate,30002444,39-DGG,10000029,Geminate,0.959,0,0
30000472,OFVH-Y,10000005,Detorid,30000473,2-X0PF,10000005,Detorid,0.709,0,0
30000472,OFVH-Y,10000005,Detorid,30000475,QLPX-J,10000005,Detorid,0.374,0,0
30001191,OGL8-Q,10000014,Catch,30001195,J-ODE7,10000014,Catch,1.17,0,0
30002045,OGV-AS,10000023,Pure Blind,30002047,UI-8ZE,10000023,Pure Blind,0.719,0,1
30003984,OGY-6D,10000050,Querious,30003985,8-SNUD,10000050,Querious,1.154,0,0
30003984,OGY-6D,10000050,Querious,30003989,Z-XX2J,10000050,Querious,0.496,0,0
30003132,OIOM-Y,10000039,Esoteria,30003140,IR-FDV,10000039,Esoteria,1.502,0,1
30001341,OJ-CT4,10000015,Venal,30001342,AZ-UWB,10000015,Venal,0.614,0,1
30001341,OJ-CT4,10000015,Venal,30001343,H-S5BM,10000015,Venal,0.851,0,1
30000983,OJOS-T,10000011,Great Wildlands,30000984,V89M-R,10000011,Great Wildlands,0.846,0,0
30005091,OJT-J3,10000066,Perrigen Falls,30005093,DE-IHK,10000066,Perrigen Falls,1.632,0,0
30000945,OK-6XN,10000011,Great Wildlands,30000948,U3K-4A,10000011,Great Wildlands,0.998,0,1
30004645,OL3-78,10000058,Fountain,30004648,R-BGSU,10000058,Fountain,0.657,0,1
30001946,OOO-FS,10000022,Stain,30001947,373Z-7,10000022,Stain,0.703,0,1
30005109,OP7-BP,10000066,Perrigen Falls,30005110,5ZU-VG,10000066,Perrigen Falls,0.92,0,0
30005109,OP7-BP,10000066,Perrigen Falls,30005160,B-7LYC,10000066,Perrigen Falls,1.569,0,0
30002173,OP9L-F,10000025,Immensea,30002175,2O-EEW,10000025,Immensea,1.207,0,0
30002173,OP9L-F,10000025,Immensea,30002174,J-QA7I,10000025,Immensea,0.768,0,0
30002173,OP9L-F,10000025,Immensea,30002176,Y-N4EF,10000025,Immensea,1.826,0,0
30000607,OR-7N5,10000006,Wicked Creek,30000609,5NQI-E,10000006,Wicked Creek,1.49,0,1
30000607,OR-7N5,10000006,Wicked Creek,30000608,JEQG-7,10000006,Wicked Creek,0.666,0,0
30001586,OTJ9-E,10000018,The Spire,30001588,7-QOYS,10000018,The Spire,1.116,0,0
30001586,OTJ9-E,10000018,The Spire,30005103,F-5WYK,10000066,Perrigen Falls,0.922,1,0
30001586,OTJ9-E,10000018,The Spire,30001589,KS8G-M,10000018,The Spire,0.619,0,0
30001586,OTJ9-E,10000018,The Spire,30001587,LH-LY1,10000018,The Spire,0.829,0,0
30001586,OTJ9-E,10000018,The Spire,30001591,S-CUEA,10000018,The Spire,0.881,0,1
30004052,OU-X3P,10000051,Cloud Ring,30004054,Q-UA3C,10000051,Cloud Ring,0.689,0,0
30001819,OW-QXW,10000021,Outer Passage,30001821,UEPO-D,10000021,Outer Passage,1.289,0,0
30004581,OW-TPO,10000058,Fountain,30004583,IGE-RI,10000058,Fountain,0.781,0,1
30002936,OWXT-5,10000035,Deklein,30002938,3T7-M8,10000035,Deklein,1.263,0,0
30004958,OY0-2T,10000063,Period Basis,30004959,E2-RDQ,10000063,Period Basis,1.124,0,1
30001282,OZ-VAE,10000015,Venal,30001284,92K-H2,10000015,Venal,0.678,0,0
30001282,OZ-VAE,10000015,Venal,30001283,A-AFGR,10000015,Venal,0.697,0,0
30004996,Obalyu,10000064,Essence,30004998,Parts,10000064,Essence,1.068,0,0
30000155,Obanen,10000002,The Forge,30000158,Olo,10000002,The Forge,1.139,0,0
30000205,Obe,10000002,The Forge,30001448,Hakonen,10000016,Lonetrek,6.735,1,0
30000205,Obe,10000002,The Forge,30000250,P3EN-E,10000003,Vale of the Silent,4.236,1,0
30002522,Obrolber,10000030,Heimatar,30002523,Austraka,10000030,Heimatar,1.472,0,0
30003578,Octanneve,10000044,Solitude,30003588,Yvaeroure,10000044,Solitude,0.672,0,0
30002509,Odatrik,10000030,Heimatar,30002510,Rens,10000030,Heimatar,1.207,0,0
30002388,Oddelulf,10000028,Molden Heath,30002389,Atlar,10000028,Molden Heath,0.394,0,0
30002388,Oddelulf,10000028,Molden Heath,30002402,Istodard,10000028,Molden Heath,1.372,0,1
30003470,Odebeinn,10000042,Metropolis,30003471,Konora,10000042,Metropolis,0.688,0,0
30002694,Odette,10000032,Sinq Laison,30002696,Stegette,10000032,Sinq Laison,0.87,0,0
30002963,Odin,10000036,Devoid,30002964,Esescama,10000036,Devoid,0.71,0,0
30002963,Odin,10000036,Devoid,30002970,Ohide,10000036,Devoid,0.448,0,0
30003582,Odinesyn,10000044,Solitude,30003586,Gererique,10000044,Solitude,0.631,0,1
30003050,Odixie,10000037,Everyshore,30003056,Muer,10000037,Everyshore,0.858,0,0
30003050,Odixie,10000037,Everyshore,30003054,Scuelazyns,10000037,Everyshore,0.656,0,0
30000077,Odlib,10000001,Derelik,30000078,Jofan,10000001,Derelik,0.735,0,0
30000077,Odlib,10000001,Derelik,30000080,Yadi,10000001,Derelik,0.898,0,0
30003577,Oerse,10000044,Solitude,30003579,Larryn,10000044,Solitude,0.946,0,1
30003460,Offikatlin,10000042,Metropolis,30003465,Tabbetzur,10000042,Metropolis,0.953,0,0
30002549,Offugen,10000030,Heimatar,30002552,Eddar,10000030,Heimatar,0.609,0,0
30002549,Offugen,10000030,Heimatar,30002550,Roniko,10000030,Heimatar,0.772,0,0
30002061,Ofstold,10000042,Metropolis,30002065,Lasleinur,10000042,Metropolis,0.7,0,0
30003598,Ogaria,10000044,Solitude,30003599,Faurulle,10000044,Solitude,0.687,0,0
30003437,Ogoten,10000042,Metropolis,30003439,Aderkan,10000042,Metropolis,0.734,0,1
30001435,Ohbochi,10000016,Lonetrek,30001436,Isie,10000016,Lonetrek,0.742,0,1
30001435,Ohbochi,10000016,Lonetrek,30045315,Raihbaka,10000069,Black Rise,2.462,1,0
30002970,Ohide,10000036,Devoid,30003069,Kamela,10000038,The Bleak Lands,1.546,1,0
30002970,Ohide,10000036,Devoid,30002971,Sasoutikh,10000036,Devoid,0.596,0,0
30000204,Ohkunen,10000002,The Forge,30000205,Obe,10000002,The Forge,0.331,0,0
30000136,Ohmahailen,10000002,The Forge,30000137,Eskunen,10000002,The Forge,0.397,0,0
30002743,Ohvosamon,10000033,The Citadel,30002744,Auviken,10000033,The Citadel,1.207,0,0
30002743,Ohvosamon,10000033,The Citadel,30002748,Jeras,10000033,The Citadel,1.471,0,0
30002818,Oichiya,10000033,The Citadel,30041392,Laah,10000033,The Citadel,0.65,0,0
30002818,Oichiya,10000033,The Citadel,30002819,Motsu,10000033,The Citadel,0.583,0,0
30003838,Oicx,10000048,Placid,30045319,Eha,10000069,Black Rise,3.182,1,0
30002746,Oijamon,10000033,The Citadel,30002748,Jeras,10000033,The Citadel,2.62,0,0
30000186,Oijanen,10000002,The Forge,30002440,BWF-ZZ,10000029,Geminate,5.112,1,0
30001444,Oimmo,10000016,Lonetrek,30001446,Otsasai,10000016,Lonetrek,0.785,0,0
30045347,Oinasiken,10000069,Black Rise,30045352,Nisuwa,10000069,Black Rise,1.84,0,0
30045347,Oinasiken,10000069,Black Rise,30045353,Pynekastoh,10000069,Black Rise,1.882,0,0
30002750,Oiniken,10000033,The Citadel,30002752,Ahynada,10000033,The Citadel,0.966,0,0
30002750,Oiniken,10000033,The Citadel,30002753,Aikoro,10000033,The Citadel,0.829,0,0
30002750,Oiniken,10000033,The Citadel,30002751,Kaimon,10000033,The Citadel,0.665,0,0
30001425,Oipo,10000016,Lonetrek,30001426,Isinokka,10000016,Lonetrek,0.579,0,0
30045307,Okagaiken,10000069,Black Rise,30045313,Ienakkamon,10000069,Black Rise,1.175,0,0
30045307,Okagaiken,10000069,Black Rise,30045309,Villasen,10000069,Black Rise,1.268,0,0
30045330,Okkamon,10000069,Black Rise,30045332,Asakai,10000069,Black Rise,0.585,0,0
30045330,Okkamon,10000069,Black Rise,30045334,Mushikegi,10000069,Black Rise,0.445,0,0
30045330,Okkamon,10000069,Black Rise,30045354,Reitsato,10000069,Black Rise,1.983,0,0
30003388,Olbra,10000042,Metropolis,30003389,Altrinur,10000042,Metropolis,1.459,0,0
30003388,Olbra,10000042,Metropolis,30043410,Fildar,10000042,Metropolis,0.448,0,1
30002686,Olettiers,10000032,Sinq Laison,30002687,Artisine,10000032,Sinq Laison,1.06,0,0
30002686,Olettiers,10000032,Sinq Laison,30002691,Crielere,10000032,Sinq Laison,0.99,0,0
30003058,Olide,10000037,Everyshore,30003059,Adeel,10000037,Everyshore,0.816,0,1
30003058,Olide,10000037,Everyshore,30003060,Mannar,10000037,Everyshore,0.838,0,0
30005272,Olin,10000067,Genesis,30005274,Otakod,10000067,Genesis,0.887,0,0
30000158,Olo,10000002,The Forge,30000165,Ishisomo,10000002,The Forge,1.694,0,0
30000158,Olo,10000002,The Forge,30000180,Osmon,10000002,The Forge,0.669,0,0
30004137,Omam,10000052,Kador,30004138,Bersyrim,10000052,Kador,1.459,0,0
30004137,Omam,10000052,Kador,30004139,Sechmaren,10000052,Kador,0.671,0,0
30005027,Ommare,10000064,Essence,30005028,Andole,10000064,Essence,0.423,0,1
30004244,Onanam,10000054,Aridia,30004245,Udianoor,10000054,Aridia,0.645,0,0
30002811,Onatoh,10000033,The Citadel,30002812,Tannolen,10000033,The Citadel,0.566,0,0
30001688,Onazel,10000020,Tash-Murkon,30001689,Asesamy,10000020,Tash-Murkon,1.513,0,0
30001688,Onazel,10000020,Tash-Murkon,30004098,Turba,10000052,Kador,1.521,1,0
30003603,Ondree,10000044,Solitude,30003604,Pochelympe,10000044,Solitude,0.519,0,0
30003603,Ondree,10000044,Solitude,30003607,Straloin,10000044,Solitude,1.414,0,0
30002568,Onga,10000030,Heimatar,30022547,Krilmokenur,10000030,Heimatar,0.448,0,1
30002568,Onga,10000030,Heimatar,30002570,Magiko,10000030,Heimatar,0.805,0,0
30002568,Onga,10000030,Heimatar,30002569,Osaumuni,10000030,Heimatar,0.764,0,0
30045324,Onnamon,10000069,Black Rise,30045325,Rohamaa,10000069,Black Rise,2.255,0,0
30045324,Onnamon,10000069,Black Rise,30045327,Tsuruma,10000069,Black Rise,0.803,0,0
30045324,Onnamon,10000069,Black Rise,30045326,Uuhulanen,10000069,Black Rise,0.725,0,0
30004990,Onne,10000064,Essence,30005008,Aeschee,10000064,Essence,7.62,0,0
30004990,Onne,10000064,Essence,30004991,Vitrauze,10000064,Essence,0.962,0,0
30000013,Onsooh,10000001,Derelik,30000016,Nazhgete,10000001,Derelik,0.535,0,1
30000013,Onsooh,10000001,Derelik,30000015,Sendaya,10000001,Derelik,1.754,0,0
30000013,Onsooh,10000001,Derelik,30000014,Shamahi,10000001,Derelik,1.292,0,0
30002091,Ontorn,10000042,Metropolis,30002094,Ebolfer,10000042,Metropolis,0.894,0,0
30002091,Ontorn,10000042,Metropolis,30002093,Gebuladi,10000042,Metropolis,0.792,0,0
30002091,Ontorn,10000042,Metropolis,30002092,Sirekur,10000042,Metropolis,0.406,0,0
30000174,Onuse,10000002,The Forge,30000178,Akkilen,10000002,The Forge,0.808,0,0
30000174,Onuse,10000002,The Forge,30000176,Keikaken,10000002,The Forge,0.395,0,1
30003430,Oppold,10000042,Metropolis,30003433,Gedugaud,10000042,Metropolis,0.641,0,0
30003430,Oppold,10000042,Metropolis,30003431,Tratokard,10000042,Metropolis,0.791,0,0
30003450,Oraekja,10000042,Metropolis,30003452,Irgrus,10000042,Metropolis,0.455,0,0
30001685,Ordat,10000020,Tash-Murkon,30001686,Rethan,10000020,Tash-Murkon,0.936,0,0
30000026,Ordize,10000001,Derelik,30000028,Eshtah,10000001,Derelik,0.781,0,0
30000026,Ordize,10000001,Derelik,30000030,Kasrasi,10000001,Derelik,0.851,0,0
30000026,Ordize,10000001,Derelik,30000029,Lachailes,10000001,Derelik,1.149,0,0
30003453,Orduin,10000042,Metropolis,30003454,Engosi,10000042,Metropolis,0.521,0,0
30003453,Orduin,10000042,Metropolis,30003456,Hotrardik,10000042,Metropolis,1.216,0,0
30003453,Orduin,10000042,Metropolis,30003457,Ridoner,10000042,Metropolis,0.63,0,0
30002571,Oremmulf,10000030,Heimatar,30002572,Hurjafren,10000030,Heimatar,0.698,0,0
30002098,Orfrold,10000042,Metropolis,30002099,Egmar,10000042,Metropolis,0.464,0,0
30002399,Orien,10000028,Molden Heath,30002408,Fegomenko,10000028,Molden Heath,1.174,0,0
30002399,Orien,10000028,Molden Heath,30002401,Meildolf,10000028,Molden Heath,2.785,0,0
30003492,Orkashu,10000043,Domain,30003493,Youl,10000043,Domain,0.46,0,0
30003596,Oruse,10000044,Solitude,30003597,Hare,10000044,Solitude,0.515,0,0
30000063,Orva,10000001,Derelik,30000069,Thiarer,10000001,Derelik,0.924,0,0
30000063,Orva,10000001,Derelik,30000064,Zet,10000001,Derelik,0.378,0,0
30003830,Orvolle,10000048,Placid,30004975,Mesybier,10000064,Essence,10.021,1,0
30003830,Orvolle,10000048,Placid,30003831,Osmeden,10000048,Placid,1.291,0,0
30003830,Orvolle,10000048,Placid,30003833,Oulley,10000048,Placid,1.236,0,0
30002569,Osaumuni,10000030,Heimatar,30032547,Larkugei,10000030,Heimatar,0.236,0,1
30002569,Osaumuni,10000030,Heimatar,30002571,Oremmulf,10000030,Heimatar,0.565,0,0
30002795,Oshaima,10000033,The Citadel,30002796,Hysera,10000033,The Citadel,0.588,0,0
30002795,Oshaima,10000033,The Citadel,30002799,Oisio,10000033,The Citadel,0.552,0,0
30003870,Osis,10000049,Khanid,30003871,Geztic,10000049,Khanid,1.493,0,0
30003870,Osis,10000049,Khanid,30003872,Yezara,10000049,Khanid,1.227,0,0
30003812,Osmallanais,10000048,Placid,30003815,Iffrue,10000048,Placid,0.662,0,0
30003812,Osmallanais,10000048,Placid,30003813,Ivorider,10000048,Placid,0.654,0,0
30003831,Osmeden,10000048,Placid,30003832,Adacyne,10000048,Placid,1.055,0,0
30003831,Osmeden,10000048,Placid,30003835,Maut,10000048,Placid,2.158,0,0
30005332,Osmomonne,10000068,Verge Vendor,30005334,Tierijev,10000068,Verge Vendor,0.574,0,0
30000180,Osmon,10000002,The Forge,30000182,Inaya,10000002,The Forge,1.028,0,1
30000180,Osmon,10000002,The Forge,30000181,Korsiki,10000002,The Forge,0.808,0,0
30002506,Osoggur,10000030,Heimatar,30002507,Abudban,10000030,Heimatar,1.335,0,0
30002506,Osoggur,10000030,Heimatar,30002537,Amamake,10000030,Heimatar,0.861,0,0
30003792,Ostingele,10000048,Placid,30003800,Alperaute,10000048,Placid,1.251,0,0
30003792,Ostingele,10000048,Placid,30003797,Dastryns,10000048,Placid,1.157,0,0
30003792,Ostingele,10000048,Placid,30003793,Harroule,10000048,Placid,1.053,0,0
30003792,Ostingele,10000048,Placid,30003806,Pelille,10000048,Placid,1.463,0,0
30003792,Ostingele,10000048,Placid,30003794,Stacmon,10000048,Placid,1.835,0,0
30003427,Osvestmunnur,10000042,Metropolis,30003443,Moselgi,10000042,Metropolis,1.845,0,0
30002409,Osvetur,10000028,Molden Heath,30002410,Mimiror,10000028,Molden Heath,0.641,0,0
30002409,Osvetur,10000028,Molden Heath,30002413,Unertek,10000028,Molden Heath,0.587,0,0
30001421,Otalieto,10000016,Lonetrek,30001430,Endatoh,10000016,Lonetrek,0.963,0,0
30001421,Otalieto,10000016,Lonetrek,30001423,Jotenen,10000016,Lonetrek,0.69,0,0
30000192,Otanuomi,10000070,Pochven,30002079,Krirald,10000070,Pochven,14.333,0,0
30000192,Otanuomi,10000070,Pochven,30040141,Urhinichi,10000070,Pochven,8.3,0,0
30000157,Otela,10000070,Pochven,30005005,Ignebaener,10000070,Pochven,16.695,0,0
30000157,Otela,10000070,Pochven,30001372,Kino,10000070,Pochven,8.286,0,0
30000157,Otela,10000070,Pochven,30001445,Nalvula,10000070,Pochven,9.75,0,0
30003065,Otelen,10000038,The Bleak Lands,30003067,Huola,10000038,The Bleak Lands,5.057,0,0
30003065,Otelen,10000038,The Bleak Lands,30003066,Kuomi,10000038,The Bleak Lands,2.045,0,0
30003065,Otelen,10000038,The Bleak Lands,30003520,Mahrokht,10000043,Domain,1.328,1,0
30000196,Otosela,10000002,The Forge,30000200,Akkio,10000002,The Forge,0.981,0,0
30000196,Otosela,10000002,The Forge,30000197,Uemon,10000002,The Forge,0.55,0,0
30002578,Otraren,10000030,Heimatar,30002579,Hedgiviter,10000030,Heimatar,0.715,0,1
30001446,Otsasai,10000016,Lonetrek,30001448,Hakonen,10000016,Lonetrek,0.839,0,0
30001446,Otsasai,10000016,Lonetrek,30001447,Taisy,10000016,Lonetrek,0.74,0,0
30005297,Ouelletta,10000068,Verge Vendor,30005308,Jufvitte,10000068,Verge Vendor,0.909,0,0
30005297,Ouelletta,10000068,Verge Vendor,30005300,Loes,10000068,Verge Vendor,0.975,0,0
30001370,Ouranienen,10000016,Lonetrek,30001411,Autama,10000016,Lonetrek,0.931,0,0
30001370,Ouranienen,10000016,Lonetrek,30001412,Tsukuras,10000016,Lonetrek,0.773,0,0
30005203,Ourapheh,10000067,Genesis,30005331,Chantrousse,10000068,Verge Vendor,1.75,1,0
30005203,Ourapheh,10000067,Genesis,30005204,Yulai,10000067,Genesis,1.263,0,0
30004969,Oursulaert,10000064,Essence,30005198,Pakhshi,10000067,Genesis,1.591,1,0
30004969,Oursulaert,10000064,Essence,30004970,Renyn,10000064,Essence,0.883,0,0
30000135,Outuni,10000002,The Forge,30000137,Eskunen,10000002,The Forge,0.679,0,0
30000135,Outuni,10000002,The Forge,30000136,Ohmahailen,10000002,The Forge,0.474,0,0
30003088,Oyonata,10000038,The Bleak Lands,30003089,Kurniainen,10000038,The Bleak Lands,2.509,0,0
30002030,P-2TTL,10000023,Pure Blind,30002031,7X-VKB,10000023,Pure Blind,0.75,0,0
30002030,P-2TTL,10000023,Pure Blind,30002032,E-Z2ZX,10000023,Pure Blind,1.262,0,0
30002030,P-2TTL,10000023,Pure Blind,30002034,O-A6YN,10000023,Pure Blind,1.066,0,0
30002030,P-2TTL,10000023,Pure Blind,30002033,RORZ-H,10000023,Pure Blind,0.821,0,0
30003680,P-33KR,10000046,Fade,30003681,DO6H-Q,10000046,Fade,1.641,0,0
30003680,P-33KR,10000046,Fade,30003682,DW-T2I,10000046,Fade,1.409,0,0
30002482,P-6I0B,10000029,Geminate,30002483,CFYY-J,10000029,Geminate,0.609,0,0
30002467,P-E9GN,10000029,Geminate,30002468,HJO-84,10000029,Geminate,0.875,0,0
30002467,P-E9GN,10000029,Geminate,30002470,L-TOFR,10000029,Geminate,1.602,0,0
30001268,P-FSQE,10000015,Venal,30001269,H-PA29,10000015,Venal,1.892,0,0
30001293,P-GKF5,10000015,Venal,30001295,0-XIDJ,10000015,Venal,1.08,0,0
30001293,P-GKF5,10000015,Venal,30001294,E-7U8U,10000015,Venal,0.696,0,0
30004187,P-H5IY,10000053,Cobalt Edge,30004189,1M7-RK,10000053,Cobalt Edge,0.909,0,1
30004170,P-NRD3,10000053,Cobalt Edge,30004173,X-41DA,10000053,Cobalt Edge,0.771,0,1
30003674,P-UCRP,10000045,Tenal,30003675,3-QYVE,10000045,Tenal,0.757,0,1
30001329,P-VYVL,10000015,Venal,30001330,HD-JVQ,10000015,Venal,0.951,0,0
30003978,P-ZMZV,10000050,Querious,30003979,9CG6-H,10000050,Querious,0.572,0,0
30003978,P-ZMZV,10000050,Querious,30003981,UYU-VV,10000050,Querious,0.758,0,0
30000949,P1T-LP,10000011,Great Wildlands,30000950,R-ESG0,10000011,Great Wildlands,1.321,0,0
30000250,P3EN-E,10000003,Vale of the Silent,30000252,IPAY-2,10000003,Vale of the Silent,0.879,0,0
30003971,P4-3TJ,10000050,Querious,30003972,K-Z0V4,10000050,Querious,1.777,0,1
30003971,P4-3TJ,10000050,Querious,30003973,LNVW-K,10000050,Querious,1.335,0,0
30004624,P5-EFH,10000058,Fountain,30004629,9D6O-M,10000058,Fountain,1.59,0,0
30004624,P5-EFH,10000058,Fountain,30004625,L-A5XP,10000058,Fountain,0.772,0,0
30001568,P65-TA,10000018,The Spire,30001569,G-VFVB,10000018,The Spire,1.33,0,0
30001568,P65-TA,10000018,The Spire,30001570,Y4B-BQ,10000018,The Spire,1.447,0,0
30000638,P7-45V,10000007,Cache,30000640,JZ-B5Y,10000007,Cache,1.349,0,0
30000638,P7-45V,10000007,Cache,30000639,M-MCP8,10000007,Cache,0.756,0,0
30000638,P7-45V,10000007,Cache,30000641,TPG-DD,10000007,Cache,0.637,0,0
30000450,P7MI-T,10000005,Detorid,30000451,JFV-ID,10000005,Detorid,0.766,0,0
30000977,P7UZ-T,10000011,Great Wildlands,30000980,EOE3-N,10000011,Great Wildlands,1.254,0,1
30000977,P7UZ-T,10000011,Great Wildlands,30000978,PUZ-IO,10000011,Great Wildlands,0.877,0,0
30004471,P8-BKO,10000056,Feythabolis,30004472,RIT-A7,10000056,Feythabolis,1.237,0,1
30003163,P9F-ZG,10000039,Esoteria,30003167,PK-PHZ,10000039,Esoteria,1.2,0,1
30003163,P9F-ZG,10000039,Esoteria,30003164,QFGB-E,10000039,Esoteria,0.797,0,0
30004961,PA-VE3,10000063,Period Basis,30004962,G-Q5JU,10000063,Period Basis,0.944,0,1
30004961,PA-VE3,10000063,Period Basis,30004963,RYQC-I,10000063,Period Basis,0.755,0,1
30004657,PB-0C1,10000058,Fountain,30004658,ZUE-NS,10000058,Fountain,0.872,0,0
30000873,PBD-0G,10000010,Tribute,30000875,9GI-FB,10000010,Tribute,1.02,0,1
30003286,PC9-AY,10000041,Syndicate,30003287,T22-QI,10000041,Syndicate,1.097,0,1
30003286,PC9-AY,10000041,Syndicate,30003288,X-PYH5,10000041,Syndicate,1.163,0,1
30004825,PDF-3Z,10000061,Tenerifis,30004826,9-MJVQ,10000061,Tenerifis,0.789,0,1
30004825,PDF-3Z,10000061,Tenerifis,30004829,PEK-8Z,10000061,Tenerifis,1.22,0,1
30005118,PE-SAM,10000066,Perrigen Falls,30005122,C6CG-W,10000066,Perrigen Falls,1.431,0,0
30005118,PE-SAM,10000066,Perrigen Falls,30005120,K-3PQW,10000066,Perrigen Falls,0.946,0,0
30004829,PEK-8Z,10000061,Tenerifis,30004830,2PG-KN,10000061,Tenerifis,1.065,0,1
30004906,PEM-LC,10000062,Omist,30004908,6T3I-L,10000062,Omist,1.156,0,0
30003277,PF-346,10000041,Syndicate,30003830,Orvolle,10000048,Placid,1.677,1,0
30004782,PF-KUQ,10000060,Delve,30004796,9GNS-2,10000060,Delve,1.068,0,0
30001324,PF-QHK,10000015,Venal,30001326,Q-7SUI,10000015,Venal,0.974,0,1
30001324,PF-QHK,10000015,Venal,30001325,XW-6TC,10000015,Venal,0.691,0,0
30003295,PFP-GU,10000041,Syndicate,30003296,0EK-NJ,10000041,Syndicate,1.127,0,0
30005178,PFV-ZH,10000066,Perrigen Falls,30005179,L5Y4-M,10000066,Perrigen Falls,0.642,0,1
30002145,PH-NFR,10000025,Immensea,30002146,DW-N2S,10000025,Immensea,0.553,0,0
30002145,PH-NFR,10000025,Immensea,30002147,W-FHWJ,10000025,Immensea,0.812,0,0
30002145,PH-NFR,10000025,Immensea,30002148,X-6WC7,10000025,Immensea,0.91,0,0
30003735,PI5-39,10000047,Providence,30003736,GN7-XY,10000047,Providence,0.971,0,0
30003735,PI5-39,10000047,Providence,30003740,INQ-WR,10000047,Providence,0.851,0,0
30003167,PK-PHZ,10000039,Esoteria,30003168,L-M6JK,10000039,Esoteria,0.485,0,1
30004313,PKG4-7,10000055,Branch,30004314,EWN-2U,10000055,Branch,0.846,0,0
30000654,PKN-NJ,10000007,Cache,30001753,XUPK-Z,10000021,Outer Passage,5.059,1,0
30003262,PND-SI,10000040,Oasa,30003264,JXQJ-B,10000040,Oasa,0.825,0,0
30003262,PND-SI,10000040,Oasa,30003263,XKM-DE,10000040,Oasa,1.7,0,0
30000866,PNDN-V,10000010,Tribute,30000877,DBT-GB,10000010,Tribute,1.346,0,1
30002870,PNFW-O,10000034,The Kalevala Expanse,30002871,HVGR-R,10000034,The Kalevala Expanse,0.551,0,0
30002870,PNFW-O,10000034,The Kalevala Expanse,30002872,K76A-3,10000034,The Kalevala Expanse,1.476,0,1
30004559,PNQY-Y,10000058,Fountain,30004566,R3W-XU,10000058,Fountain,1.445,0,0
30004559,PNQY-Y,10000058,Fountain,30004560,RP2-OQ,10000058,Fountain,1.34,0,0
30003613,PNS7-J,10000045,Tenal,30003617,1QH-0K,10000045,Tenal,1.095,0,0
30004431,PO-3QW,10000056,Feythabolis,30004432,5XR-KZ,10000056,Feythabolis,0.728,0,0
30004431,PO-3QW,10000056,Feythabolis,30004433,VF-FN6,10000056,Feythabolis,0.438,0,0
30001147,POQP-K,10000013,Malpais,30003189,83-YGI,10000040,Oasa,0.917,1,1
30001147,POQP-K,10000013,Malpais,30001148,FO9-FZ,10000013,Malpais,0.807,0,1
30002106,PPFB-U,10000025,Immensea,30002108,B-A587,10000025,Immensea,1.612,0,1
30004065,PPG-XC,10000051,Cloud Ring,30004068,00TY-J,10000051,Cloud Ring,2.016,0,0
30004065,PPG-XC,10000051,Cloud Ring,30004066,QA1-BT,10000051,Cloud Ring,0.683,0,0
30000438,PQRE-W,10000005,Detorid,30000439,OEG-K9,10000005,Detorid,1.33,0,0
30004711,PR-8CA,10000060,Delve,30004718,FWST-8,10000060,Delve,1.648,0,0
30004711,PR-8CA,10000060,Delve,30004712,NOL-M9,10000060,Delve,1.53,0,0
30001863,PSJ-10,10000022,Stain,30001867,40GX-P,10000022,Stain,0.443,0,0
30001863,PSJ-10,10000022,Stain,30001866,ZG8Q-N,10000022,Stain,1.241,0,1
30000738,PT-21C,10000009,Insmother,30000742,TK-DLH,10000009,Insmother,0.878,0,1
30000421,PU-1Z8,10000004,UUA-F4,30000423,B-DXO9,10000004,UUA-F4,1.066,0,0
30000421,PU-1Z8,10000004,UUA-F4,30000422,IEZW-V,10000004,UUA-F4,0.876,0,0
30000727,PU-UMM,10000008,Scalding Pass,30000728,6-KPAB,10000008,Scalding Pass,0.86,0,1
30000990,PUC-JZ,10000011,Great Wildlands,30000992,5FCV-A,10000011,Great Wildlands,0.734,0,0
30004754,PUIG-F,10000060,Delve,30004756,0-HDC8,10000060,Delve,0.834,0,0
30000978,PUZ-IO,10000011,Great Wildlands,30000979,HB-1NJ,10000011,Great Wildlands,0.817,0,0
30000978,PUZ-IO,10000011,Great Wildlands,30000982,O-8SOC,10000011,Great Wildlands,1.342,0,0
30005147,PVF-N9,10000066,Perrigen Falls,30005151,5-U12M,10000066,Perrigen Falls,0.926,0,0
30005147,PVF-N9,10000066,Perrigen Falls,30005148,9-EXU9,10000066,Perrigen Falls,1.208,0,0
30003283,PVH8-0,10000041,Syndicate,30003285,JH-M2W,10000041,Syndicate,0.832,0,0
30001106,PWPY-4,10000013,Malpais,30001107,QZ1-OH,10000013,Malpais,0.333,0,0
30002370,PX-IHN,10000027,Etherium Reach,30002372,IL-H0A,10000027,Etherium Reach,0.996,0,0
30002370,PX-IHN,10000027,Etherium Reach,30002374,M9-LAN,10000027,Etherium Reach,1.385,0,0
30002370,PX-IHN,10000027,Etherium Reach,30002371,WPV-JN,10000027,Etherium Reach,0.663,0,0
30000316,PX5-LR,10000003,Vale of the Silent,30000317,A3-RQ3,10000003,Vale of the Silent,1.048,0,0
30002290,PXE-RG,10000027,Etherium Reach,30002293,8-MXHA,10000027,Etherium Reach,0.617,0,0
30001310,PZOZ-K,10000015,Venal,30001313,EK2-ET,10000015,Venal,1.404,0,1
30001310,PZOZ-K,10000015,Venal,30001337,LHJ-2G,10000015,Venal,2.211,0,1
30001310,PZOZ-K,10000015,Venal,30001311,W3KK-R,10000015,Venal,1.139,0,1
30000198,Paala,10000002,The Forge,30002355,LXQ2-T,10000027,Etherium Reach,14.327,1,0
30002775,Paara,10000033,The Citadel,30002776,Annaro,10000033,The Citadel,0.806,0,0
30002775,Paara,10000033,The Citadel,30002780,Muvolailen,10000033,The Citadel,0.933,0,0
30005198,Pakhshi,10000067,Genesis,30005199,Tar,10000067,Genesis,1.209,0,0
30003878,Palas,10000049,Khanid,30003880,Reteka,10000049,Khanid,1.498,0,0
30003878,Palas,10000049,Khanid,30003879,Safshela,10000049,Khanid,1.218,0,1
30005232,Pamah,10000067,Genesis,30005233,Leran,10000067,Genesis,0.559,0,0
30005232,Pamah,10000067,Genesis,30005235,Malma,10000067,Genesis,1.726,0,0
30100066,Pamirasu,10001004,Exordium,30100067,Hotak,10001004,Exordium,0.262,0,0
30100066,Pamirasu,10001004,Exordium,30100069,Urtasvaar,10001004,Exordium,0.337,0,0
30005073,Pananan,10000065,Kor-Azor,30005074,Daran,10000065,Kor-Azor,1.41,0,0
30002676,Parchanier,10000032,Sinq Laison,30002680,Augnais,10000032,Sinq Laison,1.227,0,0
30002676,Parchanier,10000032,Sinq Laison,30002706,Doussivitte,10000032,Sinq Laison,1.109,0,0
30002676,Parchanier,10000032,Sinq Laison,30002677,Fluekele,10000032,Sinq Laison,0.735,0,0
30003909,Parses,10000049,Khanid,30003910,Balanaz,10000049,Khanid,2.805,0,1
30004998,Parts,10000064,Essence,30005009,Allebin,10000064,Essence,1.345,0,0
30005231,Pashanai,10000067,Genesis,30005234,Beke,10000067,Genesis,1.213,0,0
30005231,Pashanai,10000067,Genesis,30005233,Leran,10000067,Genesis,0.628,0,0
30005231,Pashanai,10000067,Genesis,30005232,Pamah,10000067,Genesis,0.587,0,0
30002544,Pator,10000030,Heimatar,30002547,Ammold,10000030,Heimatar,3.024,0,0
30002544,Pator,10000030,Heimatar,30002545,Lustrevik,10000030,Heimatar,1.088,0,0
30002544,Pator,10000030,Heimatar,30002568,Onga,10000030,Heimatar,1.06,0,0
30002223,Patzcha,10000043,Domain,30002224,Charra,10000043,Domain,0.421,0,0
30002223,Patzcha,10000043,Domain,30003558,Madimal,10000043,Domain,0.735,0,0
30045320,Pavanakka,10000069,Black Rise,30045340,Aivonen,10000069,Black Rise,1.327,0,0
30001718,Paye,10000020,Tash-Murkon,30001719,Sagain,10000020,Tash-Murkon,0.991,0,0
30003516,Pedel,10000043,Domain,30003517,Etav,10000043,Domain,0.902,0,0
30003806,Pelille,10000048,Placid,30003807,Dour,10000048,Placid,1.2,0,0
30003806,Pelille,10000048,Placid,30003808,Grispire,10000048,Placid,0.729,0,0
30002211,Pelkia,10000043,Domain,30002213,Mazitah,10000043,Domain,0.726,0,0
30002211,Pelkia,10000043,Domain,30002212,Raren,10000043,Domain,0.544,0,0
30004978,Pemene,10000064,Essence,30005329,Amoderia,10000068,Verge Vendor,1.183,1,0
30004978,Pemene,10000064,Essence,30004993,Villore,10000064,Essence,2.103,0,0
30004262,Pemsah,10000054,Aridia,30004263,Feshur,10000054,Aridia,0.808,0,0
30004262,Pemsah,10000054,Aridia,30004265,Yekh,10000054,Aridia,0.663,0,1
30003488,Penirgman,10000043,Domain,30003491,Ashab,10000043,Domain,1.974,0,0
30003488,Penirgman,10000043,Domain,30003489,Chaven,10000043,Domain,1.228,0,0
30003488,Penirgman,10000043,Domain,30003490,Khopa,10000043,Domain,1.22,0,0
30003488,Penirgman,10000043,Domain,30003492,Orkashu,10000043,Domain,0.511,0,0
30001666,Pera,10000020,Tash-Murkon,30001667,Shousran,10000020,Tash-Murkon,1.347,0,0
30005061,Perbhe,10000065,Kor-Azor,30005068,Oguser,10000065,Kor-Azor,1.761,0,0
30000144,Perimeter,10000002,The Forge,30002642,Iyen-Oursta,10000032,Sinq Laison,1.556,1,0
30003573,Pertnineere,10000044,Solitude,30003574,Boystin,10000044,Solitude,0.846,0,0
30002632,Pettinck,10000032,Sinq Laison,30002639,Adreland,10000032,Sinq Laison,0.799,0,0
30002632,Pettinck,10000032,Sinq Laison,30002709,Auberulle,10000032,Sinq Laison,0.822,0,0
30002632,Pettinck,10000032,Sinq Laison,30002633,Du Annes,10000032,Sinq Laison,1.179,0,0
30002632,Pettinck,10000032,Sinq Laison,30004967,Luminaire,10000064,Essence,2.546,1,0
30004114,Peyiri,10000052,Kador,30004115,Kamda,10000052,Kador,1.497,0,0
30001403,Piak,10000016,Lonetrek,30001424,Haajinen,10000016,Lonetrek,1.494,0,0
30001403,Piak,10000016,Lonetrek,30045324,Onnamon,10000069,Black Rise,2.204,1,0
30001391,Piekura,10000016,Lonetrek,30001394,Korama,10000016,Lonetrek,1.531,0,0
30001669,Pimebeka,10000020,Tash-Murkon,30001670,Baviasi,10000020,Tash-Murkon,0.991,0,0
30001669,Pimebeka,10000020,Tash-Murkon,30001671,Tash-Murkon Prime,10000020,Tash-Murkon,1.533,0,0
30001652,Pimsu,10000020,Tash-Murkon,30004149,Elmed,10000052,Kador,1.244,1,0
30001652,Pimsu,10000020,Tash-Murkon,30001653,Jarzalad,10000020,Tash-Murkon,1.779,0,0
30001652,Pimsu,10000020,Tash-Murkon,30004091,Uanim,10000052,Kador,1.02,1,0
30005081,Piri,10000065,Kor-Azor,30005082,Enal,10000065,Kor-Azor,0.653,0,0
30000066,Pirohdim,10000001,Derelik,30000069,Thiarer,10000001,Derelik,0.718,0,0
30003604,Pochelympe,10000044,Solitude,30003605,Eggheron,10000044,Solitude,0.572,0,0
30003604,Pochelympe,10000044,Solitude,30003606,Toustain,10000044,Solitude,0.869,0,0
30000019,Podion,10000001,Derelik,30000022,Jayneleb,10000001,Derelik,0.877,0,1
30000153,Poinen,10000002,The Forge,30000156,Josameto,10000002,The Forge,0.948,0,0
30000153,Poinen,10000002,The Forge,30000154,Liekuri,10000002,The Forge,0.777,0,0
30000153,Poinen,10000002,The Forge,30000155,Obanen,10000002,The Forge,1.246,0,0
30003271,Poitot,10000041,Syndicate,30003274,X-BV98,10000041,Syndicate,0.847,0,0
30005048,Polfaly,10000065,Kor-Azor,30035042,Chaktaren,10000065,Kor-Azor,0.448,0,1
30003434,Polstodur,10000042,Metropolis,30003435,Hebisa,10000042,Metropolis,1.375,0,1
30003434,Polstodur,10000042,Metropolis,30003436,Tollus,10000042,Metropolis,0.527,0,1
30003581,Postouvin,10000044,Solitude,30003582,Odinesyn,10000044,Solitude,0.864,0,1
30003940,Pout,10000049,Khanid,30003941,Rafeme,10000049,Khanid,0.735,0,0
30002714,Pozirblant,10000032,Sinq Laison,30002716,Aurcel,10000032,Sinq Laison,1.007,0,0
30002714,Pozirblant,10000032,Sinq Laison,30002715,Bourynes,10000032,Sinq Laison,0.977,0,0
30045333,Prism,10000069,Black Rise,30045336,Elunala,10000069,Black Rise,1.42,0,0
30045333,Prism,10000069,Black Rise,30045337,Ikoskio,10000069,Black Rise,0.372,0,0
30005284,Promised Land,10000067,Genesis,30005286,New Eden,10000067,Genesis,0.989,0,1
30000027,Psasa,10000001,Derelik,30000028,Eshtah,10000001,Derelik,0.841,0,0
30004293,Pserz,10000054,Aridia,30004296,Bapraya,10000054,Aridia,2.212,0,0
30004293,Pserz,10000054,Aridia,30004295,Keba,10000054,Aridia,1.817,0,0
30002662,Pulin,10000032,Sinq Laison,30002666,Basgerin,10000032,Sinq Laison,0.933,0,1
30002662,Pulin,10000032,Sinq Laison,30002667,Chelien,10000032,Sinq Laison,1.375,0,0
30002662,Pulin,10000032,Sinq Laison,30002663,Foves,10000032,Sinq Laison,0.812,0,0
30002662,Pulin,10000032,Sinq Laison,30003029,Jaschercis,10000037,Everyshore,1.46,1,0
30002662,Pulin,10000032,Sinq Laison,30002665,Misneden,10000032,Sinq Laison,0.838,0,1
30000161,Purjola,10000002,The Forge,30000162,Maila,10000002,The Forge,0.758,0,0
30004787,Q-02UL,10000060,Delve,30004789,5-6QW7,10000060,Delve,0.539,0,0
30004787,Q-02UL,10000060,Delve,30004788,7UTB-F,10000060,Delve,1.129,0,1
30000797,Q-3HS5,10000009,Insmother,30000799,0-VG7A,10000009,Insmother,1.247,0,1
30000797,Q-3HS5,10000009,Insmother,30000798,3AE-CP,10000009,Insmother,0.936,0,1
30002001,Q-5211,10000023,Pure Blind,30002003,CR-AQH,10000023,Pure Blind,1.603,0,0
30002001,Q-5211,10000023,Pure Blind,30002002,R-2R0G,10000023,Pure Blind,1.068,0,0
30000872,Q-CAB2,10000010,Tribute,30001281,3A1P-N,10000015,Venal,5.28,1,0
30000274,Q-EHMJ,10000003,Vale of the Silent,30000275,XSQ-TF,10000003,Vale of the Silent,1.33,0,1
30004321,Q-FEEJ,10000055,Branch,30004322,0P9Z-I,10000055,Branch,1.462,0,0
30002844,Q-GICU,10000034,The Kalevala Expanse,30002861,G4-QU6,10000034,The Kalevala Expanse,0.721,0,0
30002844,Q-GICU,10000034,The Kalevala Expanse,30002874,R1O-GN,10000034,The Kalevala Expanse,0.564,0,0
30004737,Q-HESZ,10000060,Delve,30004738,1-SMEB,10000060,Delve,0.69,0,0
30004737,Q-HESZ,10000060,Delve,30004740,6Q-R50,10000060,Delve,1.018,0,0
30002132,Q-HJ97,10000025,Immensea,30002133,GM-0K7,10000025,Immensea,0.733,0,1
30004749,Q-JQSG,10000060,Delve,30004784,F-9PXR,10000060,Delve,1.18,0,1
30004337,Q-NJZ4,10000055,Branch,30004338,NLPB-0,10000055,Branch,1.308,0,0
30004337,Q-NJZ4,10000055,Branch,30004339,R4O-I6,10000055,Branch,0.631,0,0
30001838,Q-Q2S6,10000022,Stain,30001841,32-GI9,10000022,Stain,1.09,0,1
30001838,Q-Q2S6,10000022,Stain,30001839,WHG2-7,10000022,Stain,1.057,0,0
30001196,Q-S7ZD,10000014,Catch,30004808,3L3N-X,10000061,Tenerifis,4.534,1,0
30002471,Q-TBHW,10000029,Geminate,30002472,9P4O-F,10000029,Geminate,0.72,0,0
30001248,Q-U96U,10000014,Catch,30001252,EX6-AO,10000014,Catch,0.521,0,0
30001248,Q-U96U,10000014,Catch,30001249,X4-WL0,10000014,Catch,0.961,0,0
30004054,Q-UA3C,10000051,Cloud Ring,30004056,8R-RTB,10000051,Cloud Ring,1.647,0,0
30000618,Q-UEN6,10000007,Cache,30000619,BLMX-B,10000007,Cache,1.609,0,0
30000618,Q-UEN6,10000007,Cache,30000621,YE1-9S,10000007,Cache,1.092,0,0
30001562,Q-UVY6,10000018,The Spire,30001566,VK6-EZ,10000018,The Spire,0.746,0,0
30004571,Q-XEB3,10000058,Fountain,30004572,K8L-X7,10000058,Fountain,0.838,0,0
30004845,Q0G-L8,10000061,Tenerifis,30004846,Q5KZ-W,10000061,Tenerifis,1.732,0,0
30003112,Q0OH-V,10000039,Esoteria,30003125,A1-AUH,10000039,Esoteria,0.643,0,0
30003112,Q0OH-V,10000039,Esoteria,30003119,XKZ8-H,10000039,Esoteria,0.66,0,1
30003669,Q1U-IU,10000045,Tenal,30004401,CH9L-K,10000055,Branch,0.994,1,0
30003975,Q2-N6W,10000050,Querious,30003977,A-5F4A,10000050,Querious,1.365,0,1
30000946,Q2FL-T,10000011,Great Wildlands,30000947,Y7-XFD,10000011,Great Wildlands,1.154,0,0
30000324,Q3-BAY,10000003,Vale of the Silent,30000325,JZV-F4,10000003,Vale of the Silent,0.608,0,1
30000715,Q4C-S5,10000008,Scalding Pass,30000718,4-CM8I,10000008,Scalding Pass,1.183,0,0
30000715,Q4C-S5,10000008,Scalding Pass,30000717,Q-NA5H,10000008,Scalding Pass,0.547,0,0
30000715,Q4C-S5,10000008,Scalding Pass,30000719,ZDB-HT,10000008,Scalding Pass,0.661,0,0
30004846,Q5KZ-W,10000061,Tenerifis,30004848,B8HU-Z,10000061,Tenerifis,0.823,0,0
30004846,Q5KZ-W,10000061,Tenerifis,30004847,WE-KK2,10000061,Tenerifis,0.706,0,1
30001323,Q61Y-F,10000015,Venal,30001350,L-IE41,10000015,Venal,1.171,0,1
30000785,Q7-FZ8,10000009,Insmother,30000810,F3-8X2,10000009,Insmother,0.661,0,0
30000785,Q7-FZ8,10000009,Insmother,30000788,I-1QKL,10000009,Insmother,0.877,0,0
30001763,Q7E-DU,10000021,Outer Passage,30001764,9Z-XJN,10000021,Outer Passage,0.87,0,0
30001763,Q7E-DU,10000021,Outer Passage,30001767,HZID-J,10000021,Outer Passage,1.141,0,0
30004066,QA1-BT,10000051,Cloud Ring,30004067,5S-KNL,10000051,Cloud Ring,1.59,0,0
30003183,QB-AE6,10000040,Oasa,30003184,G-W1ND,10000040,Oasa,0.932,0,0
30003183,QB-AE6,10000040,Oasa,30003185,MZLW-9,10000040,Oasa,0.673,0,0
30004408,QBH5-F,10000056,Feythabolis,30004450,AZN-D2,10000056,Feythabolis,1.168,0,0
30003714,QBL-BV,10000047,Providence,30003735,PI5-39,10000047,Providence,1.184,0,1
30001165,QBQ-RF,10000014,Catch,30001167,6-K738,10000014,Catch,0.688,0,0
30002363,QBZO-R,10000027,Etherium Reach,30002370,PX-IHN,10000027,Etherium Reach,1.321,0,0
30004744,QC-YX6,10000060,Delve,30004747,LUA5-L,10000060,Delve,2.512,0,0
30004744,QC-YX6,10000060,Delve,30004745,T-M0FA,10000060,Delve,1.354,0,0
30004855,QCDG-H,10000061,Tenerifis,30004859,Y-EQ0C,10000061,Tenerifis,1.12,0,1
30001080,QCGG-Q,10000013,Malpais,30005088,B-B0ME,10000066,Perrigen Falls,0.803,1,0
30001935,QCKK-T,10000022,Stain,30001936,RP-H66,10000022,Stain,0.626,0,1
30004343,QCWA-Z,10000055,Branch,30004344,52G-NZ,10000055,Branch,0.711,0,0
30004343,QCWA-Z,10000055,Branch,30004345,5LJ-MD,10000055,Branch,1.341,0,0
30004343,QCWA-Z,10000055,Branch,30004348,KV-8SN,10000055,Branch,0.892,0,0
30002138,QE-E1D,10000025,Immensea,30002139,LK1K-5,10000025,Immensea,1.074,0,0
30002138,QE-E1D,10000025,Immensea,30002140,REB-KR,10000025,Immensea,0.666,0,1
30003221,QE2-FS,10000040,Oasa,30005175,XY-ZCI,10000066,Perrigen Falls,3.531,1,0
30001246,QETZ-W,10000014,Catch,30001248,Q-U96U,10000014,Catch,0.756,0,0
30001246,QETZ-W,10000014,Catch,30001247,WFC-MY,10000014,Catch,0.933,0,0
30001033,QFEW-K,10000012,Curse,30001034,CVY-UC,10000012,Curse,0.888,0,1
30001033,QFEW-K,10000012,Curse,30001035,EQX-AE,10000012,Curse,1.046,0,0
30003164,QFGB-E,10000039,Esoteria,30003165,7P-J38,10000039,Esoteria,1.475,0,0
30003164,QFGB-E,10000039,Esoteria,30003166,WT-2J9,10000039,Esoteria,1.031,0,0
30003181,QFIU-K,10000039,Esoteria,30003182,2R-KLH,10000039,Esoteria,1.078,0,0
30001564,QFU-4S,10000018,The Spire,30001567,JVA-FE,10000018,The Spire,1.232,0,0
30001564,QFU-4S,10000018,The Spire,30001565,QQGH-G,10000018,The Spire,0.903,0,0
30001772,QG3-Z0,10000021,Outer Passage,30001773,RT64-C,10000021,Outer Passage,0.518,0,0
30001749,QHH-13,10000021,Outer Passage,30001750,J4AQ-O,10000021,Outer Passage,0.508,0,0
30001305,QHJ-FW,10000015,Venal,30001306,9IPC-E,10000015,Venal,0.844,0,0
30001305,QHJ-FW,10000015,Venal,30001307,EIV-1W,10000015,Venal,0.685,0,0
30001305,QHJ-FW,10000015,Venal,30001315,JURU-T,10000015,Venal,1.308,0,0
30002364,QHJR-E,10000027,Etherium Reach,30002365,1PF-BC,10000027,Etherium Reach,0.896,0,0
30002364,QHJR-E,10000027,Etherium Reach,30002368,Z-FET0,10000027,Etherium Reach,2.558,0,0
30002104,QI-S9W,10000025,Immensea,30002108,B-A587,10000025,Immensea,0.88,0,1
30002104,QI-S9W,10000025,Immensea,30002105,B-S347,10000025,Immensea,1.275,0,0
30002104,QI-S9W,10000025,Immensea,30002138,QE-E1D,10000025,Immensea,0.586,0,0
30004837,QI9-42,10000061,Tenerifis,30004838,YF-P4X,10000061,Tenerifis,0.804,0,0
30002307,QKCU-4,10000027,Etherium Reach,30002309,N06Z-Q,10000027,Etherium Reach,0.998,0,0
30005172,QKQ3-L,10000066,Perrigen Falls,30005173,VWES-Y,10000066,Perrigen Falls,0.965,0,1
30000475,QLPX-J,10000005,Detorid,30000476,A-C5TC,10000005,Detorid,0.895,0,0
30004857,QLU-P0,10000061,Tenerifis,30004866,NR8S-Y,10000061,Tenerifis,2.225,0,0
30004857,QLU-P0,10000061,Tenerifis,30004858,OQTY-Z,10000061,Tenerifis,0.989,0,1
30001903,QM-O7J,10000022,Stain,30001923,LC-1ED,10000022,Stain,0.998,0,0
30002288,QNXJ-M,10000027,Etherium Reach,30002296,KGT3-6,10000027,Etherium Reach,0.587,0,0
30002288,QNXJ-M,10000027,Etherium Reach,30002311,KMH-J1,10000027,Etherium Reach,1.046,0,0
30001783,QOK-SX,10000021,Outer Passage,30001784,24I-FE,10000021,Outer Passage,0.686,0,1
30001783,QOK-SX,10000021,Outer Passage,30001785,4H-YJZ,10000021,Outer Passage,0.905,0,1
30001783,QOK-SX,10000021,Outer Passage,30001787,V-SEE6,10000021,Outer Passage,0.688,0,1
30002893,QPO-WI,10000035,Deklein,30002895,94-H3F,10000035,Deklein,0.802,0,0
30000722,QPTT-F,10000008,Scalding Pass,30000724,9BC-EB,10000008,Scalding Pass,0.604,0,1
30000722,QPTT-F,10000008,Scalding Pass,30000723,9M-M0P,10000008,Scalding Pass,0.869,0,1
30000722,QPTT-F,10000008,Scalding Pass,30000727,PU-UMM,10000008,Scalding Pass,1.026,0,1
30001565,QQGH-G,10000018,The Spire,30001569,G-VFVB,10000018,The Spire,1.816,0,0
30001565,QQGH-G,10000018,The Spire,30001566,VK6-EZ,10000018,The Spire,2.497,0,0
30003719,QR-K85,10000047,Providence,30003720,5IO8-U,10000047,Providence,0.595,0,0
30003719,QR-K85,10000047,Providence,30003721,DP-JD4,10000047,Providence,0.709,0,0
30004815,QRBN-M,10000061,Tenerifis,30004824,C3-0YD,10000061,Tenerifis,1.253,0,1
30001596,QRH-BF,10000018,The Spire,30001597,M-NP5O,10000018,The Spire,0.503,0,0
30003174,QS-530,10000039,Esoteria,30003175,VR-YRV,10000039,Esoteria,0.455,0,0
30001137,QSCO-D,10000013,Malpais,30001138,RXTY-4,10000013,Malpais,1.313,0,0
30004909,QSF-EJ,10000062,Omist,30004920,1I6F-9,10000062,Omist,0.675,0,0
30004909,QSF-EJ,10000062,Omist,30004910,L-AS00,10000062,Omist,1.972,0,1
30001163,QSM-LM,10000014,Catch,30001165,QBQ-RF,10000014,Catch,1.096,0,0
30004198,QT-EBC,10000053,Cobalt Edge,30004200,CUT-0V,10000053,Cobalt Edge,1.673,0,0
30004198,QT-EBC,10000053,Cobalt Edge,30004199,O-F4SN,10000053,Cobalt Edge,0.905,0,1
30000793,QTME-D,10000009,Insmother,30000794,A24L-V,10000009,Insmother,1.171,0,0
30004610,QV28-G,10000058,Fountain,30004615,HMF-9D,10000058,Fountain,2.001,0,1
30003292,QWF-6P,10000041,Syndicate,30003297,1-NKVT,10000041,Syndicate,0.666,0,0
30003292,QWF-6P,10000041,Syndicate,30003293,AAS-8R,10000041,Syndicate,0.664,0,0
30002829,QX-4HO,10000034,The Kalevala Expanse,30002830,LS3-HP,10000034,The Kalevala Expanse,0.973,0,1
30004714,QX-LIJ,10000060,Delve,30004716,4K-TRB,10000060,Delve,0.937,0,0
30004354,QXQ-BA,10000055,Branch,30004356,M-HU4V,10000055,Branch,0.97,0,0
30004354,QXQ-BA,10000055,Branch,30004355,X7R-JW,10000055,Branch,0.537,0,0
30004041,QXW-PV,10000051,Cloud Ring,30004064,MJYW-3,10000051,Cloud Ring,6.404,0,0
30004027,QY1E-N,10000050,Querious,30004798,C3N-3S,10000060,Delve,4.873,1,0
30003244,QY2Y-N,10000040,Oasa,30003246,RO-AIQ,10000040,Oasa,1.039,0,1
30003244,QY2Y-N,10000040,Oasa,30003245,X-9ZZR,10000040,Oasa,0.492,0,0
30004752,QY6-RK,10000060,Delve,30004755,J-LPX7,10000060,Delve,0.706,0,0
30000767,QYD-WK,10000009,Insmother,30000769,A-TJ0G,10000009,Insmother,2.221,0,0
30003266,QYT-X8,10000040,Oasa,30003267,5-IH57,10000040,Oasa,0.522,0,1
30003236,QZ-DIZ,10000040,Oasa,30003238,21M1-B,10000040,Oasa,0.269,0,0
30003236,QZ-DIZ,10000040,Oasa,30003240,U-RELP,10000040,Oasa,1.175,0,0
30001107,QZ1-OH,10000013,Malpais,30005147,PVF-N9,10000066,Perrigen Falls,2.847,1,0
30001107,QZ1-OH,10000013,Malpais,30001108,Y-XZA7,10000013,Malpais,0.601,0,0
30002837,QZX-L9,10000034,The Kalevala Expanse,30002838,D-6PKO,10000034,The Kalevala Expanse,0.971,0,0
30002002,R-2R0G,10000023,Pure Blind,30002003,CR-AQH,10000023,Pure Blind,0.79,0,0
30000658,R-3FBU,10000008,Scalding Pass,30000671,GN-PDU,10000008,Scalding Pass,1.42,0,0
30000658,R-3FBU,10000008,Scalding Pass,30000721,HJ-BCH,10000008,Scalding Pass,1.183,0,0
30000658,R-3FBU,10000008,Scalding Pass,30000659,K7-LDX,10000008,Scalding Pass,3.617,0,0
30002324,R-6KYM,10000027,Etherium Reach,30002328,GTY-FW,10000027,Etherium Reach,3.186,0,0
30002324,R-6KYM,10000027,Etherium Reach,30002330,QZV-X3,10000027,Etherium Reach,2.206,0,0
30003151,R-ARKN,10000039,Esoteria,30003153,MS2-V8,10000039,Esoteria,2.262,0,0
30003151,R-ARKN,10000039,Esoteria,30004691,O4T-Z5,10000059,Paragon Soul,4.822,1,0
30005112,R-AYGT,10000066,Perrigen Falls,30005113,G-GRSZ,10000066,Perrigen Falls,0.522,0,1
30000950,R-ESG0,10000011,Great Wildlands,30000951,CI4M-T,10000011,Great Wildlands,0.746,0,0
30003127,R-FM0G,10000039,Esoteria,30003128,TEIZ-C,10000039,Esoteria,0.92,0,0
30001189,R-K4QY,10000014,Catch,30001191,OGL8-Q,10000014,Catch,0.951,0,0
30001189,R-K4QY,10000014,Catch,30001194,WQH-4K,10000014,Catch,0.899,0,0
30001265,R-KZK7,10000015,Venal,30001266,9-R6GU,10000015,Venal,0.711,0,0
30002013,R-LW2I,10000023,Pure Blind,30002015,4-ABS8,10000023,Pure Blind,1.576,0,0
30004522,R-OCBA,10000057,Outer Ring,30004524,DB-6W4,10000057,Outer Ring,0.787,0,0
30004522,R-OCBA,10000057,Outer Ring,30004523,GA-2V7,10000057,Outer Ring,0.582,0,0
30002182,R-ORB7,10000025,Immensea,30002183,RU-PT9,10000025,Immensea,0.551,0,0
30000291,R-P7KL,10000003,Vale of the Silent,30000292,2DWM-2,10000003,Vale of the Silent,1.022,0,0
30000291,R-P7KL,10000003,Vale of the Silent,30000293,XF-PWO,10000003,Vale of the Silent,0.525,0,1
30000320,R-RSZZ,10000003,Vale of the Silent,30000323,7G-H7D,10000003,Vale of the Silent,0.87,0,0
30000320,R-RSZZ,10000003,Vale of the Silent,30000321,MGAM-4,10000003,Vale of the Silent,0.832,0,0
30000320,R-RSZZ,10000003,Vale of the Silent,30000322,VORM-W,10000003,Vale of the Silent,0.621,0,0
30003631,R-YWID,10000045,Tenal,30003632,30-D5G,10000045,Tenal,0.993,0,1
30003631,R-YWID,10000045,Tenal,30003633,HB-FSO,10000045,Tenal,0.574,0,0
30003631,R-YWID,10000045,Tenal,30003634,J1-KJP,10000045,Tenal,0.712,0,0
30003218,R-ZESX,10000040,Oasa,30003220,HF-K3O,10000040,Oasa,0.376,0,0
30003218,R-ZESX,10000040,Oasa,30003219,IO-R2S,10000040,Oasa,1.015,0,0
30003218,R-ZESX,10000040,Oasa,30003222,Q-ITV5,10000040,Oasa,1.161,0,0
30003218,R-ZESX,10000040,Oasa,30003221,QE2-FS,10000040,Oasa,0.825,0,0
30000563,R0-DMM,10000006,Wicked Creek,30000564,5Q65-4,10000006,Wicked Creek,0.913,0,1
30000563,R0-DMM,10000006,Wicked Creek,30000679,OAQY-M,10000008,Scalding Pass,1.258,1,0
30002874,R1O-GN,10000034,The Kalevala Expanse,30002876,BGMZ-0,10000034,The Kalevala Expanse,1.062,0,0
30002874,R1O-GN,10000034,The Kalevala Expanse,30002875,GQ-7SP,10000034,The Kalevala Expanse,1.014,0,0
30002874,R1O-GN,10000034,The Kalevala Expanse,30002877,I2D3-5,10000034,The Kalevala Expanse,0.865,0,0
30002874,R1O-GN,10000034,The Kalevala Expanse,30002880,RQOO-U,10000034,The Kalevala Expanse,1.381,0,0
30004891,R2TJ-1,10000062,Omist,30004893,73-JQO,10000062,Omist,0.72,0,1
30004891,R2TJ-1,10000062,Omist,30004896,LQ-AHE,10000062,Omist,1.622,0,1
30003769,R3-K7K,10000047,Providence,30003770,X-R3NM,10000047,Providence,0.952,0,0
30001806,R3P0-Z,10000021,Outer Passage,30001809,L1YK-V,10000021,Outer Passage,0.888,0,0
30001806,R3P0-Z,10000021,Outer Passage,30001808,SN-Q1T,10000021,Outer Passage,0.646,0,0
30001806,R3P0-Z,10000021,Outer Passage,30001807,ZZK-VF,10000021,Outer Passage,1.262,0,0
30000589,R4N-LD,10000006,Wicked Creek,30000592,HPBE-D,10000006,Wicked Creek,0.702,0,1
30000589,R4N-LD,10000006,Wicked Creek,30000591,M-MBRT,10000006,Wicked Creek,0.948,0,1
30004339,R4O-I6,10000055,Branch,30004340,KL3O-J,10000055,Branch,0.837,0,0
30002010,R6XN-9,10000023,Pure Blind,30002011,3V8-LJ,10000023,Pure Blind,0.391,0,0
30001859,R8-5XF,10000022,Stain,30001862,GDEW-0,10000022,Stain,0.716,0,0
30003209,R8WV-7,10000040,Oasa,30003223,5JEZ-I,10000040,Oasa,0.893,0,0
30003209,R8WV-7,10000040,Oasa,30004161,FV-YEA,10000053,Cobalt Edge,0.697,1,0
30004485,R97-CI,10000056,Feythabolis,30004486,6-ELQP,10000056,Feythabolis,0.833,0,0
30001018,RA-NXN,10000012,Curse,30001021,XX9-WV,10000012,Curse,1.409,0,0
30002839,RAI-0E,10000034,The Kalevala Expanse,30002840,MN9P-A,10000034,The Kalevala Expanse,0.499,0,0
30002839,RAI-0E,10000034,The Kalevala Expanse,30002841,TA9T-P,10000034,The Kalevala Expanse,0.616,0,0
30003104,RBW-8G,10000039,Esoteria,30003113,C-VZAK,10000039,Esoteria,0.664,0,1
30004742,RCI-VL,10000060,Delve,30004743,MJXW-P,10000060,Delve,0.441,0,1
30002023,RD-G2R,10000023,Pure Blind,30002024,UC3H-Y,10000023,Pure Blind,1.355,0,1
30004577,RE-C26,10000058,Fountain,30004596,00GD-D,10000058,Fountain,0.924,0,0
30004577,RE-C26,10000058,Fountain,30004580,N2-OQG,10000058,Fountain,0.938,0,1
30002140,REB-KR,10000025,Immensea,30002144,4-GB14,10000025,Immensea,0.709,0,0
30002140,REB-KR,10000025,Immensea,30002142,L-5JCJ,10000025,Immensea,0.633,0,0
30000780,RERZ-L,10000009,Insmother,30000782,3U-48K,10000009,Insmother,1.146,0,0
30004724,RF-K9W,10000060,Delve,30004725,E3OI-U,10000060,Delve,1.193,0,1
30003229,RF-X7V,10000040,Oasa,30003233,1P-QWR,10000040,Oasa,0.657,0,0
30003229,RF-X7V,10000040,Oasa,30003231,3-JG3X,10000040,Oasa,1.262,0,0
30003229,RF-X7V,10000040,Oasa,30003230,BQ0-UU,10000040,Oasa,1.019,0,0
30002129,RF6T-8,10000025,Immensea,30002131,94FR-S,10000025,Immensea,0.407,0,0
30002129,RF6T-8,10000025,Immensea,30002133,GM-0K7,10000025,Immensea,2.135,0,0
30002129,RF6T-8,10000025,Immensea,30002134,I-NGI8,10000025,Immensea,0.776,0,0
30002129,RF6T-8,10000025,Immensea,30002153,O3Z5-G,10000025,Immensea,0.751,0,1
30002491,RFGW-V,10000029,Geminate,30002492,N-HK93,10000029,Geminate,1.767,0,0
30002954,RG9-7U,10000035,Deklein,30002955,UJY-HE,10000035,Deklein,1.289,0,0
30004225,RGU1-T,10000053,Cobalt Edge,30004226,1GT-MA,10000053,Cobalt Edge,0.623,0,1
30004225,RGU1-T,10000053,Cobalt Edge,30004227,VY-866,10000053,Cobalt Edge,1.136,0,0
30004812,RH0-EG,10000061,Tenerifis,30004816,78R-PI,10000061,Tenerifis,1.412,0,0
30004812,RH0-EG,10000061,Tenerifis,30004813,D-9UEV,10000061,Tenerifis,1.258,0,0
30002151,RHE7-W,10000025,Immensea,30002152,F76-8Q,10000025,Immensea,1.025,0,1
30004472,RIT-A7,10000056,Feythabolis,30004477,5P-AIP,10000056,Feythabolis,0.982,0,0
30004472,RIT-A7,10000056,Feythabolis,30004474,GHZ-SJ,10000056,Feythabolis,0.735,0,0
30004472,RIT-A7,10000056,Feythabolis,30004475,K-J50B,10000056,Feythabolis,0.927,0,0
30004472,RIT-A7,10000056,Feythabolis,30004473,R4K-8L,10000056,Feythabolis,1.6,0,1
30004953,RJ3H-0,10000063,Period Basis,30004961,PA-VE3,10000063,Period Basis,1.269,0,1
30002380,RK-Q51,10000027,Etherium Reach,30002381,F69O-M,10000027,Etherium Reach,0.755,0,0
30003626,RKE-CP,10000045,Tenal,30003650,A-1IJ9,10000045,Tenal,1.74,0,0
30003626,RKE-CP,10000045,Tenal,30003627,NV-3KA,10000045,Tenal,1.057,0,0
30003626,RKE-CP,10000045,Tenal,30003628,S-1LIO,10000045,Tenal,0.873,0,1
30004015,RKM-GE,10000050,Querious,30004016,DG-L7S,10000050,Querious,1.433,0,0
30004015,RKM-GE,10000050,Querious,30004018,L-FVHR,10000050,Querious,0.793,0,0
30004494,RL-KT0,10000057,Outer Ring,30004495,UO9-YG,10000057,Outer Ring,0.65,0,0
30004494,RL-KT0,10000057,Outer Ring,30004498,ZJQH-S,10000057,Outer Ring,0.836,0,0
30004494,RL-KT0,10000057,Outer Ring,30004496,ZQP-QV,10000057,Outer Ring,0.561,0,0
30001902,RLDS-R,10000022,Stain,30001904,0-7XA8,10000022,Stain,0.871,0,1
30003353,RLL-9R,10000041,Syndicate,30003354,51-5XG,10000041,Syndicate,2.425,0,0
30003610,RLTG-3,10000045,Tenal,30003611,S-EVIQ,10000045,Tenal,0.844,0,0
30001028,RMOC-W,10000012,Curse,30001044,Hemin,10000012,Curse,0.949,0,0
30000673,RNM-Y6,10000008,Scalding Pass,30000677,J2-PZ6,10000008,Scalding Pass,1.279,0,0
30000673,RNM-Y6,10000008,Scalding Pass,30000674,V-KDY2,10000008,Scalding Pass,0.591,0,0
30002926,RO0-AF,10000035,Deklein,30002927,5W3-DG,10000035,Deklein,1.194,0,0
30001983,ROIR-Y,10000023,Pure Blind,30003676,C8-CHY,10000046,Fade,0.366,1,0
30000815,ROJ-B0,10000009,Insmother,30000817,B-II34,10000009,Insmother,1.576,0,1
30000815,ROJ-B0,10000009,Insmother,30000816,DFH-V5,10000009,Insmother,1.19,0,0
30002033,RORZ-H,10000023,Pure Blind,30002042,KU5R-W,10000023,Pure Blind,1.298,0,0
30002033,RORZ-H,10000023,Pure Blind,30002034,O-A6YN,10000023,Pure Blind,0.667,0,0
30004560,RP2-OQ,10000058,Fountain,30004565,CL-BWB,10000058,Fountain,1.406,0,0
30004560,RP2-OQ,10000058,Fountain,30004566,R3W-XU,10000058,Fountain,0.834,0,0
30004560,RP2-OQ,10000058,Fountain,30004561,YVBE-E,10000058,Fountain,1.161,0,0
30001924,RPS-0K,10000022,Stain,30001927,U6-FCE,10000022,Stain,1.319,0,0
30001320,RQ9-OZ,10000015,Venal,30001321,B-CZXG,10000015,Venal,1.044,0,0
30002039,RQH-MY,10000023,Pure Blind,30003855,Mantenault,10000048,Placid,6.502,1,0
30000790,RQN-OO,10000009,Insmother,30000791,67Y-NR,10000009,Insmother,1.187,0,0
30000790,RQN-OO,10000009,Insmother,30000792,GDHN-K,10000009,Insmother,0.596,0,0
30000790,RQN-OO,10000009,Insmother,30000793,QTME-D,10000009,Insmother,0.524,0,0
30001259,RR-D05,10000014,Catch,30001260,4-07MU,10000014,Catch,0.836,0,0
30001931,RRWI-5,10000022,Stain,30001933,EAWE-2,10000022,Stain,1.341,0,0
30001931,RRWI-5,10000022,Stain,30001934,I-3FET,10000022,Stain,0.506,0,1
30001931,RRWI-5,10000022,Stain,30001932,Y-4U62,10000022,Stain,1.429,0,0
30003362,RSS-KA,10000041,Syndicate,30003366,4-JWWQ,10000041,Syndicate,1.209,0,0
30003362,RSS-KA,10000041,Syndicate,30003363,CIS-7X,10000041,Syndicate,0.653,0,0
30003362,RSS-KA,10000041,Syndicate,30003364,DCHR-L,10000041,Syndicate,0.333,0,0
30003362,RSS-KA,10000041,Syndicate,30003365,EU0I-T,10000041,Syndicate,0.644,0,0
30000511,RT-9WL,10000005,Detorid,30000512,O5Q7-U,10000005,Detorid,1.003,0,0
30004516,RTX0-S,10000057,Outer Ring,30004519,MT-2VJ,10000057,Outer Ring,0.717,0,0
30002183,RU-PT9,10000025,Immensea,30004871,R1-IMO,10000061,Tenerifis,7.204,1,0
30002326,RV-GA8,10000027,Etherium Reach,30002330,QZV-X3,10000027,Etherium Reach,0.827,0,0
30002326,RV-GA8,10000027,Etherium Reach,30002327,TP-RTO,10000027,Etherium Reach,0.889,0,0
30001900,RV5-DW,10000022,Stain,30001901,KP-FQ1,10000022,Stain,0.703,0,0
30001900,RV5-DW,10000022,Stain,30001902,RLDS-R,10000022,Stain,0.956,0,0
30000651,RV5-TT,10000007,Cache,30000654,PKN-NJ,10000007,Cache,1.717,0,0
30000298,RVCZ-C,10000003,Vale of the Silent,30000300,LS9B-9,10000003,Vale of the Silent,1.046,0,1
30001943,RVRE-Z,10000022,Stain,30001944,B-2UL0,10000022,Stain,0.811,0,1
30001943,RVRE-Z,10000022,Stain,30001945,L-A9FS,10000022,Stain,0.727,0,1
30001142,RWML-A,10000013,Malpais,30001144,8C-VE3,10000013,Malpais,0.611,0,0
30001563,RXA-W1,10000018,The Spire,30002366,D-OJEZ,10000027,Etherium Reach,4.519,1,0
30001563,RXA-W1,10000018,The Spire,30001567,JVA-FE,10000018,The Spire,1.14,0,0
30001138,RXTY-4,10000013,Malpais,30001139,RSE-PT,10000013,Malpais,2.367,0,0
30005119,RY-2FX,10000066,Perrigen Falls,30005120,K-3PQW,10000066,Perrigen Falls,2.222,0,0
30000712,RYC-19,10000008,Scalding Pass,30000713,X2-ZA5,10000008,Scalding Pass,0.515,0,0
30004963,RYQC-I,10000063,Period Basis,30004964,1E-W5I,10000063,Period Basis,0.727,0,1
30000477,RZ-PIY,10000005,Detorid,30000500,F9O-U9,10000005,Detorid,0.977,0,0
30000477,RZ-PIY,10000005,Detorid,30000478,FR46-E,10000005,Detorid,0.755,0,0
30000834,RZ-TI6,10000009,Insmother,30000835,FX4L-2,10000009,Insmother,0.481,0,0
30005105,RZ3O-K,10000066,Perrigen Falls,30005157,0XN-SK,10000066,Perrigen Falls,0.533,0,0
30005105,RZ3O-K,10000066,Perrigen Falls,30005154,4F9Y-3,10000066,Perrigen Falls,0.777,0,0
30005188,RZ8A-P,10000066,Perrigen Falls,30005191,0-U2M4,10000066,Perrigen Falls,0.725,0,0
30005188,RZ8A-P,10000066,Perrigen Falls,30005190,C3I-D5,10000066,Perrigen Falls,0.538,0,0
30005188,RZ8A-P,10000066,Perrigen Falls,30005189,MTO2-2,10000066,Perrigen Falls,0.654,0,0
30002022,RZC-16,10000023,Pure Blind,30002035,MQ-NPY,10000023,Pure Blind,0.666,0,0
30002958,Raa,10000036,Devoid,30002974,Mehatoor,10000036,Devoid,3.332,0,0
30002958,Raa,10000036,Devoid,30002959,Sifilar,10000036,Devoid,1.063,0,0
30002726,Raeghoscon,10000032,Sinq Laison,30002728,Lermireve,10000032,Sinq Laison,0.753,0,0
30003941,Rafeme,10000049,Khanid,30004301,Anath,10000054,Aridia,4.172,1,0
30002982,Rahadalon,10000036,Devoid,30002985,Itsyamil,10000036,Devoid,0.815,0,0
30002982,Rahadalon,10000036,Devoid,30002986,Mendori,10000036,Devoid,0.725,0,0
30002982,Rahadalon,10000036,Devoid,30002983,Soosat,10000036,Devoid,1.23,0,0
30045315,Raihbaka,10000069,Black Rise,30045317,Iralaja,10000069,Black Rise,2.216,0,0
30002772,Rairomon,10000033,The Citadel,30002774,Huttaken,10000033,The Citadel,1.078,0,0
30045349,Rakapas,10000069,Black Rise,30045351,Iwisoda,10000069,Black Rise,1.454,0,1
30045349,Rakapas,10000069,Black Rise,30045353,Pynekastoh,10000069,Black Rise,2.08,0,0
30045349,Rakapas,10000069,Black Rise,30045354,Reitsato,10000069,Black Rise,2.661,0,0
30002239,Rammi,10000043,Domain,30002240,Arodan,10000043,Domain,0.574,0,0
30002718,Rancer,10000032,Sinq Laison,30002719,Miroitem,10000032,Sinq Laison,0.909,0,0
30005319,Raneilles,10000068,Verge Vendor,30005320,Hevrice,10000068,Verge Vendor,0.952,0,0
30005085,Ranni,10000065,Kor-Azor,30005086,Arza,10000065,Kor-Azor,0.972,0,1
30003530,Raravath,10000043,Domain,30003537,Erzoh,10000043,Domain,1.023,0,0
30003530,Raravath,10000043,Domain,30003534,Namaili,10000043,Domain,0.72,0,0
30003495,Raravoss,10000070,Pochven,30003504,Niarja,10000070,Pochven,5.427,0,0
30002212,Raren,10000043,Domain,30002218,Noli,10000043,Domain,0.634,0,0
30004269,Rashagh,10000054,Aridia,30004270,Sazilid,10000054,Aridia,0.749,0,0
30004269,Rashagh,10000054,Aridia,30004272,Sota,10000054,Aridia,0.752,0,0
30000025,Rashy,10000001,Derelik,30000028,Eshtah,10000001,Derelik,0.39,0,0
30000025,Rashy,10000001,Derelik,30000026,Ordize,10000001,Derelik,0.911,0,0
30000025,Rashy,10000001,Derelik,30000027,Psasa,10000001,Derelik,0.877,0,0
30002227,Rasile,10000043,Domain,30002231,Ardishapur Prime,10000043,Domain,1.242,0,0
30002227,Rasile,10000043,Domain,30002257,Moussou,10000043,Domain,0.784,0,0
30002227,Rasile,10000043,Domain,30002228,Nererut,10000043,Domain,0.73,0,0
30003602,Ratillose,10000044,Solitude,30003603,Ondree,10000044,Solitude,0.525,0,0
30100040,Ratiocinate,10001004,Exordium,30100042,Lenity,10001004,Exordium,0.274,0,0
30001417,Rauntaka,10000016,Lonetrek,30001419,Atai,10000016,Lonetrek,0.865,0,0
30001417,Rauntaka,10000016,Lonetrek,30001421,Otalieto,10000016,Lonetrek,1.141,0,0
30004116,Rayeret,10000052,Kador,30004117,Bushemal,10000052,Kador,0.77,0,0
30004116,Rayeret,10000052,Kador,30004119,Gasavak,10000052,Kador,1.008,0,0
30004116,Rayeret,10000052,Kador,30005248,Hirizan,10000067,Genesis,1.546,1,0
30004116,Rayeret,10000052,Kador,30004125,Jakri,10000052,Kador,2.636,0,0
30002271,Rayl,10000043,Domain,30002272,Asoutar,10000043,Domain,0.967,0,0
30002271,Rayl,10000043,Domain,30002273,Porsharrah,10000043,Domain,1.108,0,0
30000160,Reisen,10000002,The Forge,30000163,Akora,10000002,The Forge,2.168,0,0
30000160,Reisen,10000002,The Forge,30000161,Purjola,10000002,The Forge,0.763,0,0
30001700,Remoriu,10000020,Tash-Murkon,30001702,Nafrivik,10000020,Tash-Murkon,0.783,0,0
30001700,Remoriu,10000020,Tash-Murkon,30001701,Yanuel,10000020,Tash-Murkon,0.771,0,0
30003829,Renarelle,10000048,Placid,30003836,Vlillirier,10000048,Placid,0.845,0,0
30002510,Rens,10000030,Heimatar,30002526,Frarn,10000030,Heimatar,2.901,0,0
30004970,Renyn,10000064,Essence,30004972,Algogille,10000064,Essence,0.704,0,0
30004970,Renyn,10000064,Essence,30004971,Duripant,10000064,Essence,1.419,0,0
30004970,Renyn,10000064,Essence,30005198,Pakhshi,10000067,Genesis,0.978,1,0
30002056,Resbroko,10000042,Metropolis,30002059,Auner,10000042,Metropolis,0.571,0,0
30002056,Resbroko,10000042,Metropolis,30002057,Hadozeko,10000042,Metropolis,0.794,0,0
30003851,Reschard,10000048,Placid,30003852,Arderonne,10000048,Placid,1.224,0,0
30003851,Reschard,10000048,Placid,30003853,Mercomesier,10000048,Placid,0.55,0,0
30003391,Reset,10000042,Metropolis,30003392,Eygfe,10000042,Metropolis,1.095,0,0
30003880,Reteka,10000049,Khanid,30003881,Moniyyuku,10000049,Khanid,1.395,0,0
30003803,Reynire,10000048,Placid,30003804,Pain,10000048,Placid,1.47,0,1
30002993,Riavayed,10000036,Devoid,30002994,Hati,10000036,Devoid,1.563,0,0
30003457,Ridoner,10000042,Metropolis,30003458,Klaevik,10000042,Metropolis,0.595,0,0
30100041,Rigor,10001004,Exordium,30100042,Lenity,10001004,Exordium,0.274,0,0
30100041,Rigor,10001004,Exordium,30100071,Vatna,10001004,Exordium,1.645,0,1
30001650,Riramia,10000020,Tash-Murkon,30002210,Joppaya,10000043,Domain,1.116,1,0
30001650,Riramia,10000020,Tash-Murkon,30001652,Pimsu,10000020,Tash-Murkon,1.486,0,0
30002534,Rokofur,10000030,Heimatar,30002535,Ebasgerdur,10000030,Heimatar,0.903,0,0
30002534,Rokofur,10000030,Heimatar,30002560,Gultratren,10000030,Heimatar,1.958,0,0
30003395,Roleinn,10000042,Metropolis,30003396,Maturat,10000042,Metropolis,1.619,0,0
30002550,Roniko,10000030,Heimatar,30002551,Aralgrund,10000030,Heimatar,1.281,0,0
30002550,Roniko,10000030,Heimatar,30002574,Hrondedir,10000030,Heimatar,1.524,0,0
30003081,Ronne,10000038,The Bleak Lands,30003085,Hakodan,10000038,The Bleak Lands,0.63,0,0
30003081,Ronne,10000038,The Bleak Lands,30003082,Hatori,10000038,The Bleak Lands,1.124,0,0
30100058,Rotonos,10001004,Exordium,30100060,Axiosere,10001004,Exordium,0.246,0,0
30100058,Rotonos,10001004,Exordium,30100059,Ligare,10001004,Exordium,0.234,0,0
30100058,Rotonos,10001004,Exordium,30100061,Waison,10001004,Exordium,0.459,0,0
30002975,Roushzar,10000036,Devoid,30003067,Huola,10000038,The Bleak Lands,0.88,1,0
30002975,Roushzar,10000036,Devoid,30002976,Labapi,10000036,Devoid,0.527,0,0
30003845,Ruerrotta,10000048,Placid,30003847,Amoen,10000048,Placid,0.877,0,0
30003845,Ruerrotta,10000048,Placid,30003846,Hedoubel,10000048,Placid,0.779,0,0
30001724,Rumida,10000020,Tash-Murkon,30001726,Iswa,10000020,Tash-Murkon,0.761,0,1
30001724,Rumida,10000020,Tash-Murkon,30001727,Rand,10000020,Tash-Murkon,0.411,0,0
30001408,Ruvas,10000016,Lonetrek,30001409,Umokka,10000016,Lonetrek,0.687,0,1
30003410,Ryddinjorn,10000042,Metropolis,30003411,Arlek,10000042,Metropolis,0.773,0,0
30001308,S-1ZXZ,10000015,Venal,30001309,N-5476,10000015,Venal,1.4,0,0
30000501,S-51XG,10000005,Detorid,30000502,E-1XVP,10000005,Detorid,0.92,0,0
30000501,S-51XG,10000005,Detorid,30000503,E-ACV6,10000005,Detorid,1.428,0,0
30004819,S-9RCJ,10000061,Tenerifis,30004822,W-16DY,10000061,Tenerifis,0.546,0,0
30004819,S-9RCJ,10000061,Tenerifis,30004820,ZMV9-A,10000061,Tenerifis,0.944,0,0
30004332,S-B7IT,10000055,Branch,30004333,BKG-Q2,10000055,Branch,2.187,0,0
30001918,S-BWWQ,10000022,Stain,30001922,ZH-KEV,10000022,Stain,0.653,0,0
30001893,S-DLKC,10000022,Stain,30001894,42-UOW,10000022,Stain,0.784,0,0
30000657,S-E6ES,10000008,Scalding Pass,30001029,ES-UWY,10000012,Curse,1.043,1,0
30000657,S-E6ES,10000008,Scalding Pass,30001001,H-ADOC,10000012,Curse,1.312,1,0
30000657,S-E6ES,10000008,Scalding Pass,30000659,K7-LDX,10000008,Scalding Pass,3.419,0,0
30003611,S-EVIQ,10000045,Tenal,30003612,EOY-BG,10000045,Tenal,1.437,0,0
30003611,S-EVIQ,10000045,Tenal,30003613,PNS7-J,10000045,Tenal,0.775,0,0
30003629,S-KSWL,10000045,Tenal,30003630,5-O8B1,10000045,Tenal,2.039,0,0
30003629,S-KSWL,10000045,Tenal,30003634,J1-KJP,10000045,Tenal,0.569,0,0
30003629,S-KSWL,10000045,Tenal,30003631,R-YWID,10000045,Tenal,1.119,0,0
30004683,S-KU8B,10000059,Paragon Soul,30004684,JK-GLL,10000059,Paragon Soul,0.71,0,1
30002017,S-MDYI,10000023,Pure Blind,30002018,ZKYV-W,10000023,Pure Blind,1.075,0,0
30001088,S-R9J2,10000013,Malpais,30001090,RIU-GC,10000013,Malpais,1.108,0,0
30001088,S-R9J2,10000013,Malpais,30001089,XU-BF8,10000013,Malpais,0.43,0,0
30001176,S-U2VD,10000014,Catch,30001177,GE-94X,10000014,Catch,1.209,0,0
30001176,S-U2VD,10000014,Catch,30001178,GMLH-K,10000014,Catch,1.027,0,0
30003368,S-U8A4,10000041,Syndicate,30003370,2G38-I,10000041,Syndicate,0.589,0,0
30003368,S-U8A4,10000041,Syndicate,30003373,98Q-8O,10000041,Syndicate,0.551,0,0
30003368,S-U8A4,10000041,Syndicate,30003369,ZV-72W,10000041,Syndicate,0.834,0,0
30004886,S-XZHU,10000062,Omist,30004889,C-WPWH,10000062,Omist,0.867,0,0
30000753,S0U-MO,10000009,Insmother,30000824,N-O53U,10000009,Insmother,1.632,0,0
30000753,S0U-MO,10000009,Insmother,30000755,V-QXXK,10000009,Insmother,0.568,0,0
30000667,S1-XTL,10000008,Scalding Pass,30000673,RNM-Y6,10000008,Scalding Pass,1.123,0,1
30001030,S1DP-Y,10000012,Curse,30001032,M-N7WD,10000012,Curse,0.607,0,1
30004805,S4-9DN,10000061,Tenerifis,30004806,DT-PXH,10000061,Tenerifis,1.5,0,0
30000284,S6QX-N,10000003,Vale of the Silent,30000286,1VK-6B,10000003,Vale of the Silent,1.086,0,0
30000284,S6QX-N,10000003,Vale of the Silent,30000285,IT-YAU,10000003,Vale of the Silent,0.632,0,0
30003257,S7WI-F,10000040,Oasa,30003258,1-BK1Q,10000040,Oasa,0.83,0,1
30003257,S7WI-F,10000040,Oasa,30003259,X-CYNC,10000040,Oasa,0.44,0,1
30000886,S8-NSQ,10000010,Tribute,30000887,GIH-ZG,10000010,Tribute,1.22,0,1
30001891,S91-TI,10000022,Stain,30001892,V1V-6F,10000022,Stain,0.655,0,1
30003741,S9X-AX,10000047,Providence,30003743,08Z-JJ,10000047,Providence,0.379,0,0
30003741,S9X-AX,10000047,Providence,30003745,6-OQJV,10000047,Providence,0.878,0,0
30003741,S9X-AX,10000047,Providence,30003742,TU-RI6,10000047,Providence,1.341,0,0
30002298,SAH-AD,10000027,Etherium Reach,30002369,EX-GBT,10000027,Etherium Reach,3.554,0,0
30002298,SAH-AD,10000027,Etherium Reach,30002301,G-QTSD,10000027,Etherium Reach,0.709,0,0
30000508,SAI-T9,10000005,Detorid,30000509,IAS-I5,10000005,Detorid,0.909,0,0
30000508,SAI-T9,10000005,Detorid,30000510,K7S-FF,10000005,Detorid,0.95,0,0
30000508,SAI-T9,10000005,Detorid,30000511,RT-9WL,10000005,Detorid,1.574,0,0
30000991,SB-23C,10000011,Great Wildlands,30000994,92-B0X,10000011,Great Wildlands,0.379,0,0
30000991,SB-23C,10000011,Great Wildlands,30000993,O-OVOQ,10000011,Great Wildlands,0.986,0,0
30001296,SBL5-R,10000015,Venal,30001299,D-SKWC,10000015,Venal,1.537,0,0
30000692,SD4A-2,10000008,Scalding Pass,30000695,F2-NXA,10000008,Scalding Pass,0.969,0,1
30000692,SD4A-2,10000008,Scalding Pass,30000693,U6K-RG,10000008,Scalding Pass,1.164,0,1
30001314,SE-SHZ,10000015,Venal,30001331,H-AJ27,10000015,Venal,1.056,0,0
30003654,SF-XJS,10000045,Tenal,30003655,A1RR-M,10000045,Tenal,1.851,0,0
30003654,SF-XJS,10000045,Tenal,30004228,HB-5L3,10000053,Cobalt Edge,35.984,1,0
30002833,SG-3HY,10000034,The Kalevala Expanse,30002836,A-YB15,10000034,The Kalevala Expanse,1.471,0,0
30002833,SG-3HY,10000034,The Kalevala Expanse,30002853,G-KCFT,10000034,The Kalevala Expanse,1.067,0,0
30002833,SG-3HY,10000034,The Kalevala Expanse,30002837,QZX-L9,10000034,The Kalevala Expanse,0.739,0,0
30000670,SG-75T,10000008,Scalding Pass,30000732,V-F6DQ,10000008,Scalding Pass,1.597,0,0
30000670,SG-75T,10000008,Scalding Pass,30000678,XV-MWG,10000008,Scalding Pass,0.941,0,0
30001098,SH-YZY,10000013,Malpais,30001100,CLW-SI,10000013,Malpais,0.886,0,0
30001098,SH-YZY,10000013,Malpais,30001099,O7-RFZ,10000013,Malpais,0.958,0,0
30000868,SH1-6P,10000010,Tribute,30000870,O-0ERG,10000010,Tribute,2.19,0,0
30000868,SH1-6P,10000010,Tribute,30000869,TRKN-L,10000010,Tribute,1.368,0,0
30000779,SHBF-V,10000009,Insmother,30000780,RERZ-L,10000009,Insmother,3.248,0,0
30001338,SHJO-J,10000015,Venal,30001341,OJ-CT4,10000015,Venal,1.229,0,1
30000436,SK42-F,10000005,Detorid,30000437,EU9-J3,10000005,Detorid,1.368,0,1
30004164,SK7-G6,10000053,Cobalt Edge,30004165,4-PCHD,10000053,Cobalt Edge,1.426,0,0
30003964,SKR-SP,10000050,Querious,30003965,V-3U8T,10000050,Querious,0.826,0,0
30000964,SL-YBS,10000011,Great Wildlands,30000967,6WT-BE,10000011,Great Wildlands,3.878,0,0
30000964,SL-YBS,10000011,Great Wildlands,30000965,UNJ-GX,10000011,Great Wildlands,2.067,0,0
30000479,SLVP-D,10000005,Detorid,30000480,0-G8NO,10000005,Detorid,1.025,0,0
30000479,SLVP-D,10000005,Detorid,30000483,77S8-E,10000005,Detorid,2.68,0,0
30000479,SLVP-D,10000005,Detorid,30000481,QRFJ-Q,10000005,Detorid,1.582,0,1
30001780,SN-DZ6,10000021,Outer Passage,30001781,DJ-GBH,10000021,Outer Passage,0.8,0,0
30001780,SN-DZ6,10000021,Outer Passage,30001782,I0N-BM,10000021,Outer Passage,0.689,0,1
30001808,SN-Q1T,10000021,Outer Passage,30001809,L1YK-V,10000021,Outer Passage,1.302,0,0
30003152,SN9S-N,10000039,Esoteria,30004667,JI-K5H,10000059,Paragon Soul,0.984,1,0
30003152,SN9S-N,10000039,Esoteria,30003154,Z-MO29,10000039,Esoteria,1.635,0,1
30001220,SNFV-I,10000014,Catch,30001224,CX65-5,10000014,Catch,0.933,0,0
30001220,SNFV-I,10000014,Catch,30001221,HP-64T,10000014,Catch,0.587,0,0
30001220,SNFV-I,10000014,Catch,30001222,V2-VC2,10000014,Catch,1.359,0,0
30003225,SON-TW,10000040,Oasa,30003227,U9SE-N,10000040,Oasa,1.291,0,0
30003225,SON-TW,10000040,Oasa,30003228,XXZ-3W,10000040,Oasa,1.111,0,0
30002111,SPBS-6,10000025,Immensea,30002113,A4B-V5,10000025,Immensea,0.584,0,0
30002111,SPBS-6,10000025,Immensea,30002114,LN-56V,10000025,Immensea,0.584,0,0
30004570,SPLE-Y,10000058,Fountain,30004572,K8L-X7,10000058,Fountain,1.049,0,0
30005141,SR-10Z,10000066,Perrigen Falls,30005144,QHY-RU,10000066,Perrigen Falls,0.711,0,0
30000565,SR-4EK,10000006,Wicked Creek,30000566,0RI-OV,10000006,Wicked Creek,0.56,0,0
30000565,SR-4EK,10000006,Wicked Creek,30000568,C0O6-K,10000006,Wicked Creek,0.676,0,0
30000565,SR-4EK,10000006,Wicked Creek,30000570,G9NE-B,10000006,Wicked Creek,0.567,0,0
30000565,SR-4EK,10000006,Wicked Creek,30000569,HD-AJ7,10000006,Wicked Creek,2.26,0,0
30002422,SR-KBB,10000029,Geminate,30002424,2E-ZR5,10000029,Geminate,0.622,0,0
30002422,SR-KBB,10000029,Geminate,30002451,NQ-9IH,10000029,Geminate,0.766,0,1
30001288,SS-GED,10000015,Venal,30001300,4RX-EE,10000015,Venal,0.619,0,0
30001288,SS-GED,10000015,Venal,30001289,AJCJ-1,10000015,Venal,1.404,0,0
30000944,SUR-F7,10000011,Great Wildlands,30000945,OK-6XN,10000011,Great Wildlands,0.792,0,1
30000944,SUR-F7,10000011,Great Wildlands,30000946,Q2FL-T,10000011,Great Wildlands,0.623,0,0
30001158,SV5-8N,10000014,Catch,30001161,HED-GP,10000014,Catch,0.669,0,0
30001158,SV5-8N,10000014,Catch,30001160,WD-VTV,10000014,Catch,2.159,0,0
30004484,SWBV-2,10000056,Feythabolis,30004487,OBK-K8,10000056,Feythabolis,0.751,0,0
30002835,SY-0AM,10000034,The Kalevala Expanse,30002838,D-6PKO,10000034,The Kalevala Expanse,0.66,0,0
30002835,SY-0AM,10000034,The Kalevala Expanse,30002837,QZX-L9,10000034,The Kalevala Expanse,0.878,0,0
30005174,SY-OLX,10000066,Perrigen Falls,30005176,7JRA-G,10000066,Perrigen Falls,0.56,0,0
30005174,SY-OLX,10000066,Perrigen Falls,30005177,W-CSFY,10000066,Perrigen Falls,1.316,0,0
30005174,SY-OLX,10000066,Perrigen Falls,30005175,XY-ZCI,10000066,Perrigen Falls,1.724,0,0
30000515,SY-UWN,10000005,Detorid,30000517,X-31TE,10000005,Detorid,0.738,0,1
30001386,Saatuban,10000016,Lonetrek,30001389,Isanamo,10000016,Lonetrek,0.994,0,0
30001386,Saatuban,10000016,Lonetrek,30001391,Piekura,10000016,Lonetrek,1.62,0,0
30001675,Sacalan,10000020,Tash-Murkon,30001678,Atoosh,10000020,Tash-Murkon,1.372,0,0
30001675,Sacalan,10000020,Tash-Murkon,30001680,Hoona,10000020,Tash-Murkon,2.341,0,0
30001675,Sacalan,10000020,Tash-Murkon,30001676,Mimen,10000020,Tash-Murkon,1.118,0,0
30001675,Sacalan,10000020,Tash-Murkon,30001677,Thashkarai,10000020,Tash-Murkon,1.393,0,0
30004242,Sadana,10000054,Aridia,30004243,Isid,10000054,Aridia,1.166,0,1
30004242,Sadana,10000054,Aridia,30004244,Onanam,10000054,Aridia,1.051,0,0
30002251,Sadye,10000043,Domain,30002253,Arshat,10000043,Domain,0.698,0,0
30002251,Sadye,10000043,Domain,30002252,Bika,10000043,Domain,0.971,0,0
30002251,Sadye,10000043,Domain,30002254,Jerma,10000043,Domain,1.06,0,0
30002279,Safizon,10000043,Domain,30002281,Eba,10000043,Domain,1.025,0,0
30002279,Safizon,10000043,Domain,30004148,Jennim,10000052,Kador,0.601,1,0
30002279,Safizon,10000043,Domain,30002280,Zatsyaki,10000043,Domain,0.701,0,0
30001719,Sagain,10000020,Tash-Murkon,30001720,Modun,10000020,Tash-Murkon,0.596,0,0
30001719,Sagain,10000020,Tash-Murkon,30001721,Saminer,10000020,Tash-Murkon,0.895,0,0
30003474,Sahda,10000043,Domain,30003476,Ealur,10000043,Domain,1.102,0,0
30003474,Sahda,10000043,Domain,30003475,Naguton,10000043,Domain,1.462,0,0
30003474,Sahda,10000043,Domain,30003477,Shajarleg,10000043,Domain,1.553,0,0
30002259,Sahdil,10000043,Domain,30002260,Esteban,10000043,Domain,1.413,0,0
30002259,Sahdil,10000043,Domain,30002261,Luromooh,10000043,Domain,1.085,0,0
30003518,Saheri,10000043,Domain,30003519,Lahnina,10000043,Domain,1.092,0,0
30003086,Sahtogas,10000038,The Bleak Lands,30003087,Haras,10000038,The Bleak Lands,1.578,0,1
30003086,Sahtogas,10000038,The Bleak Lands,30003088,Oyonata,10000038,The Bleak Lands,0.483,0,0
30003086,Sahtogas,10000038,The Bleak Lands,30003091,Tannakan,10000038,The Bleak Lands,0.557,0,0
30003079,Saikamon,10000038,The Bleak Lands,30003086,Sahtogas,10000038,The Bleak Lands,1.417,0,0
30002745,Saikanen,10000033,The Citadel,30002747,Kakki,10000033,The Citadel,1.5,0,0
30002745,Saikanen,10000033,The Citadel,30002746,Oijamon,10000033,The Citadel,0.869,0,0
30002816,Saila,10000033,The Citadel,30002817,Aramachi,10000033,The Citadel,1.648,0,0
30000146,Saisio,10000002,The Forge,30000147,Abagawa,10000002,The Forge,1.768,0,0
30000146,Saisio,10000002,The Forge,30000148,Jakanerva,10000002,The Forge,1.526,0,0
30010141,Sakenta,10000070,Pochven,30031392,Komo,10000070,Pochven,4.279,0,0
30004299,Sakht,10000054,Aridia,30004738,1-SMEB,10000060,Delve,8.343,1,0
30004299,Sakht,10000054,Aridia,30004301,Anath,10000054,Aridia,0.806,0,0
30004299,Sakht,10000054,Aridia,30004300,Naga,10000054,Aridia,0.436,0,0
30002215,Sakhti,10000043,Domain,30002216,Aldali,10000043,Domain,0.988,0,0
30002215,Sakhti,10000043,Domain,30005072,Gademam,10000065,Kor-Azor,4.524,1,0
30002215,Sakhti,10000043,Domain,30002219,Nomash,10000043,Domain,0.894,0,0
30100083,Sakizra,10001004,Exordium,30100084,Ichorah,10001004,Exordium,0.253,0,0
30000167,Sakkikainen,10000002,The Forge,30000168,Friggi,10000002,The Forge,1.247,0,0
30000167,Sakkikainen,10000002,The Forge,30000170,Vahunomi,10000002,The Forge,0.594,0,1
30004146,Salah,10000052,Kador,30004147,Akhmoh,10000052,Kador,1.148,0,1
30000059,Salashayama,10000001,Derelik,30000060,Janus,10000001,Derelik,1.259,0,0
30045322,Samanuni,10000069,Black Rise,30045337,Ikoskio,10000069,Black Rise,2.629,0,0
30045322,Samanuni,10000069,Black Rise,30045326,Uuhulanen,10000069,Black Rise,0.794,0,0
30001721,Saminer,10000020,Tash-Murkon,30001957,F7-ICZ,10000022,Stain,10.028,1,0
30002783,Sankkasen,10000033,The Citadel,30002784,Tintoh,10000033,The Citadel,0.925,0,0
30002783,Sankkasen,10000033,The Citadel,30002787,Waira,10000033,The Citadel,1.22,0,1
30002785,Santola,10000033,The Citadel,30002786,Ikao,10000033,The Citadel,2.564,0,0
30005255,Saphthar,10000067,Genesis,30005257,Bantish,10000067,Genesis,1.624,0,0
30005255,Saphthar,10000067,Genesis,30005256,Itrin,10000067,Genesis,0.999,0,0
30001442,Saranen,10000016,Lonetrek,30001990,93PI-4,10000023,Pure Blind,3.518,1,0
30001377,Sarekuwa,10000016,Lonetrek,30002781,Halaima,10000033,The Citadel,2.7,1,0
30001377,Sarekuwa,10000016,Lonetrek,30031407,Hitanishio,10000016,Lonetrek,0.448,0,1
30001377,Sarekuwa,10000016,Lonetrek,30001379,Tunttaras,10000016,Lonetrek,1.531,0,0
30000043,Sari,10000001,Derelik,30000100,Timeor,10000001,Derelik,0.726,0,0
30003584,Sarline,10000044,Solitude,30003585,Aeter,10000044,Solitude,0.709,0,0
30003584,Sarline,10000044,Solitude,30003587,Harner,10000044,Solitude,2.574,0,0
30003522,Sarum Prime,10000043,Domain,30003523,Hama,10000043,Domain,1.5,0,0
30003522,Sarum Prime,10000043,Domain,30003524,Irnal,10000043,Domain,0.775,0,0
30003074,Sasiekko,10000038,The Bleak Lands,30003075,Myyhera,10000038,The Bleak Lands,0.872,0,0
30002971,Sasoutikh,10000036,Devoid,30002972,Gheth,10000036,Devoid,1.85,0,0
30003931,Sassecho,10000049,Khanid,30003935,Irmalin,10000049,Khanid,2.383,0,0
30003931,Sassecho,10000049,Khanid,30003932,Timudan,10000049,Khanid,0.428,0,0
30000005,Sasta,10000001,Derelik,30000032,Hasiari,10000001,Derelik,1.002,0,0
30003508,Sayartchen,10000043,Domain,30003512,Abaim,10000043,Domain,1.371,0,0
30003508,Sayartchen,10000043,Domain,30003509,Gosalav,10000043,Domain,0.541,0,0
30003508,Sayartchen,10000043,Domain,30004080,Romi,10000052,Kador,0.655,1,0
30003508,Sayartchen,10000043,Domain,30003510,Sorzielang,10000043,Domain,1.246,0,0
30004270,Sazilid,10000054,Aridia,30004280,Nalnifan,10000054,Aridia,2.157,0,0
30003865,Sazre,10000049,Khanid,30003888,Badivefi,10000049,Khanid,1.218,0,0
30005310,Scheenins,10000068,Verge Vendor,30005318,Vay,10000068,Verge Vendor,0.928,0,0
30005063,Schmaeel,10000065,Kor-Azor,30005064,Mafra,10000065,Kor-Azor,1.348,0,0
30005063,Schmaeel,10000065,Kor-Azor,30005068,Oguser,10000065,Kor-Azor,0.837,0,0
30005063,Schmaeel,10000065,Kor-Azor,30005067,Zorenyen,10000065,Kor-Azor,2.478,0,0
30002654,Schoorasana,10000032,Sinq Laison,30003061,Mormelot,10000037,Everyshore,7.459,1,0
30005322,Scolluzer,10000068,Verge Vendor,30005332,Osmomonne,10000068,Verge Vendor,1.462,0,0
30005322,Scolluzer,10000068,Verge Vendor,30005323,Sortet,10000068,Verge Vendor,1.003,0,0
30003054,Scuelazyns,10000037,Everyshore,30003056,Muer,10000037,Everyshore,0.519,0,0
30004139,Sechmaren,10000052,Kador,30004141,Hiremir,10000052,Kador,1.296,0,1
30004139,Sechmaren,10000052,Kador,30004140,Zinoo,10000052,Kador,0.528,0,0
30001659,Sehmosh,10000020,Tash-Murkon,30001660,Dabrid,10000020,Tash-Murkon,0.946,0,1
30005042,Sehmy,10000065,Kor-Azor,30005044,Danyana,10000065,Kor-Azor,1.869,0,0
30003869,Sehsasez,10000049,Khanid,30003873,Kahah,10000049,Khanid,0.682,0,0
30003869,Sehsasez,10000049,Khanid,30003870,Osis,10000049,Khanid,0.422,0,0
30001657,Seil,10000020,Tash-Murkon,30001658,Mani,10000020,Tash-Murkon,1.489,0,0
30001657,Seil,10000020,Tash-Murkon,30001659,Sehmosh,10000020,Tash-Murkon,0.509,0,0
30002243,Seiradih,10000043,Domain,30002244,Arera,10000043,Domain,1.515,0,0
30002243,Seiradih,10000043,Domain,30002250,Hai,10000043,Domain,0.672,0,0
30002243,Seiradih,10000043,Domain,30002246,Neziel,10000043,Domain,1.121,0,0
30020141,Senda,10000070,Pochven,30045328,Ahtila,10000070,Pochven,10.866,0,0
30000015,Sendaya,10000001,Derelik,30001047,Doril,10000012,Curse,7.698,1,0
30000015,Sendaya,10000001,Derelik,30000018,Kazna,10000001,Derelik,1.117,0,1
30000015,Sendaya,10000001,Derelik,30000046,Mifrata,10000001,Derelik,0.662,0,0
30005222,Serren,10000067,Genesis,30005224,Assez,10000067,Genesis,0.862,0,0
30005222,Serren,10000067,Genesis,30005223,Hadji,10000067,Genesis,0.656,0,0
30003898,Seshala,10000049,Khanid,30003902,Hemouner,10000049,Khanid,2.54,0,1
30005020,Seyllin,10000064,Essence,30005022,Ane,10000064,Essence,0.817,0,1
30002267,Shabura,10000043,Domain,30002268,Adia,10000043,Domain,0.722,0,1
30000097,Shach,10000001,Derelik,30000098,Kehrara,10000001,Derelik,1.806,0,0
30000097,Shach,10000001,Derelik,30000100,Timeor,10000001,Derelik,0.764,0,0
30004283,Shafrak,10000054,Aridia,30004284,Defsunun,10000054,Aridia,1.644,0,0
30004283,Shafrak,10000054,Aridia,30004285,Zazamye,10000054,Aridia,0.716,0,0
30004150,Shaggoth,10000052,Kador,30004152,Kooreng,10000052,Kador,0.931,0,0
30004150,Shaggoth,10000052,Kador,30004151,Ustnia,10000052,Kador,1.061,0,0
30005057,Shaha,10000065,Kor-Azor,30005059,Misha,10000065,Kor-Azor,1.213,0,0
30005057,Shaha,10000065,Kor-Azor,30005058,Neesher,10000065,Kor-Azor,0.854,0,0
30003477,Shajarleg,10000043,Domain,30003478,Basan,10000043,Domain,0.609,0,0
30004231,Shakasi,10000054,Aridia,30004234,Maalna,10000054,Aridia,0.555,0,0
30004231,Shakasi,10000054,Aridia,30004235,Maseera,10000054,Aridia,0.767,0,0
30000054,Shala,10000001,Derelik,30000055,Zemalu,10000001,Derelik,0.852,0,0
30005270,Shalne,10000067,Genesis,30005273,Galnafsad,10000067,Genesis,1.066,0,0
30005270,Shalne,10000067,Genesis,30005272,Olin,10000067,Genesis,0.688,0,0
30005270,Shalne,10000067,Genesis,30005271,Shapisin,10000067,Genesis,0.953,0,0
30000014,Shamahi,10000001,Derelik,30000090,Ilahed,10000001,Derelik,0.64,0,1
30000014,Shamahi,10000001,Derelik,30000098,Kehrara,10000001,Derelik,0.507,0,0
30005271,Shapisin,10000067,Genesis,30005273,Galnafsad,10000067,Genesis,1.693,0,0
30001739,Sharios,10000020,Tash-Murkon,30001741,Ahteer,10000020,Tash-Murkon,0.756,0,1
30003500,Sharji,10000043,Domain,30003505,Fabum,10000043,Domain,0.497,0,0
30003500,Sharji,10000043,Domain,30003509,Gosalav,10000043,Domain,0.803,0,0
30003500,Sharji,10000043,Domain,30003501,Kudi,10000043,Domain,0.564,0,0
30003500,Sharji,10000043,Domain,30003508,Sayartchen,10000043,Domain,1.135,0,0
30002638,Sharuveil,10000032,Sinq Laison,30002671,Nausschie,10000032,Sinq Laison,2.061,0,0
30005276,Sharza,10000067,Genesis,30005279,Anara,10000067,Genesis,1.247,0,1
30005276,Sharza,10000067,Genesis,30005277,Pirna,10000067,Genesis,0.604,0,1
30005276,Sharza,10000067,Genesis,30005278,Seshi,10000067,Genesis,0.667,0,1
30002999,Shastal,10000036,Devoid,30003000,Thakala,10000036,Devoid,0.797,0,1
30000106,Shedoo,10000001,Derelik,30000109,Berta,10000001,Derelik,1.573,0,0
30000106,Shedoo,10000001,Derelik,30000107,Gamis,10000001,Derelik,1.526,0,0
30004155,Shemah,10000052,Kador,30004156,Asrios,10000052,Kador,0.639,0,1
30004155,Shemah,10000052,Kador,30004157,Ithar,10000052,Kador,0.496,0,1
30004268,Shenda,10000054,Aridia,30004269,Rashagh,10000054,Aridia,1.163,0,0
30004268,Shenda,10000054,Aridia,30004270,Sazilid,10000054,Aridia,1.123,0,0
30000011,Shenela,10000001,Derelik,30000038,Dooz,10000001,Derelik,1.243,0,0
30005192,Shera,10000067,Genesis,30005196,Ahbazon,10000067,Genesis,3.149,0,0
30005192,Shera,10000067,Genesis,30005193,Lor,10000067,Genesis,1.247,0,0
30005217,Sheroo,10000067,Genesis,30005218,Sosh,10000067,Genesis,0.692,0,0
30001673,Shesha,10000020,Tash-Murkon,30001716,Goni,10000020,Tash-Murkon,1.12,0,0
30001673,Shesha,10000020,Tash-Murkon,30001674,Hilaban,10000020,Tash-Murkon,0.518,0,0
30003725,Shintaht,10000047,Providence,30003727,D-6WS1,10000047,Providence,0.694,0,1
30004233,Shirshocin,10000054,Aridia,30004236,Yehaba,10000054,Aridia,0.686,0,0
30005076,Shokal,10000065,Kor-Azor,30005077,Atarli,10000065,Kor-Azor,0.87,0,0
30005076,Shokal,10000065,Kor-Azor,30005078,Keproh,10000065,Kor-Azor,0.625,0,0
30005076,Shokal,10000065,Kor-Azor,30005079,Zatamaka,10000065,Kor-Azor,0.856,0,0
30001667,Shousran,10000020,Tash-Murkon,30002219,Nomash,10000043,Domain,3.59,1,0
30001667,Shousran,10000020,Tash-Murkon,30001668,Yong,10000020,Tash-Murkon,2.7,0,0
30002201,Shuria,10000043,Domain,30002236,Milal,10000043,Domain,2.456,0,1
30002201,Shuria,10000043,Domain,30002202,Narai,10000043,Domain,0.571,0,0
30005209,Sibe,10000067,Genesis,30005244,Gergish,10000067,Genesis,1.915,0,0
30005209,Sibe,10000067,Genesis,30005210,Makhwasan,10000067,Genesis,0.848,0,0
30003484,Sibot,10000043,Domain,30003555,Bittanshal,10000043,Domain,3.11,0,0
30003484,Sibot,10000043,Domain,30003486,Kheram,10000043,Domain,1.223,0,0
30002959,Sifilar,10000036,Devoid,30002960,Arzad,10000036,Devoid,0.892,0,0
30002959,Sifilar,10000036,Devoid,30002961,Oyeman,10000036,Devoid,0.82,0,0
30005219,Sigga,10000067,Genesis,30005220,Keseya,10000067,Genesis,1.111,0,0
30002195,Simbeloud,10000043,Domain,30002196,Ebidan,10000043,Domain,0.908,0,0
30001729,Sinid,10000020,Tash-Murkon,30001730,Alra,10000020,Tash-Murkon,0.665,0,0
30001729,Sinid,10000020,Tash-Murkon,30001731,Ilas,10000020,Tash-Murkon,0.74,0,0
30001729,Sinid,10000020,Tash-Murkon,30001732,Zith,10000020,Tash-Murkon,1.019,0,0
30002092,Sirekur,10000042,Metropolis,30002094,Ebolfer,10000042,Metropolis,0.869,0,0
30003540,Sirkahri,10000043,Domain,30003544,Galeh,10000043,Domain,0.698,0,0
30002791,Sirppala,10000033,The Citadel,30002805,Anttiri,10000033,The Citadel,0.945,0,0
30000127,Sirseshin,10000002,The Forge,30002788,Inaro,10000033,The Citadel,1.449,1,0
30000127,Sirseshin,10000002,The Forge,30000128,Tuuriainas,10000002,The Forge,1.183,0,0
30002539,Siseide,10000030,Heimatar,30002542,Auga,10000030,Heimatar,0.491,0,0
30002539,Siseide,10000030,Heimatar,30002541,Dal,10000030,Heimatar,1.071,0,0
30002539,Siseide,10000030,Heimatar,30002693,Egghelende,10000032,Sinq Laison,2.884,1,0
30002539,Siseide,10000030,Heimatar,30002540,Lantorn,10000030,Heimatar,0.979,0,0
30002229,Sitanan,10000043,Domain,30002233,Dakba,10000043,Domain,0.984,0,1
30002765,Sivala,10000033,The Citadel,30002766,Iivinen,10000033,The Citadel,1.45,0,0
30002765,Sivala,10000033,The Citadel,30002767,Kubinen,10000033,The Citadel,1.763,0,0
30002765,Sivala,10000033,The Citadel,30002768,Uedama,10000033,The Citadel,1.829,0,0
30002411,Skarkon,10000070,Pochven,30003495,Raravoss,10000070,Pochven,20.235,0,0
30003798,Slays,10000048,Placid,30003847,Amoen,10000048,Placid,2.878,0,0
30001363,Sobaseki,10000016,Lonetrek,30001364,Funtanainen,10000016,Lonetrek,0.711,0,0
30001363,Sobaseki,10000016,Lonetrek,30001389,Isanamo,10000016,Lonetrek,1.537,0,0
30001363,Sobaseki,10000016,Lonetrek,30001405,Kakakela,10000016,Lonetrek,2.795,0,0
30001363,Sobaseki,10000016,Lonetrek,30001393,Malkalen,10000016,Lonetrek,1.94,0,0
30002237,Sobenah,10000043,Domain,30002238,Bourar,10000043,Domain,0.875,0,0
30004273,Soliara,10000054,Aridia,30004279,Ahraghen,10000054,Aridia,0.871,0,0
30004273,Soliara,10000054,Aridia,30004277,Ajna,10000054,Aridia,0.502,0,0
30004273,Soliara,10000054,Aridia,30004276,Fageras,10000054,Aridia,1.255,0,1
30004273,Soliara,10000054,Aridia,30004274,Nielez,10000054,Aridia,0.688,0,0
30004273,Soliara,10000054,Aridia,30004275,Tukanas,10000054,Aridia,0.906,0,0
30003511,Somouh,10000043,Domain,30003512,Abaim,10000043,Domain,0.653,0,0
30003511,Somouh,10000043,Domain,30043489,Horir,10000043,Domain,0.448,0,1
30004099,Sonama,10000052,Kador,30004100,Halibai,10000052,Kador,0.587,0,1
30004099,Sonama,10000052,Kador,30004102,Inis-Ilix,10000052,Kador,1.602,0,0
30004099,Sonama,10000052,Kador,30004101,Suner,10000052,Kador,1.225,0,0
30000009,Sooma,10000001,Derelik,30000010,Chidah,10000001,Derelik,1.003,0,1
30002983,Soosat,10000036,Devoid,30002984,Ibash,10000036,Devoid,1.536,0,0
30005323,Sortet,10000068,Verge Vendor,30005324,Claulenne,10000068,Verge Vendor,0.96,0,0
30003510,Sorzielang,10000043,Domain,30003512,Abaim,10000043,Domain,0.641,0,0
30003510,Sorzielang,10000043,Domain,30003511,Somouh,10000043,Domain,0.538,0,0
30000089,Sosa,10000001,Derelik,30000092,Aranir,10000001,Derelik,0.813,0,1
30000089,Sosa,10000001,Derelik,30000091,Eshwil,10000001,Derelik,1.348,0,1
30000089,Sosa,10000001,Derelik,30000090,Ilahed,10000001,Derelik,0.592,0,1
30003070,Sosala,10000038,The Bleak Lands,30003071,Anka,10000038,The Bleak Lands,0.689,0,0
30003070,Sosala,10000038,The Bleak Lands,30003076,Gammel,10000038,The Bleak Lands,0.989,0,0
30003070,Sosala,10000038,The Bleak Lands,30003074,Sasiekko,10000038,The Bleak Lands,2.982,0,0
30003070,Sosala,10000038,The Bleak Lands,30003077,Uusanen,10000038,The Bleak Lands,2.334,0,0
30002980,Sosan,10000036,Devoid,30003088,Oyonata,10000038,The Bleak Lands,2.779,1,0
30005218,Sosh,10000067,Genesis,30005219,Sigga,10000067,Genesis,0.684,0,0
30000175,Soshin,10000002,The Forge,30000178,Akkilen,10000002,The Forge,1.007,0,0
30000175,Soshin,10000002,The Forge,30000179,Silen,10000002,The Forge,1.033,0,1
30001369,Sotrentaira,10000016,Lonetrek,30001373,Raussinen,10000016,Lonetrek,0.464,0,1
30002575,Sotrenzur,10000030,Heimatar,30002580,Katugumur,10000030,Heimatar,0.898,0,0
30005052,Soumi,10000065,Kor-Azor,30005054,Nare,10000065,Kor-Azor,0.814,0,0
30004292,Soza,10000054,Aridia,30004294,Illi,10000054,Aridia,1.924,0,0
30003794,Stacmon,10000048,Placid,30005307,Aidart,10000068,Verge Vendor,1.305,1,0
30003794,Stacmon,10000048,Placid,30003795,Covryn,10000048,Placid,1.639,0,0
30003794,Stacmon,10000048,Placid,30003797,Dastryns,10000048,Placid,1.512,0,0
30003794,Stacmon,10000048,Placid,30003798,Slays,10000048,Placid,0.881,0,0
30100043,Steadfast,10001004,Exordium,30100078,Adaz,10001004,Exordium,1.535,0,1
30100043,Steadfast,10001004,Exordium,30100044,Couth,10001004,Exordium,0.243,0,0
30002696,Stegette,10000032,Sinq Laison,30002698,Aliette,10000032,Sinq Laison,0.946,0,0
30002696,Stegette,10000032,Sinq Laison,30002697,Ravarin,10000032,Sinq Laison,0.648,0,1
30002711,Stetille,10000032,Sinq Laison,30032715,Olelon,10000032,Sinq Laison,0.381,0,1
30003376,Stirht,10000042,Metropolis,30003377,Illuin,10000042,Metropolis,1.148,0,0
30002809,Sujarento,10000033,The Citadel,30002810,Eranakko,10000033,The Citadel,0.906,0,0
30002809,Sujarento,10000033,The Citadel,30002811,Onatoh,10000033,The Citadel,0.227,0,0
30002809,Sujarento,10000033,The Citadel,30002813,Tama,10000033,The Citadel,0.903,0,0
30004101,Suner,10000052,Kador,30004102,Inis-Ilix,10000052,Kador,0.631,0,0
30004101,Suner,10000052,Kador,30005041,Masanuh,10000065,Kor-Azor,1.971,1,0
30002801,Suroken,10000033,The Citadel,30002805,Anttiri,10000033,The Citadel,1.181,0,0
30002801,Suroken,10000033,The Citadel,30002803,Juunigaishi,10000033,The Citadel,0.646,0,0
30002801,Suroken,10000033,The Citadel,30002802,Kusomonmon,10000033,The Citadel,0.606,0,0
30005015,Synchelle,10000064,Essence,30034971,Henebene,10000064,Essence,0.448,0,1
30005015,Synchelle,10000064,Essence,30005198,Pakhshi,10000067,Genesis,1.829,1,0
30005015,Synchelle,10000064,Essence,30005016,Wysalan,10000064,Essence,0.995,0,0
30004143,Syrikos,10000052,Kador,30004144,Yebouz,10000052,Kador,0.374,0,1
30000488,T-0JWP,10000005,Detorid,30000490,DX-TAR,10000005,Detorid,0.667,0,0
30004211,T-67F8,10000053,Cobalt Edge,30004212,58Z-IH,10000053,Cobalt Edge,0.642,0,0
30001151,T-8GWA,10000013,Malpais,30001152,UW-6MW,10000013,Malpais,1.274,0,1
30001911,T-8UOF,10000022,Stain,30001912,DP-2WP,10000022,Stain,1.39,0,1
30001911,T-8UOF,10000022,Stain,30001914,I-ME3L,10000022,Stain,0.893,0,1
30001911,T-8UOF,10000022,Stain,30001913,MMR-LZ,10000022,Stain,1.021,0,0
30001911,T-8UOF,10000022,Stain,30001919,Z-R96X,10000022,Stain,0.545,0,0
30002890,T-945F,10000035,Deklein,30002891,FO8M-2,10000035,Deklein,0.526,0,0
30002890,T-945F,10000035,Deklein,30002894,R8S-1K,10000035,Deklein,1.041,0,0
30000261,T-GCGL,10000003,Vale of the Silent,30000262,0MV-4W,10000003,Vale of the Silent,0.841,0,0
30000261,T-GCGL,10000003,Vale of the Silent,30000263,TVN-FM,10000003,Vale of the Silent,1.008,0,0
30000261,T-GCGL,10000003,Vale of the Silent,30000264,V-NL3K,10000003,Vale of the Silent,0.858,0,0
30003195,T-HMWP,10000040,Oasa,30003196,DYS-CG,10000040,Oasa,1.198,0,0
30003195,T-HMWP,10000040,Oasa,30003255,LA2-KV,10000040,Oasa,1.124,0,1
30004745,T-M0FA,10000060,Delve,30004746,4O-239,10000060,Delve,0.835,0,0
30004745,T-M0FA,10000060,Delve,30004749,Q-JQSG,10000060,Delve,0.438,0,0
30004745,T-M0FA,10000060,Delve,30004748,T-IPZB,10000060,Delve,3.45,0,0
30001959,T-NNJZ,10000022,Stain,30001962,NRT4-U,10000022,Stain,0.687,0,0
30004352,T-Q2DD,10000055,Branch,30004354,QXQ-BA,10000055,Branch,3.007,0,0
30004676,T-ZFID,10000059,Paragon Soul,30004677,0ZN7-G,10000059,Paragon Soul,0.882,0,0
30000303,T-ZWA1,10000003,Vale of the Silent,30000899,QFF-O6,10000010,Tribute,5.404,1,0
30001771,T0DT-T,10000021,Outer Passage,30001795,P-T9VC,10000021,Outer Passage,10.956,0,0
30004735,T5ZI-S,10000060,Delve,30004759,1DQ1-A,10000060,Delve,1.4,0,0
30004870,T6GY-Y,10000061,Tenerifis,30004878,46DP-O,10000061,Tenerifis,0.707,0,0
30004870,T6GY-Y,10000061,Tenerifis,30004872,7KIK-H,10000061,Tenerifis,1.078,0,1
30004870,T6GY-Y,10000061,Tenerifis,30004871,R1-IMO,10000061,Tenerifis,0.687,0,0
30001548,T6T-BQ,10000018,The Spire,30001549,N-PS2Y,10000018,The Spire,0.956,0,0
30001916,T7-JNB,10000022,Stain,30001917,LB0-A1,10000022,Stain,1.489,0,0
30003943,T8H-66,10000050,Querious,30003945,7V-KHW,10000050,Querious,1.358,0,0
30003943,T8H-66,10000050,Querious,30003944,A3-LOG,10000050,Querious,0.986,0,0
30003943,T8H-66,10000050,Querious,30003946,O3L-95,10000050,Querious,0.885,0,0
30003966,T8T-RA,10000050,Querious,30003967,A-BO4V,10000050,Querious,1.475,0,0
30001228,TA3T-3,10000014,Catch,30001229,E-YJ8G,10000014,Catch,0.984,0,1
30001228,TA3T-3,10000014,Catch,30001230,J6QB-P,10000014,Catch,0.725,0,0
30002841,TA9T-P,10000034,The Kalevala Expanse,30002844,Q-GICU,10000034,The Kalevala Expanse,0.68,0,0
30005143,TAL1-3,10000066,Perrigen Falls,30005144,QHY-RU,10000066,Perrigen Falls,0.837,0,0
30004937,TCAG-3,10000063,Period Basis,30004938,UR-E46,10000063,Period Basis,1.402,0,1
30001051,TD-4XL,10000013,Malpais,30001066,13-49W,10000013,Malpais,0.844,0,0
30001051,TD-4XL,10000013,Malpais,30001053,8AB-Q4,10000013,Malpais,1.729,0,0
30001051,TD-4XL,10000013,Malpais,30001052,IBOX-2,10000013,Malpais,0.615,0,0
30001051,TD-4XL,10000013,Malpais,30001054,VW-PXL,10000013,Malpais,1.035,0,0
30002502,TDE4-H,10000029,Geminate,30002503,UER-TH,10000029,Geminate,0.468,0,1
30005089,TDP-T3,10000066,Perrigen Falls,30005133,MJ-5F9,10000066,Perrigen Falls,1.11,0,0
30005089,TDP-T3,10000066,Perrigen Falls,30005091,OJT-J3,10000066,Perrigen Falls,1.844,0,0
30004638,TEG-SD,10000058,Fountain,30004640,87XQ-0,10000058,Fountain,0.914,0,0
30004638,TEG-SD,10000058,Fountain,30004655,XUW-3X,10000058,Fountain,0.786,0,1
30003128,TEIZ-C,10000039,Esoteria,30003132,OIOM-Y,10000039,Esoteria,1.808,0,0
30001760,TFPT-U,10000021,Outer Passage,30001761,D-JVGJ,10000021,Outer Passage,3.855,0,0
30001842,TG-Z23,10000022,Stain,30001844,4J-ZC9,10000022,Stain,1.004,0,0
30001842,TG-Z23,10000022,Stain,30001843,IP-MVJ,10000022,Stain,1.035,0,1
30001842,TG-Z23,10000022,Stain,30001851,JS-E8E,10000022,Stain,1.219,0,0
30002474,TJM-JJ,10000029,Geminate,30002475,EOA-ZC,10000029,Geminate,0.706,0,0
30002474,TJM-JJ,10000029,Geminate,30002476,G-73MR,10000029,Geminate,1.552,0,0
30002474,TJM-JJ,10000029,Geminate,30002479,QP0K-B,10000029,Geminate,0.651,0,0
30000742,TK-DLH,10000009,Insmother,30000831,O-9G5Y,10000009,Insmother,1.216,0,0
30001908,TL-T9Z,10000022,Stain,30001909,E7-WSY,10000022,Stain,0.623,0,0
30002584,TM-0P2,10000031,Impass,30002585,4OIV-X,10000031,Impass,1.845,0,0
30001127,TP-APY,10000013,Malpais,30001128,9NI-FW,10000013,Malpais,0.811,0,1
30002327,TP-RTO,10000027,Etherium Reach,30002329,1H5-3W,10000027,Etherium Reach,0.83,0,1
30002327,TP-RTO,10000027,Etherium Reach,30002328,GTY-FW,10000027,Etherium Reach,1.098,0,0
30000588,TP7-KE,10000006,Wicked Creek,30000716,B-1UJC,10000008,Scalding Pass,1.539,1,0
30000588,TP7-KE,10000006,Wicked Creek,30000589,R4N-LD,10000006,Wicked Creek,1.12,0,1
30004935,TPAR-G,10000063,Period Basis,30004937,TCAG-3,10000063,Period Basis,2.158,0,0
30004452,TR07-S,10000056,Feythabolis,30004454,2-F3OE,10000056,Feythabolis,0.883,0,1
30000869,TRKN-L,10000010,Tribute,30000870,O-0ERG,10000010,Tribute,0.944,0,0
30004423,TSG-NO,10000056,Feythabolis,30004884,9MWZ-B,10000062,Omist,1.504,1,0
30000812,TTP-2B,10000009,Insmother,30000813,LVL-GZ,10000009,Insmother,0.444,0,0
30003733,TU-O0T,10000047,Providence,30003734,Y9-MDG,10000047,Providence,0.924,0,0
30003742,TU-RI6,10000047,Providence,30003746,AY-YCU,10000047,Providence,1.355,0,0
30004634,TU-Y2A,10000058,Fountain,30004635,7BIX-A,10000058,Fountain,0.675,0,0
30003958,TV8-HS,10000050,Querious,30003960,YOP-0T,10000050,Querious,1.88,0,0
30000263,TVN-FM,10000003,Vale of the Silent,30000265,AZBR-2,10000003,Vale of the Silent,1.099,0,0
30002614,TWJ-AW,10000031,Impass,30002616,442-CS,10000031,Impass,1.453,0,1
30002614,TWJ-AW,10000031,Impass,30002615,PZMA-E,10000031,Impass,1.079,0,1
30002901,TXME-A,10000035,Deklein,30002902,YA0-XJ,10000035,Deklein,1.68,0,0
30003323,TXW-EI,10000041,Syndicate,30003324,3MOG-V,10000041,Syndicate,2.343,0,0
30003323,TXW-EI,10000041,Syndicate,30003325,NG-C6Y,10000041,Syndicate,1.171,0,1
30003323,TXW-EI,10000041,Syndicate,30003820,Vestouve,10000048,Placid,3.888,1,0
30004844,TY2X-C,10000061,Tenerifis,30004845,Q0G-L8,10000061,Tenerifis,1.731,0,0
30000485,TYB-69,10000005,Detorid,30000487,7-P1JO,10000005,Detorid,1.15,0,0
30000485,TYB-69,10000005,Detorid,30000486,EDQG-L,10000005,Detorid,1.365,0,1
30002353,TZ-74M,10000027,Etherium Reach,30002878,FZX-PU,10000034,The Kalevala Expanse,3.936,1,0
30000601,TZE-UB,10000006,Wicked Creek,30000604,XEN7-0,10000006,Wicked Creek,1.182,0,1
30002494,TZL-WT,10000029,Geminate,30002495,4K0N-J,10000029,Geminate,0.613,0,1
30000747,TZN-2V,10000009,Insmother,30000749,4DS-OI,10000009,Insmother,0.776,0,0
30000747,TZN-2V,10000009,Insmother,30000748,8EF-58,10000009,Insmother,1.522,0,1
30005070,Tadadan,10000065,Kor-Azor,30005072,Gademam,10000065,Kor-Azor,0.71,0,0
30002100,Taff,10000042,Metropolis,30002102,Gukarla,10000042,Metropolis,1.125,0,0
30002100,Taff,10000042,Metropolis,30002101,Ualkin,10000042,Metropolis,0.891,0,0
30005245,Tahli,10000067,Genesis,30005248,Hirizan,10000067,Genesis,0.793,0,0
30005245,Tahli,10000067,Genesis,30005247,Kobam,10000067,Genesis,0.28,0,0
30100081,Taikud,10001004,Exordium,30100084,Ichorah,10001004,Exordium,0.215,0,0
30100081,Taikud,10001004,Exordium,30100083,Sakizra,10001004,Exordium,0.119,0,0
30100081,Taikud,10001004,Exordium,30100082,Vaejra,10001004,Exordium,0.225,0,0
30001447,Taisy,10000016,Lonetrek,30001448,Hakonen,10000016,Lonetrek,0.536,0,0
30003889,Talidal,10000049,Khanid,30003895,Ainsan,10000049,Khanid,0.744,0,0
30002813,Tama,10000033,The Citadel,30045346,Kedama,10000069,Black Rise,2.423,1,0
30001437,Tamo,10000016,Lonetrek,30001438,Nannaras,10000016,Lonetrek,1.628,0,0
30002812,Tannolen,10000033,The Citadel,30005334,Tierijev,10000068,Verge Vendor,9.356,1,0
30000001,Tanoo,10000001,Derelik,30000003,Akpivem,10000001,Derelik,1.307,0,0
30000001,Tanoo,10000001,Derelik,30000005,Sasta,10000001,Derelik,1.491,0,0
30000001,Tanoo,10000001,Derelik,30000007,Yuzier,10000001,Derelik,1.28,0,0
30005199,Tar,10000067,Genesis,30005201,Manarq,10000067,Genesis,0.855,0,0
30005199,Tar,10000067,Genesis,30005303,Merolles,10000068,Verge Vendor,1.859,1,0
30005199,Tar,10000067,Genesis,30005200,Tekaima,10000067,Genesis,1.293,0,0
30002979,Tararan,10000036,Devoid,30002981,Halmah,10000036,Devoid,1.533,0,0
30002979,Tararan,10000036,Devoid,30002980,Sosan,10000036,Devoid,0.527,0,0
30005205,Tarta,10000067,Genesis,30005288,Girani-Fa,10000067,Genesis,1.207,0,0
30005205,Tarta,10000067,Genesis,30005221,Zoohen,10000067,Genesis,0.592,0,0
30001441,Tartoken,10000016,Lonetrek,30001442,Saranen,10000016,Lonetrek,0.748,0,0
30001703,Taru,10000020,Tash-Murkon,30001705,Azhgabid,10000020,Tash-Murkon,1.108,0,0
30001703,Taru,10000020,Tash-Murkon,30001706,Jinizu,10000020,Tash-Murkon,0.382,0,1
30002778,Tasabeshi,10000033,The Citadel,30002779,Ono,10000033,The Citadel,0.679,0,1
30001671,Tash-Murkon Prime,10000020,Tash-Murkon,30002282,Bhizheba,10000043,Domain,7.054,1,0
30001671,Tash-Murkon Prime,10000020,Tash-Murkon,30001672,Emrayur,10000020,Tash-Murkon,1.552,0,0
30001671,Tash-Murkon Prime,10000020,Tash-Murkon,30001674,Hilaban,10000020,Tash-Murkon,2.934,0,0
30001671,Tash-Murkon Prime,10000020,Tash-Murkon,30001722,Marthia,10000020,Tash-Murkon,0.837,0,0
30001671,Tash-Murkon Prime,10000020,Tash-Murkon,30001700,Remoriu,10000020,Tash-Murkon,1.99,0,0
30001671,Tash-Murkon Prime,10000020,Tash-Murkon,30001701,Yanuel,10000020,Tash-Murkon,1.406,0,0
30002274,Tastela,10000043,Domain,30002275,Clarelam,10000043,Domain,1.087,0,1
30000195,Tasti,10000002,The Forge,30000196,Otosela,10000002,The Forge,0.538,0,0
30003907,Tegheon,10000049,Khanid,30003916,Rilera,10000049,Khanid,1.59,0,0
30005200,Tekaima,10000067,Genesis,30005205,Tarta,10000067,Genesis,1.32,0,0
30001645,Tendhyes,10000020,Tash-Murkon,30001647,Anjedin,10000020,Tash-Murkon,1.311,0,0
30001645,Tendhyes,10000020,Tash-Murkon,30001646,Goram,10000020,Tash-Murkon,0.937,0,0
30001645,Tendhyes,10000020,Tash-Murkon,30001662,Hibi,10000020,Tash-Murkon,1.413,0,0
30002763,Tennen,10000033,The Citadel,30002764,Hatakani,10000033,The Citadel,1.05,0,0
30002763,Tennen,10000033,The Citadel,30002766,Iivinen,10000033,The Citadel,1.61,0,0
30002385,Teonusude,10000028,Molden Heath,30002387,Bosena,10000028,Molden Heath,0.977,0,0
30002385,Teonusude,10000028,Molden Heath,30002386,Gelfiven,10000028,Molden Heath,0.809,0,0
30002385,Teonusude,10000028,Molden Heath,30002570,Magiko,10000030,Heimatar,5.903,1,0
30003507,Teshi,10000043,Domain,30003508,Sayartchen,10000043,Domain,0.701,0,0
30003507,Teshi,10000043,Domain,30003511,Somouh,10000043,Domain,0.896,0,0
30003507,Teshi,10000043,Domain,30003510,Sorzielang,10000043,Domain,0.915,0,0
30001681,Teshkat,10000020,Tash-Murkon,30001682,Keshirou,10000020,Tash-Murkon,1.241,0,0
30001681,Teshkat,10000020,Tash-Murkon,30001685,Ordat,10000020,Tash-Murkon,1.105,0,0
30001681,Teshkat,10000020,Tash-Murkon,30001686,Rethan,10000020,Tash-Murkon,0.479,0,0
30001733,Tew,10000020,Tash-Murkon,30001734,Zehru,10000020,Tash-Murkon,0.8,0,0
30001677,Thashkarai,10000020,Tash-Murkon,30001694,Abai,10000020,Tash-Murkon,2.22,0,0
30001677,Thashkarai,10000020,Tash-Murkon,30001678,Atoosh,10000020,Tash-Murkon,0.6,0,0
30001677,Thashkarai,10000020,Tash-Murkon,30001700,Remoriu,10000020,Tash-Murkon,0.872,0,0
30002966,Thasinaz,10000036,Devoid,30002967,Dihra,10000036,Devoid,0.377,0,0
30002226,Thebeka,10000043,Domain,30003524,Irnal,10000043,Domain,1.807,0,0
30002226,Thebeka,10000043,Domain,30002227,Rasile,10000043,Domain,0.98,0,0
30002226,Thebeka,10000043,Domain,30002229,Sitanan,10000043,Domain,0.959,0,1
30002226,Thebeka,10000043,Domain,30003493,Youl,10000043,Domain,1.839,0,0
30002720,Thelan,10000032,Sinq Laison,30002721,Rorsins,10000032,Sinq Laison,1.663,0,1
30100057,Tiberis,10001004,Exordium,30100060,Axiosere,10001004,Exordium,0.198,0,0
30100057,Tiberis,10001004,Exordium,30100059,Ligare,10001004,Exordium,0.113,0,0
30100057,Tiberis,10001004,Exordium,30100058,Rotonos,10001004,Exordium,0.241,0,0
30000076,Tidacha,10000001,Derelik,30000079,Milu,10000001,Derelik,0.534,0,1
30000076,Tidacha,10000001,Derelik,30000077,Odlib,10000001,Derelik,0.545,0,1
30003932,Timudan,10000049,Khanid,30003934,Cabeki,10000049,Khanid,1.133,0,1
30003932,Timudan,10000049,Khanid,30003933,Ibani,10000049,Khanid,1.147,0,0
30100074,Tindfjalla,10001004,Exordium,30100077,Dettisolin,10001004,Exordium,0.262,0,0
30100074,Tindfjalla,10001004,Exordium,30100076,Hofs,10001004,Exordium,0.493,0,0
30100074,Tindfjalla,10001004,Exordium,30100075,Lang,10001004,Exordium,0.339,0,0
30002784,Tintoh,10000033,The Citadel,30002785,Santola,10000033,The Citadel,0.619,0,0
30004298,Tisot,10000054,Aridia,30004300,Naga,10000054,Aridia,1.778,0,0
30004298,Tisot,10000054,Aridia,30004302,Omigiav,10000054,Aridia,1.276,0,0
30004298,Tisot,10000054,Aridia,30004299,Sakht,10000054,Aridia,1.427,0,0
30001644,Tividu,10000020,Tash-Murkon,30001647,Anjedin,10000020,Tash-Murkon,0.771,0,0
30001644,Tividu,10000020,Tash-Murkon,30001646,Goram,10000020,Tash-Murkon,0.451,0,0
30001644,Tividu,10000020,Tash-Murkon,30001645,Tendhyes,10000020,Tash-Murkon,0.631,0,0
30002062,Todifrauan,10000042,Metropolis,30002064,Arnstur,10000042,Metropolis,0.872,0,0
30002062,Todifrauan,10000042,Metropolis,30002063,Helgatild,10000042,Metropolis,1.146,0,0
30003052,Tolle,10000037,Everyshore,30003055,Aydoteaux,10000037,Everyshore,0.521,0,0
30003052,Tolle,10000037,Everyshore,30005201,Manarq,10000067,Genesis,1.246,1,0
30003436,Tollus,10000042,Metropolis,30003438,Earled,10000042,Metropolis,0.64,0,1
30003436,Tollus,10000042,Metropolis,30003437,Ogoten,10000042,Metropolis,0.599,0,1
30002532,Tongofur,10000030,Heimatar,30002536,Ebodold,10000030,Heimatar,0.801,0,1
30005212,Toon,10000067,Genesis,30005213,Hesarid,10000067,Genesis,0.767,0,1
30001429,Torrinos,10000016,Lonetrek,30001984,EC-P8R,10000023,Pure Blind,1.3,1,0
30003020,Torvi,10000037,Everyshore,30003022,Mya,10000037,Everyshore,1.123,0,1
30002191,Toshabia,10000043,Domain,30002192,Irnin,10000043,Domain,1.037,0,0
30002191,Toshabia,10000043,Domain,30002242,Mamenkhanar,10000043,Domain,0.788,0,0
30003402,Totkubad,10000042,Metropolis,30003404,Agtver,10000042,Metropolis,0.586,0,0
30003402,Totkubad,10000042,Metropolis,30003405,Datulen,10000042,Metropolis,0.469,0,0
30003402,Totkubad,10000042,Metropolis,30003403,Meimungen,10000042,Metropolis,0.961,0,0
30005301,Tourier,10000068,Verge Vendor,30005302,Alenia,10000068,Verge Vendor,0.797,0,0
30005301,Tourier,10000068,Verge Vendor,30025305,Channace,10000068,Verge Vendor,0.381,0,1
30005301,Tourier,10000068,Verge Vendor,30005303,Merolles,10000068,Verge Vendor,0.957,0,0
30003606,Toustain,10000044,Solitude,30003607,Straloin,10000044,Solitude,1.842,0,0
30005071,Tralasa,10000065,Kor-Azor,30005075,Latari,10000065,Kor-Azor,1.157,0,0
30003431,Tratokard,10000042,Metropolis,30003433,Gedugaud,10000042,Metropolis,0.796,0,0
30003431,Tratokard,10000042,Metropolis,30003432,Lumegen,10000042,Metropolis,0.478,0,1
30002069,Traun,10000042,Metropolis,30002071,Barkrik,10000042,Metropolis,0.647,0,0
30002562,Trer,10000030,Heimatar,30002563,Egmur,10000030,Heimatar,0.576,0,1
30002562,Trer,10000030,Heimatar,30002564,Javrendei,10000030,Heimatar,1.361,0,1
30100036,Triumph,10001004,Exordium,30100039,Celerity,10001004,Exordium,0.397,0,0
30100036,Triumph,10001004,Exordium,30100041,Rigor,10001004,Exordium,0.231,0,0
30100036,Triumph,10001004,Exordium,30100051,Solemn,10001004,Exordium,0.357,0,1
30100036,Triumph,10001004,Exordium,30100043,Steadfast,10001004,Exordium,0.322,0,0
30100036,Triumph,10001004,Exordium,30100052,Tenacity,10001004,Exordium,0.338,0,1
30100036,Triumph,10001004,Exordium,30100053,Valiance,10001004,Exordium,0.302,0,1
30002668,Trosquesere,10000032,Sinq Laison,30002669,Ansone,10000032,Sinq Laison,0.752,0,0
30002668,Trosquesere,10000032,Sinq Laison,30004971,Duripant,10000064,Essence,1.019,1,0
30002668,Trosquesere,10000032,Sinq Laison,30002671,Nausschie,10000032,Sinq Laison,1.3,0,0
30002508,Trytedald,10000030,Heimatar,30002524,Ivar,10000030,Heimatar,2.13,0,0
30002508,Trytedald,10000030,Heimatar,30002509,Odatrik,10000030,Heimatar,0.616,0,0
30001375,Tsuguwa,10000016,Lonetrek,30001404,Airkio,10000016,Lonetrek,1.0,0,0
30001375,Tsuguwa,10000016,Lonetrek,30001378,Ekura,10000016,Lonetrek,1.209,0,0
30001375,Tsuguwa,10000016,Lonetrek,30001376,Nourvukaiken,10000016,Lonetrek,1.619,0,0
30001412,Tsukuras,10000016,Lonetrek,30001414,Ajanen,10000016,Lonetrek,1.154,0,0
30004275,Tukanas,10000054,Aridia,30004279,Ahraghen,10000054,Aridia,1.125,0,0
30004275,Tukanas,10000054,Aridia,30004278,Sheri,10000054,Aridia,1.287,0,0
30100072,Tungna,10001004,Exordium,30100073,Dranga,10001004,Exordium,0.18,0,0
30100072,Tungna,10001004,Exordium,30100075,Lang,10001004,Exordium,0.166,0,0
30100072,Tungna,10001004,Exordium,30100074,Tindfjalla,10001004,Exordium,0.406,0,0
30001379,Tunttaras,10000016,Lonetrek,30002752,Ahynada,10000033,The Citadel,2.054,1,0
30001379,Tunttaras,10000016,Lonetrek,30041407,Ichinumi,10000016,Lonetrek,0.334,0,1
30003064,Tuomuta,10000038,The Bleak Lands,30003069,Kamela,10000038,The Bleak Lands,1.313,0,0
30003064,Tuomuta,10000038,The Bleak Lands,30003066,Kuomi,10000038,The Bleak Lands,1.047,0,0
30004098,Turba,10000052,Kador,30004103,Kothe,10000052,Kador,0.451,0,1
30004098,Turba,10000052,Kador,30004099,Sonama,10000052,Kador,0.616,0,0
30004098,Turba,10000052,Kador,30004131,Yooh,10000052,Kador,1.64,0,0
30002086,Turnur,10000042,Metropolis,30002087,Isbrabata,10000042,Metropolis,0.951,0,0
30002086,Turnur,10000042,Metropolis,30100000,Zarzakh,10001000,Yasna Zakh,14.91,1,0
30000128,Tuuriainas,10000002,The Forge,30000130,Shihuken,10000002,The Forge,1.677,0,0
30002073,Tvink,10000042,Metropolis,30002074,Lanngisi,10000042,Metropolis,0.461,0,0
30003891,Tzashrah,10000049,Khanid,30003892,Efa,10000049,Khanid,1.833,0,0
30003891,Tzashrah,10000049,Khanid,30003894,Sabusi,10000049,Khanid,0.69,0,0
30002957,Tzvi,10000036,Devoid,30003063,Lamaa,10000038,The Bleak Lands,1.231,1,0
30002957,Tzvi,10000036,Devoid,30002961,Oyeman,10000036,Devoid,0.873,0,0
30002957,Tzvi,10000036,Devoid,30002958,Raa,10000036,Devoid,0.882,0,0
30002957,Tzvi,10000036,Devoid,30002959,Sifilar,10000036,Devoid,0.625,0,0
30005156,U-3FKL,10000066,Perrigen Falls,30005168,9-ZA4Z,10000066,Perrigen Falls,0.371,0,0
30005156,U-3FKL,10000066,Perrigen Falls,30005174,SY-OLX,10000066,Perrigen Falls,2.687,0,0
30004436,U-BXU9,10000056,Feythabolis,30004438,NW2S-A,10000056,Feythabolis,0.807,0,0
30004436,U-BXU9,10000056,Feythabolis,30004440,NX5W-U,10000056,Feythabolis,2.012,0,0
30004436,U-BXU9,10000056,Feythabolis,30004437,ZXOG-O,10000056,Feythabolis,0.499,0,0
30000575,U-HVIX,10000006,Wicked Creek,30000576,4-EFLU,10000006,Wicked Creek,1.013,0,0
30000575,U-HVIX,10000006,Wicked Creek,30000577,EIH-IU,10000006,Wicked Creek,0.913,0,1
30003717,U-HYMT,10000047,Providence,30003720,5IO8-U,10000047,Providence,0.814,0,0
30003717,U-HYMT,10000047,Providence,30003718,FC-3YI,10000047,Providence,0.902,0,0
30003717,U-HYMT,10000047,Providence,30003719,QR-K85,10000047,Providence,0.653,0,0
30001997,U-INPD,10000023,Pure Blind,30003681,DO6H-Q,10000046,Fade,1.883,1,0
30000660,U-IVGH,10000008,Scalding Pass,30000665,K212-A,10000008,Scalding Pass,1.186,0,0
30004439,U-JJEW,10000056,Feythabolis,30004440,NX5W-U,10000056,Feythabolis,0.657,0,0
30002463,U-L4KS,10000029,Geminate,30002465,6YC-TU,10000029,Geminate,0.772,0,0
30002463,U-L4KS,10000029,Geminate,30002481,D-I9HJ,10000029,Geminate,0.866,0,0
30002463,U-L4KS,10000029,Geminate,30002464,K25-XD,10000029,Geminate,0.778,0,0
30000493,U-MFTL,10000005,Detorid,30000521,W6P-7U,10000005,Detorid,0.544,0,0
30003637,U-O2DA,10000045,Tenal,30003639,SZ6-TA,10000045,Tenal,0.651,0,0
30000459,U-OVFR,10000005,Detorid,30000461,D-0UI0,10000005,Detorid,0.869,0,0
30001155,U-QVWD,10000014,Catch,30001157,36N-HZ,10000014,Catch,1.655,0,0
30001155,U-QVWD,10000014,Catch,30001156,B-3QPD,10000014,Catch,1.234,0,0
30003240,U-RELP,10000040,Oasa,30003241,IAMJ-Q,10000040,Oasa,1.149,0,0
30004594,U-SOH2,10000058,Fountain,30004595,DBRN-Z,10000058,Fountain,0.804,0,1
30002951,U-TJ7Y,10000035,Deklein,30002952,A4L-A2,10000035,Deklein,1.109,0,0
30000765,U-UTU9,10000009,Insmother,30000766,1TG7-W,10000009,Insmother,0.868,0,0
30000765,U-UTU9,10000009,Insmother,30000767,QYD-WK,10000009,Insmother,0.841,0,0
30005131,U-W436,10000066,Perrigen Falls,30005135,JZ-UQC,10000066,Perrigen Falls,0.921,0,0
30005131,U-W436,10000066,Perrigen Falls,30005132,Z-ENUD,10000066,Perrigen Falls,0.452,0,0
30001865,U-WLT9,10000022,Stain,30003098,VYJ-DA,10000039,Esoteria,1.277,1,0
30000514,U0W-DR,10000005,Detorid,30000516,DX-DFJ,10000005,Detorid,0.628,0,0
30000514,U0W-DR,10000005,Detorid,30000515,SY-UWN,10000005,Detorid,0.67,0,1
30004441,U1-C18,10000056,Feythabolis,30004442,6O-XIO,10000056,Feythabolis,1.034,0,0
30004441,U1-C18,10000056,Feythabolis,30004465,GPUS-A,10000056,Feythabolis,0.588,0,1
30000555,U104-3,10000006,Wicked Creek,30000556,M3-KAQ,10000006,Wicked Creek,0.898,0,0
30003623,U1TX-A,10000045,Tenal,30003624,1BWK-S,10000045,Tenal,1.008,0,0
30003623,U1TX-A,10000045,Tenal,30003625,KMV-CQ,10000045,Tenal,0.928,0,0
30000703,U2-28D,10000008,Scalding Pass,30000707,03-OR2,10000008,Scalding Pass,1.463,0,0
30000703,U2-28D,10000008,Scalding Pass,30000705,5-MQQ7,10000008,Scalding Pass,0.566,0,0
30000703,U2-28D,10000008,Scalding Pass,30000706,6-EQYE,10000008,Scalding Pass,0.588,0,0
30000703,U2-28D,10000008,Scalding Pass,30000704,LQ-OAI,10000008,Scalding Pass,1.511,0,0
30000703,U2-28D,10000008,Scalding Pass,30000978,PUZ-IO,10000011,Great Wildlands,3.792,1,0
30001898,U2-BJ2,10000022,Stain,30001911,T-8UOF,10000022,Stain,0.728,0,1
30004834,U2U5-A,10000061,Tenerifis,30004835,EQWO-Y,10000061,Tenerifis,0.635,0,0
30004834,U2U5-A,10000061,Tenerifis,30004837,QI9-42,10000061,Tenerifis,1.052,0,0
30002608,U3SQ-X,10000031,Impass,30002609,01TG-J,10000031,Impass,0.722,0,1
30002608,U3SQ-X,10000031,Impass,30002611,A1BK-A,10000031,Impass,1.833,0,1
30005126,U4-V3J,10000066,Perrigen Falls,30005128,6Q4-X6,10000066,Perrigen Falls,1.121,0,0
30003663,U5-XW7,10000045,Tenal,30003664,JSI-LL,10000045,Tenal,0.513,0,0
30000210,U54-1L,10000003,Vale of the Silent,30000222,0-R5TS,10000003,Vale of the Silent,0.612,0,0
30000210,U54-1L,10000003,Vale of the Silent,30000212,NCGR-Q,10000003,Vale of the Silent,1.081,0,0
30001927,U6-FCE,10000022,Stain,30001930,6QBH-S,10000022,Stain,0.899,0,1
30001927,U6-FCE,10000022,Stain,30001928,L6B-0N,10000022,Stain,1.253,0,0
30004074,U65-CN,10000051,Cloud Ring,30004075,X-M9ON,10000051,Cloud Ring,0.69,0,0
30000527,U69-YC,10000005,Detorid,30000839,GB-6X5,10000009,Insmother,1.009,1,0
30000527,U69-YC,10000005,Detorid,30000528,L-L7PE,10000005,Detorid,0.557,0,1
30002488,U6D-9A,10000029,Geminate,30002489,Atioth,10000029,Geminate,0.751,0,0
30000693,U6K-RG,10000008,Scalding Pass,30000696,NSBE-L,10000008,Scalding Pass,0.891,0,1
30004202,U6R-F9,10000053,Cobalt Edge,30004205,HXK-J6,10000053,Cobalt Edge,0.8,0,0
30004202,U6R-F9,10000053,Cobalt Edge,30004203,L-Z9NB,10000053,Cobalt Edge,0.783,0,0
30002164,U79-JF,10000025,Immensea,30002172,W4E-IT,10000025,Immensea,0.583,0,1
30000427,U8MM-3,10000004,UUA-F4,30000428,3C-26I,10000004,UUA-F4,1.207,0,0
30000427,U8MM-3,10000004,UUA-F4,30000429,9K-VDI,10000004,UUA-F4,1.02,0,0
30000644,U93O-A,10000007,Cache,30000646,4YO-QK,10000007,Cache,1.208,0,0
30003227,U9SE-N,10000040,Oasa,30004170,P-NRD3,10000053,Cobalt Edge,3.632,1,0
30002166,U9U-TQ,10000025,Immensea,30002168,08-N7Q,10000025,Immensea,1.991,0,0
30001797,UAJ5-K,10000021,Outer Passage,30001802,G-HE0N,10000021,Outer Passage,0.875,0,0
30001797,UAJ5-K,10000021,Outer Passage,30001800,J7X-VN,10000021,Outer Passage,1.237,0,0
30001797,UAJ5-K,10000021,Outer Passage,30001798,XJ-AG7,10000021,Outer Passage,0.738,0,0
30004807,UALX-3,10000061,Tenerifis,30004808,3L3N-X,10000061,Tenerifis,1.005,0,0
30004807,UALX-3,10000061,Tenerifis,30004809,Y-ORBJ,10000061,Tenerifis,1.214,0,0
30004602,UAYL-F,10000058,Fountain,30004603,ESC-RI,10000058,Fountain,1.229,0,0
30004349,UB-UQZ,10000055,Branch,30004350,YG-82V,10000055,Branch,0.837,0,1
30002473,UBX-CC,10000029,Geminate,30002478,AD-5B8,10000029,Geminate,2.986,0,0
30002473,UBX-CC,10000029,Geminate,30002475,EOA-ZC,10000029,Geminate,1.231,0,0
30002473,UBX-CC,10000029,Geminate,30002474,TJM-JJ,10000029,Geminate,1.648,0,0
30001813,UC-8XF,10000021,Outer Passage,30001814,90-A1P,10000021,Outer Passage,1.057,0,0
30002024,UC3H-Y,10000023,Pure Blind,30002025,6GWE-A,10000023,Pure Blind,0.573,0,0
30002024,UC3H-Y,10000023,Pure Blind,30002027,KDV-DE,10000023,Pure Blind,0.572,0,0
30002024,UC3H-Y,10000023,Pure Blind,30002028,MT9Q-S,10000023,Pure Blind,0.563,0,0
30001244,UCG4-B,10000014,Catch,30001245,BUZ-DB,10000014,Catch,0.499,0,0
30000997,UD-AOK,10000011,Great Wildlands,30000998,M9U-75,10000011,Great Wildlands,1.023,0,0
30000997,UD-AOK,10000011,Great Wildlands,30000999,N-RAEL,10000011,Great Wildlands,2.315,0,0
30004404,UD-VZW,10000056,Feythabolis,30004405,3-YX2D,10000056,Feythabolis,1.263,0,0
30004404,UD-VZW,10000056,Feythabolis,30004408,QBH5-F,10000056,Feythabolis,1.538,0,0
30004404,UD-VZW,10000056,Feythabolis,30004406,V-TN6Q,10000056,Feythabolis,1.105,0,0
30000819,UDE-FX,10000009,Insmother,30000820,5IH-GL,10000009,Insmother,1.255,0,0
30004922,UEP0-A,10000062,Omist,30004923,66-PMM,10000062,Omist,1.975,0,0
30001821,UEPO-D,10000021,Outer Passage,30001822,NQ-M6W,10000021,Outer Passage,0.679,0,0
30002503,UER-TH,10000029,Geminate,30002504,UG-UWZ,10000029,Geminate,0.785,0,1
30004779,UEXO-Z,10000060,Delve,30004790,7-K6UE,10000060,Delve,0.591,0,1
30004779,UEXO-Z,10000060,Delve,30004780,9O-8W1,10000060,Delve,0.933,0,0
30001854,UF-KKH,10000022,Stain,30001855,O5Y3-W,10000022,Stain,1.09,0,0
30003352,UFXF-C,10000041,Syndicate,30003354,51-5XG,10000041,Syndicate,1.909,0,0
30003235,UGR-J2,10000040,Oasa,30003238,21M1-B,10000040,Oasa,1.185,0,0
30003235,UGR-J2,10000040,Oasa,30003236,QZ-DIZ,10000040,Oasa,1.336,0,0
30003235,UGR-J2,10000040,Oasa,30003237,Y-0HVF,10000040,Oasa,1.137,0,0
30000229,UH-9ZG,10000003,Vale of the Silent,30000247,9OO-LH,10000003,Vale of the Silent,1.35,0,1
30000229,UH-9ZG,10000003,Vale of the Silent,30000230,NFM-0V,10000003,Vale of the Silent,1.08,0,1
30000229,UH-9ZG,10000003,Vale of the Silent,30000231,YXIB-I,10000003,Vale of the Silent,0.452,0,1
30004706,UHKL-N,10000060,Delve,30004707,Z3V-1W,10000060,Delve,1.573,0,0
30001875,UJM-RD,10000022,Stain,30001877,8ZO-CK,10000022,Stain,1.899,0,1
30002824,UJXC-B,10000034,The Kalevala Expanse,30002826,F48K-D,10000034,The Kalevala Expanse,0.579,0,0
30002824,UJXC-B,10000034,The Kalevala Expanse,30002825,UDVW-O,10000034,The Kalevala Expanse,0.904,0,0
30002955,UJY-HE,10000035,Deklein,30004396,Y-1918,10000055,Branch,19.994,1,0
30001899,UKYS-5,10000022,Stain,30001903,QM-O7J,10000022,Stain,2.495,0,0
30001899,UKYS-5,10000022,Stain,30001902,RLDS-R,10000022,Stain,0.689,0,0
30001899,UKYS-5,10000022,Stain,30001900,RV5-DW,10000022,Stain,1.083,0,0
30000313,UL-4ZW,10000003,Vale of the Silent,30000320,R-RSZZ,10000003,Vale of the Silent,0.235,0,0
30001234,UL-7I8,10000014,Catch,30003722,OXIY-V,10000047,Providence,1.989,1,0
30003298,UM-Q7F,10000041,Syndicate,30003299,T-LIWS,10000041,Syndicate,0.802,0,0
30000558,UM-SCG,10000006,Wicked Creek,30000560,OAIG-0,10000006,Wicked Creek,0.723,0,0
30000558,UM-SCG,10000006,Wicked Creek,30000588,TP7-KE,10000006,Wicked Creek,2.179,0,0
30000858,UMI-KK,10000010,Tribute,30000860,AW1-2I,10000010,Tribute,1.168,0,0
30000858,UMI-KK,10000010,Tribute,30000879,DL1C-E,10000010,Tribute,1.864,0,1
30000858,UMI-KK,10000010,Tribute,30001261,Y-W1Q3,10000015,Venal,1.373,1,0
30000282,UNAG-6,10000003,Vale of the Silent,30000287,7-PO3P,10000003,Vale of the Silent,0.693,0,1
30000282,UNAG-6,10000003,Vale of the Silent,30000283,E-SCTX,10000003,Vale of the Silent,0.83,0,0
30000965,UNJ-GX,10000011,Great Wildlands,30000966,0PI4-E,10000011,Great Wildlands,0.652,0,0
30000965,UNJ-GX,10000011,Great Wildlands,30000968,L1S-G1,10000011,Great Wildlands,0.786,0,1
30001816,UNV-3J,10000021,Outer Passage,30001818,MC4C-H,10000021,Outer Passage,1.746,0,0
30004495,UO9-YG,10000057,Outer Ring,30004499,E9G-MT,10000057,Outer Ring,1.096,0,0
30004495,UO9-YG,10000057,Outer Ring,30004498,ZJQH-S,10000057,Outer Ring,0.642,0,0
30004495,UO9-YG,10000057,Outer Ring,30004496,ZQP-QV,10000057,Outer Ring,0.635,0,0
30004310,UQ9-3C,10000055,Branch,30004311,DCI7-7,10000055,Branch,0.639,0,0
30004310,UQ9-3C,10000055,Branch,30004315,VL3I-M,10000055,Branch,0.613,0,1
30003955,UQY-IK,10000050,Querious,30003961,9-HM04,10000050,Querious,1.653,0,0
30004938,UR-E46,10000063,Period Basis,30004947,0A-KZ0,10000063,Period Basis,1.064,0,1
30001966,UR-E6D,10000023,Pure Blind,30001967,X47L-Q,10000023,Pure Blind,0.918,0,0
30000921,UT-UZB,10000011,Great Wildlands,30000925,BY5-V8,10000011,Great Wildlands,1.027,0,0
30000921,UT-UZB,10000011,Great Wildlands,30001020,KLMT-W,10000012,Curse,0.988,1,0
30000921,UT-UZB,10000011,Great Wildlands,30000924,VXO-OM,10000011,Great Wildlands,1.365,0,0
30004468,UTDH-N,10000056,Feythabolis,30004469,ZS-2LT,10000056,Feythabolis,1.11,0,1
30003306,UTKS-5,10000041,Syndicate,30003308,I-YGGI,10000041,Syndicate,1.523,0,1
30003306,UTKS-5,10000041,Syndicate,30003307,Y9G-KS,10000041,Syndicate,1.186,0,0
30001003,UW9B-F,10000012,Curse,30001006,K-MGJ7,10000012,Curse,1.828,0,1
30000549,UY5A-D,10000006,Wicked Creek,30000551,ZH-GKG,10000006,Wicked Creek,2.217,0,0
30001121,UYG-YX,10000013,Malpais,30001122,GL6S-2,10000013,Malpais,0.825,0,0
30001121,UYG-YX,10000013,Malpais,30001123,RUF3-O,10000013,Malpais,0.609,0,0
30003981,UYU-VV,10000050,Querious,30003990,YW-SYT,10000050,Querious,0.784,0,0
30000561,UZ-QXW,10000006,Wicked Creek,30000562,5DE-QS,10000006,Wicked Creek,1.51,0,0
30000561,UZ-QXW,10000006,Wicked Creek,30000563,R0-DMM,10000006,Wicked Creek,0.769,0,0
30002991,Uadelah,10000036,Devoid,30002992,Akes,10000036,Devoid,0.514,0,0
30002991,Uadelah,10000036,Devoid,30002994,Hati,10000036,Devoid,1.048,0,0
30002101,Ualkin,10000042,Metropolis,30002102,Gukarla,10000042,Metropolis,0.49,0,0
30004091,Uanim,10000052,Kador,30004092,Murini,10000052,Kador,1.543,0,0
30000114,Ubtes,10000001,Derelik,30000115,Bimener,10000001,Derelik,0.616,0,0
30000114,Ubtes,10000001,Derelik,30000116,Kenobanala,10000001,Derelik,0.647,0,0
30000114,Ubtes,10000001,Derelik,30000117,Khabi,10000001,Derelik,1.009,0,0
30045321,Uchomida,10000069,Black Rise,30045325,Rohamaa,10000069,Black Rise,1.765,0,0
30045321,Uchomida,10000069,Black Rise,30045322,Samanuni,10000069,Black Rise,0.917,0,0
30000201,Uchoshi,10000002,The Forge,30000202,Mastakomon,10000002,The Forge,0.571,0,0
30004245,Udianoor,10000054,Aridia,30004246,Vehan,10000054,Aridia,0.532,0,0
30002768,Uedama,10000033,The Citadel,30002800,Haatomo,10000033,The Citadel,0.772,0,0
30002768,Uedama,10000033,The Citadel,30002786,Ikao,10000033,The Citadel,2.672,0,0
30002768,Uedama,10000033,The Citadel,30002803,Juunigaishi,10000033,The Citadel,1.456,0,0
30001368,Uemisaisen,10000016,Lonetrek,30001371,Erenta,10000016,Lonetrek,0.637,0,0
30001368,Uemisaisen,10000016,Lonetrek,30001389,Isanamo,10000016,Lonetrek,1.471,0,0
30001368,Uemisaisen,10000016,Lonetrek,30001400,Litiura,10000016,Lonetrek,4.717,0,0
30001368,Uemisaisen,10000016,Lonetrek,30001370,Ouranienen,10000016,Lonetrek,0.871,0,0
30001368,Uemisaisen,10000016,Lonetrek,30001369,Sotrentaira,10000016,Lonetrek,0.753,0,1
30000197,Uemon,10000002,The Forge,30000199,Fuskunen,10000002,The Forge,0.397,0,0
30000197,Uemon,10000002,The Forge,30000198,Paala,10000002,The Forge,0.597,0,0
30001432,Uesuro,10000016,Lonetrek,30001434,Elanoda,10000016,Lonetrek,0.841,0,0
30001432,Uesuro,10000016,Lonetrek,30001433,Oishami,10000016,Lonetrek,0.621,0,1
30001735,Uhodoh,10000020,Tash-Murkon,30001736,Esa,10000020,Tash-Murkon,0.411,0,0
30001735,Uhodoh,10000020,Tash-Murkon,30001737,Hath,10000020,Tash-Murkon,0.797,0,1
30001735,Uhodoh,10000020,Tash-Murkon,30001738,Judra,10000020,Tash-Murkon,0.364,0,1
30000101,Uhtafal,10000001,Derelik,30000105,Abha,10000001,Derelik,1.294,0,0
30000101,Uhtafal,10000001,Derelik,30000103,Serad,10000001,Derelik,0.629,0,0
30002083,Uisper,10000042,Metropolis,30002084,Aset,10000042,Metropolis,0.819,0,0
30002083,Uisper,10000042,Metropolis,30002085,Eytjangard,10000042,Metropolis,1.263,0,0
30002083,Uisper,10000042,Metropolis,30002086,Turnur,10000042,Metropolis,0.665,0,0
30003005,Uktiad,10000036,Devoid,30003007,Arveyil,10000036,Devoid,0.496,0,0
30003004,Ulerah,10000036,Devoid,30003006,Nidebora,10000036,Devoid,0.612,0,0
30003481,Unefsih,10000043,Domain,30003486,Kheram,10000043,Domain,1.472,0,0
30003481,Unefsih,10000043,Domain,30003483,Valmu,10000043,Domain,0.763,0,0
30002707,Unel,10000032,Sinq Laison,30002709,Auberulle,10000032,Sinq Laison,1.218,0,0
30002707,Unel,10000032,Sinq Laison,30002763,Tennen,10000033,The Citadel,1.035,1,0
30002413,Unertek,10000028,Molden Heath,30002414,Klingt,10000028,Molden Heath,0.83,0,0
30000129,Unpas,10000002,The Forge,30000130,Shihuken,10000002,The Forge,1.072,0,0
30000129,Unpas,10000002,The Forge,30030141,Uitra,10000002,The Forge,0.334,0,1
30000129,Unpas,10000002,The Forge,30000139,Urlen,10000002,The Forge,1.327,0,0
30001366,Uosusuokko,10000016,Lonetrek,30001367,Hageken,10000016,Lonetrek,0.432,0,0
30001366,Uosusuokko,10000016,Lonetrek,30001391,Piekura,10000016,Lonetrek,1.454,0,0
30002814,Uotila,10000033,The Citadel,30002815,Isenairos,10000033,The Citadel,1.108,0,1
30000151,Uoyonen,10000002,The Forge,30000173,Vattuolen,10000002,The Forge,1.084,0,0
30000037,Uplingur,10000001,Derelik,30002508,Trytedald,10000030,Heimatar,4.256,1,0
30002070,Uriok,10000042,Metropolis,30002075,Hjoramold,10000042,Metropolis,0.565,0,0
30002070,Uriok,10000042,Metropolis,30002072,Inder,10000042,Metropolis,0.423,0,0
30000139,Urlen,10000002,The Forge,30000141,Kisogo,10000002,The Forge,1.223,0,1
30000139,Urlen,10000002,The Forge,30002802,Kusomonmon,10000033,The Citadel,1.593,1,0
30000139,Urlen,10000002,The Forge,30000144,Perimeter,10000002,The Forge,0.944,0,0
30000139,Urlen,10000002,The Forge,30002791,Sirppala,10000033,The Citadel,1.584,1,0
30003417,Urnhard,10000042,Metropolis,30003419,Erstur,10000042,Metropolis,0.626,0,0
30003417,Urnhard,10000042,Metropolis,30003418,Hardbako,10000042,Metropolis,0.677,0,0
30100069,Urtasvaar,10001004,Exordium,30100070,Tatrys,10001004,Exordium,0.343,0,0
30002755,Usi,10000033,The Citadel,30002756,Ishomilken,10000033,The Citadel,1.541,0,0
30004151,Ustnia,10000052,Kador,30004153,Minin,10000052,Kador,0.664,0,0
30001045,Utopia,10000012,Curse,30001047,Doril,10000012,Curse,0.798,0,0
30001045,Utopia,10000012,Curse,30001048,Litom,10000012,Curse,0.687,0,0
30002049,Uttindar,10000042,Metropolis,30002053,Hek,10000042,Metropolis,0.726,0,0
30002759,Uuna,10000033,The Citadel,30002760,Manjonakko,10000033,The Citadel,0.379,0,0
30003077,Uusanen,10000038,The Bleak Lands,30003078,Erkinen,10000038,The Bleak Lands,1.365,0,1
30000040,Uzistoon,10000001,Derelik,30000043,Sari,10000001,Derelik,1.116,0,0
30000930,V-2GYS,10000011,Great Wildlands,30000931,168-6H,10000011,Great Wildlands,0.824,0,1
30000930,V-2GYS,10000011,Great Wildlands,30000932,W-RFUO,10000011,Great Wildlands,0.942,0,0
30003965,V-3U8T,10000050,Querious,30003966,T8T-RA,10000050,Querious,0.766,0,0
30001162,V-3YG7,10000014,Catch,30001198,GE-8JV,10000014,Catch,1.758,0,0
30000434,V-4DBR,10000005,Detorid,30000435,B-5UFY,10000005,Detorid,1.013,0,0
30000434,V-4DBR,10000005,Detorid,30000436,SK42-F,10000005,Detorid,1.177,0,1
30000732,V-F6DQ,10000008,Scalding Pass,30000734,1-7HVI,10000008,Scalding Pass,0.723,0,0
30000732,V-F6DQ,10000008,Scalding Pass,30000733,3S-6VU,10000008,Scalding Pass,1.018,0,0
30001008,V-IUEL,10000012,Curse,30001009,0SHT-A,10000012,Curse,0.58,0,0
30001008,V-IUEL,10000012,Curse,30001012,PO4F-3,10000012,Curse,1.063,0,0
30001143,V-JCJS,10000013,Malpais,30001146,IL-OL1,10000013,Malpais,0.931,0,0
30001143,V-JCJS,10000013,Malpais,30001145,S5W-1Z,10000013,Malpais,1.194,0,1
30000674,V-KDY2,10000008,Scalding Pass,30000677,J2-PZ6,10000008,Scalding Pass,0.818,0,0
30003672,V-LDEJ,10000045,Tenal,30003674,P-UCRP,10000045,Tenal,0.627,0,1
30003672,V-LDEJ,10000045,Tenal,30003673,T-K10W,10000045,Tenal,0.776,0,0
30003953,V-LEKM,10000050,Querious,30003954,9ES-SI,10000050,Querious,0.975,0,0
30003953,V-LEKM,10000050,Querious,30003978,P-ZMZV,10000050,Querious,1.997,0,0
30000264,V-NL3K,10000003,Vale of the Silent,30000301,1-GBBP,10000003,Vale of the Silent,0.742,0,0
30000248,V-OJEN,10000003,Vale of the Silent,30000251,49-0LI,10000003,Vale of the Silent,0.516,0,1
30000248,V-OJEN,10000003,Vale of the Silent,30000253,DAYP-G,10000003,Vale of the Silent,1.279,0,1
30002379,V-OL61,10000027,Etherium Reach,30002380,RK-Q51,10000027,Etherium Reach,0.836,0,0
30000694,V-S9YY,10000008,Scalding Pass,30000695,F2-NXA,10000008,Scalding Pass,0.523,0,0
30001787,V-SEE6,10000021,Outer Passage,30001788,U-FQ21,10000021,Outer Passage,0.668,0,1
30003130,V-XANH,10000039,Esoteria,30003132,OIOM-Y,10000039,Esoteria,0.74,0,0
30003194,V0-H4L,10000040,Oasa,30003266,QYT-X8,10000040,Oasa,1.766,0,0
30000849,V0DF-2,10000010,Tribute,30000850,FY0W-N,10000010,Tribute,0.69,0,0
30000849,V0DF-2,10000010,Tribute,30000851,MJI3-8,10000010,Tribute,1.045,0,1
30001892,V1V-6F,10000022,Stain,30001905,X5O1-L,10000022,Stain,1.184,0,1
30002862,V2-GZS,10000034,The Kalevala Expanse,30002864,42G-OB,10000034,The Kalevala Expanse,1.375,0,0
30002862,V2-GZS,10000034,The Kalevala Expanse,30002863,HD-HOZ,10000034,The Kalevala Expanse,1.711,0,0
30001222,V2-VC2,10000014,Catch,30001223,L-B55M,10000014,Catch,1.216,0,0
30001084,V3P-AZ,10000013,Malpais,30002850,B1UE-J,10000034,The Kalevala Expanse,1.372,1,0
30001084,V3P-AZ,10000013,Malpais,30001088,S-R9J2,10000013,Malpais,0.845,0,1
30001301,V3X-L8,10000015,Venal,30001302,N0C-UN,10000015,Venal,1.283,0,0
30003294,V4-L0X,10000041,Syndicate,30003300,KTHT-O,10000041,Syndicate,0.788,0,0
30003294,V4-L0X,10000041,Syndicate,30003295,PFP-GU,10000041,Syndicate,0.687,0,0
30003294,V4-L0X,10000041,Syndicate,30003299,T-LIWS,10000041,Syndicate,2.17,0,0
30004644,V6-NY1,10000058,Fountain,30004646,9DQW-W,10000058,Fountain,0.462,0,1
30004644,V6-NY1,10000058,Fountain,30004645,OL3-78,10000058,Fountain,0.869,0,1
30000888,V7-FB4,10000010,Tribute,30000889,XD-TOV,10000010,Tribute,1.131,0,0
30003666,V7-MID,10000045,Tenal,30003668,2-3Q2G,10000045,Tenal,1.019,0,0
30000984,V89M-R,10000011,Great Wildlands,30000985,66U-1P,10000011,Great Wildlands,1.042,0,0
30004329,V8W-QS,10000055,Branch,30004357,CS-ZGD,10000055,Branch,1.497,0,0
30004329,V8W-QS,10000055,Branch,30004330,JRZ-B9,10000055,Branch,1.347,0,0
30004329,V8W-QS,10000055,Branch,30004334,OJ-A8M,10000055,Branch,1.009,0,0
30004196,VAF1-P,10000053,Cobalt Edge,30004197,FV1-RQ,10000053,Cobalt Edge,1.717,0,0
30004196,VAF1-P,10000053,Cobalt Edge,30004198,QT-EBC,10000053,Cobalt Edge,2.344,0,0
30004547,VBFC-8,10000057,Outer Ring,30004551,VJ0-81,10000057,Outer Ring,1.103,0,0
30004547,VBFC-8,10000057,Outer Ring,30004548,YVA-F0,10000057,Outer Ring,1.547,0,1
30000806,VBPT-T,10000009,Insmother,30000807,KS-1TS,10000009,Insmother,0.799,0,1
30000842,VD-8QY,10000009,Insmother,30000843,J-ZYSZ,10000009,Insmother,1.389,0,0
30002904,VFK-IV,10000035,Deklein,30002905,2R-CRW,10000035,Deklein,1.046,0,0
30002904,VFK-IV,10000035,Deklein,30002908,I30-3A,10000035,Deklein,0.786,0,0
30002904,VFK-IV,10000035,Deklein,30002907,II-5O9,10000035,Deklein,1.367,0,0
30001303,VG-6CH,10000015,Venal,30001324,PF-QHK,10000015,Venal,0.727,0,0
30001303,VG-6CH,10000015,Venal,30001304,Z0-TJW,10000015,Venal,0.551,0,0
30001351,VG-QW1,10000015,Venal,30001353,YJ3-UT,10000015,Venal,0.982,0,1
30001794,VH-9VO,10000021,Outer Passage,30001795,P-T9VC,10000021,Outer Passage,0.656,0,0
30000295,VI2K-J,10000003,Vale of the Silent,30000298,RVCZ-C,10000003,Vale of the Silent,0.874,0,0
30000295,VI2K-J,10000003,Vale of the Silent,30000296,ZLZ-1Z,10000003,Vale of the Silent,1.57,0,0
30002487,VJ-NQP,10000029,Geminate,30002488,U6D-9A,10000029,Geminate,0.854,0,0
30000625,VK-A5G,10000007,Cache,30000626,I6-SYN,10000007,Cache,1.293,0,0
30001566,VK6-EZ,10000018,The Spire,30001567,JVA-FE,10000018,The Spire,1.317,0,0
30003749,VKI-T7,10000047,Providence,30003752,H-GKI6,10000047,Providence,0.777,0,1
30000927,VKU-BG,10000011,Great Wildlands,30000928,WPR-EI,10000011,Great Wildlands,1.064,0,0
30000927,VKU-BG,10000011,Great Wildlands,30000935,ZM-DNR,10000011,Great Wildlands,2.341,0,0
30004315,VL3I-M,10000055,Branch,30004316,KMC-WI,10000055,Branch,1.39,0,1
30003339,VLGD-R,10000041,Syndicate,30003340,S-GKKR,10000041,Syndicate,0.804,0,0
30000420,VM-QFU,10000004,UUA-F4,30000422,IEZW-V,10000004,UUA-F4,0.37,0,0
30000420,VM-QFU,10000004,UUA-F4,30000421,PU-1Z8,10000004,UUA-F4,0.687,0,0
30004453,VNGJ-U,10000056,Feythabolis,30004455,5-LCI7,10000056,Feythabolis,1.345,0,0
30001925,VNPF-7,10000022,Stain,30001926,CJF-1P,10000022,Stain,0.419,0,0
30001925,VNPF-7,10000022,Stain,30001929,Z-XMUC,10000022,Stain,0.619,0,0
30000322,VORM-W,10000003,Vale of the Silent,30000323,7G-H7D,10000003,Vale of the Silent,0.862,0,0
30000322,VORM-W,10000003,Vale of the Silent,30000324,Q3-BAY,10000003,Vale of the Silent,1.504,0,0
30002948,VPLL-N,10000035,Deklein,30002949,9CK-KZ,10000035,Deklein,0.713,0,0
30004931,VR-YIQ,10000063,Period Basis,30004940,1-NJLK,10000063,Period Basis,0.782,0,1
30004931,VR-YIQ,10000063,Period Basis,30004933,I6M-9U,10000063,Period Basis,1.253,0,0
30003175,VR-YRV,10000039,Esoteria,30003176,IPX-H5,10000039,Esoteria,0.972,0,1
30003685,VRH-H7,10000046,Fade,30003688,X36Y-G,10000046,Fade,0.916,0,0
30003361,VSIG-K,10000041,Syndicate,30004499,E9G-MT,10000057,Outer Ring,0.503,1,1
30003361,VSIG-K,10000041,Syndicate,30003362,RSS-KA,10000041,Syndicate,1.387,0,1
30002448,VSJ-PP,10000029,Geminate,30002449,3USX-F,10000029,Geminate,0.948,0,0
30002448,VSJ-PP,10000029,Geminate,30002457,O-VWPB,10000029,Geminate,0.963,0,0
30001836,VTGN-U,10000022,Stain,30001837,0Y1-M7,10000022,Stain,0.761,0,1
30003129,VUAC-Y,10000039,Esoteria,30003131,450I-W,10000039,Esoteria,0.721,0,0
30004890,VULA-I,10000062,Omist,30004892,G-B3PR,10000062,Omist,0.746,0,0
30004890,VULA-I,10000062,Omist,30004895,KR8-27,10000062,Omist,2.711,0,0
30004890,VULA-I,10000062,Omist,30004891,R2TJ-1,10000062,Omist,1.126,0,1
30003309,VV-VCR,10000041,Syndicate,30003310,5-75MB,10000041,Syndicate,0.766,0,1
30003309,VV-VCR,10000041,Syndicate,30003311,IIRH-G,10000041,Syndicate,1.228,0,1
30001073,VVB-QH,10000013,Malpais,30001074,Z-DDVJ,10000013,Malpais,1.092,0,0
30001327,VVD-O6,10000015,Venal,30001328,6ZJ-SC,10000015,Venal,0.592,0,0
30001327,VVD-O6,10000015,Venal,30001330,HD-JVQ,10000015,Venal,0.794,0,0
30001327,VVD-O6,10000015,Venal,30001329,P-VYVL,10000015,Venal,0.643,0,0
30004457,VVO-R6,10000056,Feythabolis,30004459,YHP2-D,10000056,Feythabolis,0.762,0,0
30001054,VW-PXL,10000013,Malpais,30001056,IF-KD1,10000013,Malpais,0.657,0,0
30001541,VX1-HV,10000018,The Spire,30001544,FO1U-K,10000018,The Spire,0.949,0,0
30001541,VX1-HV,10000018,The Spire,30001542,JNG7-K,10000018,The Spire,0.899,0,0
30001541,VX1-HV,10000018,The Spire,30001543,K-XJJT,10000018,The Spire,1.119,0,1
30001541,VX1-HV,10000018,The Spire,30001565,QQGH-G,10000018,The Spire,1.375,0,0
30000924,VXO-OM,10000011,Great Wildlands,30000993,O-OVOQ,10000011,Great Wildlands,1.217,0,0
30004227,VY-866,10000053,Cobalt Edge,30004228,HB-5L3,10000053,Cobalt Edge,0.504,0,0
30003098,VYJ-DA,10000039,Esoteria,30003099,HHQ-M1,10000039,Esoteria,0.861,0,1
30003098,VYJ-DA,10000039,Esoteria,30003103,HT4K-M,10000039,Esoteria,1.158,0,0
30004936,VYO-68,10000063,Period Basis,30004939,CW9-1Y,10000063,Period Basis,1.182,0,0
30004936,VYO-68,10000063,Period Basis,30004937,TCAG-3,10000063,Period Basis,1.172,0,0
30001383,Vaajaita,10000016,Lonetrek,30001385,Jan,10000016,Lonetrek,1.943,0,0
30045331,Vaaralen,10000069,Black Rise,30045332,Asakai,10000069,Black Rise,1.771,0,0
30045331,Vaaralen,10000069,Black Rise,30045334,Mushikegi,10000069,Black Rise,1.634,0,0
30045331,Vaaralen,10000069,Black Rise,30045335,Teskanen,10000069,Black Rise,1.21,0,1
30100082,Vaejra,10001004,Exordium,30100084,Ichorah,10001004,Exordium,0.22,0,0
30004289,Vaini,10000054,Aridia,30004291,Anohel,10000054,Aridia,0.497,0,0
30004289,Vaini,10000054,Aridia,30004293,Pserz,10000054,Aridia,0.869,0,0
30003483,Valmu,10000043,Domain,30003559,Mamet,10000043,Domain,0.578,0,0
30004230,Van,10000054,Aridia,30005274,Otakod,10000067,Genesis,1.265,1,0
30004230,Van,10000054,Aridia,30004231,Shakasi,10000054,Aridia,0.973,0,0
30004230,Van,10000054,Aridia,30004232,Zayi,10000054,Aridia,0.789,0,0
30002538,Vard,10000030,Heimatar,30002541,Dal,10000030,Heimatar,0.609,0,0
30002538,Vard,10000030,Heimatar,30002962,Ezzara,10000036,Devoid,4.026,1,0
30002538,Vard,10000030,Heimatar,30002540,Lantorn,10000030,Heimatar,0.665,0,0
30002538,Vard,10000030,Heimatar,30002539,Siseide,10000030,Heimatar,0.564,0,0
30000190,Vasala,10000002,The Forge,30000194,Otsela,10000002,The Forge,1.125,0,0
30000190,Vasala,10000002,The Forge,30000193,Vouskiaho,10000002,The Forge,0.753,0,0
30000190,Vasala,10000002,The Forge,30000191,Walvalin,10000002,The Forge,0.737,0,0
30002230,Vashkah,10000043,Domain,30002234,Nifshed,10000043,Domain,0.661,0,0
30100071,Vatna,10001004,Exordium,30100073,Dranga,10001004,Exordium,0.262,0,0
30100071,Vatna,10001004,Exordium,30100074,Tindfjalla,10001004,Exordium,0.373,0,0
30100071,Vatna,10001004,Exordium,30100072,Tungna,10001004,Exordium,0.192,0,0
30000173,Vattuolen,10000002,The Forge,30000178,Akkilen,10000002,The Forge,0.78,0,0
30000173,Vattuolen,10000002,The Forge,30000174,Onuse,10000002,The Forge,1.002,0,0
30000173,Vattuolen,10000002,The Forge,30000175,Soshin,10000002,The Forge,0.781,0,0
30003027,Vaurent,10000037,Everyshore,30003038,Atlanins,10000037,Everyshore,0.767,0,0
30003027,Vaurent,10000037,Everyshore,30003029,Jaschercis,10000037,Everyshore,0.845,0,0
30005318,Vay,10000068,Verge Vendor,30005319,Raneilles,10000068,Verge Vendor,1.199,0,0
30005195,Vecamia,10000067,Genesis,30005205,Tarta,10000067,Genesis,2.244,0,0
30003589,Vecodie,10000044,Solitude,30003590,Arasare,10000044,Solitude,0.755,0,0
30004246,Vehan,10000054,Aridia,30005055,Zinkon,10000065,Kor-Azor,5.206,1,0
30001362,Veisto,10000016,Lonetrek,30001374,Iidoken,10000016,Lonetrek,0.717,0,0
30001362,Veisto,10000016,Lonetrek,30001377,Sarekuwa,10000016,Lonetrek,1.308,0,0
30001362,Veisto,10000016,Lonetrek,30001363,Sobaseki,10000016,Lonetrek,0.986,0,0
30001380,Vellaine,10000016,Lonetrek,30001382,Akonoinen,10000016,Lonetrek,0.797,0,0
30001380,Vellaine,10000016,Lonetrek,30002754,Alikara,10000033,The Citadel,0.814,1,0
30001380,Vellaine,10000016,Lonetrek,30001384,Autaris,10000016,Lonetrek,0.76,0,0
30003820,Vestouve,10000048,Placid,30003822,Espigoure,10000048,Placid,0.556,0,1
30003572,Vevelonel,10000044,Solitude,30003602,Ratillose,10000044,Solitude,1.234,0,0
30003790,Vey,10000048,Placid,30003826,Frarie,10000048,Placid,7.002,0,0
30003899,Vezila,10000049,Khanid,30003900,Ham,10000049,Khanid,1.346,0,0
30004997,Vifrevaert,10000064,Essence,30004999,Ladistier,10000064,Essence,0.996,0,0
30045309,Villasen,10000069,Black Rise,30045312,Korasen,10000069,Black Rise,0.816,0,1
30004993,Villore,10000064,Essence,30004995,Allamotte,10000064,Essence,1.488,0,0
30004993,Villore,10000064,Essence,30004994,Arant,10000064,Essence,1.871,0,0
30004993,Villore,10000064,Essence,30005026,Cat,10000064,Essence,1.135,0,0
30004993,Villore,10000064,Essence,30005000,Old Man Star,10000064,Essence,1.207,0,0
30003390,Vilur,10000042,Metropolis,30003434,Polstodur,10000042,Metropolis,0.618,0,1
30004991,Vitrauze,10000064,Essence,30005011,Droselory,10000064,Essence,2.534,0,0
30004991,Vitrauze,10000064,Essence,30004992,Palmon,10000064,Essence,0.98,0,0
30002731,Vittenyn,10000032,Sinq Laison,30002734,Fricoure,10000032,Sinq Laison,0.543,0,0
30002731,Vittenyn,10000032,Sinq Laison,30002732,Mirilene,10000032,Sinq Laison,0.476,0,0
30002731,Vittenyn,10000032,Sinq Laison,30002733,Pucherie,10000032,Sinq Laison,0.412,0,1
30002731,Vittenyn,10000032,Sinq Laison,30042715,Trossere,10000032,Sinq Laison,0.334,0,1
30003810,Vivanier,10000048,Placid,30003811,Algasienan,10000048,Placid,1.81,0,0
30003836,Vlillirier,10000048,Placid,30003837,Aldranette,10000048,Placid,1.066,0,0
30003836,Vlillirier,10000048,Placid,30003841,Alsavoinon,10000048,Placid,0.851,0,0
30003836,Vlillirier,10000048,Placid,30003838,Oicx,10000048,Placid,1.09,0,0
30000193,Vouskiaho,10000002,The Forge,30000201,Uchoshi,10000002,The Forge,0.523,0,0
30002573,Vullat,10000030,Heimatar,30003413,Eram,10000042,Metropolis,4.735,1,0
30002573,Vullat,10000030,Heimatar,30042547,Loguttur,10000030,Heimatar,0.334,0,1
30001443,Vuorrassi,10000016,Lonetrek,30001444,Oimmo,10000016,Lonetrek,0.514,0,0
30002655,Vylade,10000032,Sinq Laison,30002736,Ainaille,10000032,Sinq Laison,1.213,0,0
30002655,Vylade,10000032,Sinq Laison,30002656,Auvergne,10000032,Sinq Laison,0.923,0,0
30002655,Vylade,10000032,Sinq Laison,30003026,Blameston,10000037,Everyshore,1.557,1,0
30002655,Vylade,10000032,Sinq Laison,30002659,Dodixie,10000032,Sinq Laison,0.831,0,0
30002655,Vylade,10000032,Sinq Laison,30002660,Eglennaert,10000032,Sinq Laison,0.733,0,0
30004822,W-16DY,10000061,Tenerifis,30004831,ABE-M2,10000061,Tenerifis,0.578,0,0
30004822,W-16DY,10000061,Tenerifis,30004823,M-4KDB,10000061,Tenerifis,0.93,0,0
30002497,W-3BSU,10000029,Geminate,30002498,BE-UUN,10000029,Geminate,0.573,0,0
30004392,W-4FA9,10000055,Branch,30004393,1IX-C0,10000055,Branch,1.084,0,0
30004392,W-4FA9,10000055,Branch,30004395,PUWL-4,10000055,Branch,0.664,0,1
30004055,W-4NUU,10000051,Cloud Ring,30045307,Okagaiken,10000069,Black Rise,4.345,1,0
30000751,W-6GBI,10000009,Insmother,30000755,V-QXXK,10000009,Insmother,0.561,0,0
30000751,W-6GBI,10000009,Insmother,30000752,XKH-6O,10000009,Insmother,1.003,0,1
30005177,W-CSFY,10000066,Perrigen Falls,30005178,PFV-ZH,10000066,Perrigen Falls,1.25,0,0
30002147,W-FHWJ,10000025,Immensea,30002150,JKWP-U,10000025,Immensea,0.761,0,0
30003968,W-IX39,10000050,Querious,30003974,8B-SAJ,10000050,Querious,3.144,0,0
30003968,W-IX39,10000050,Querious,30003969,K-B8DK,10000050,Querious,1.179,0,0
30003968,W-IX39,10000050,Querious,30003971,P4-3TJ,10000050,Querious,1.712,0,0
30004753,W-KQPI,10000060,Delve,30004754,PUIG-F,10000060,Delve,0.465,0,0
30001250,W-MPTH,10000014,Catch,30001251,4NBN-9,10000014,Catch,0.957,0,0
30001939,W-Q233,10000022,Stain,30001940,4XW2-D,10000022,Stain,0.9,0,1
30001939,W-Q233,10000022,Stain,30001941,J5NU-K,10000022,Stain,0.973,0,1
30000532,W-QN5X,10000006,Wicked Creek,30000537,G063-U,10000006,Wicked Creek,0.398,0,0
30000932,W-RFUO,10000011,Great Wildlands,30000933,AI-EVH,10000011,Great Wildlands,1.073,0,0
30000932,W-RFUO,10000011,Great Wildlands,30000934,F-MKH3,10000011,Great Wildlands,0.586,0,0
30001897,W-VXL9,10000022,Stain,30001898,U2-BJ2,10000022,Stain,1.092,0,0
30003660,W0X-MG,10000045,Tenal,30003661,JI-1UQ,10000045,Tenal,0.854,0,0
30004538,W2F-ZH,10000057,Outer Ring,30004539,BMU-V1,10000057,Outer Ring,1.015,0,1
30000617,W2T-TR,10000007,Cache,30000623,04EI-U,10000007,Cache,1.052,0,0
30000617,W2T-TR,10000007,Cache,30000622,IVP-KA,10000007,Cache,1.376,0,0
30000617,W2T-TR,10000007,Cache,30000620,M-CNUD,10000007,Cache,0.673,0,0
30000617,W2T-TR,10000007,Cache,30000621,YE1-9S,10000007,Cache,1.267,0,0
30000635,W4C8-Q,10000007,Cache,30000637,5F-MG1,10000007,Cache,0.657,0,0
30002172,W4E-IT,10000025,Immensea,30002175,2O-EEW,10000025,Immensea,1.141,0,0
30002172,W4E-IT,10000025,Immensea,30002173,OP9L-F,10000025,Immensea,0.588,0,0
30003205,W5-VBR,10000040,Oasa,30003206,J-D5U7,10000040,Oasa,2.046,0,0
30003205,W5-VBR,10000040,Oasa,30003208,X-Z4JW,10000040,Oasa,1.194,0,0
30003205,W5-VBR,10000040,Oasa,30003207,Y-770C,10000040,Oasa,1.011,0,1
30000521,W6P-7U,10000005,Detorid,30000522,0IF-26,10000005,Detorid,0.869,0,1
30000521,W6P-7U,10000005,Detorid,30000523,H-93YV,10000005,Detorid,0.798,0,0
30000894,W6VP-Y,10000010,Tribute,30000895,IMK-K1,10000010,Tribute,1.467,0,0
30001179,W9-DID,10000014,Catch,30001180,KW-I6T,10000014,Catch,1.23,0,0
30001748,W9-TFD,10000021,Outer Passage,30001755,WK2F-Y,10000021,Outer Passage,1.319,0,0
30003102,WAC-HW,10000039,Esoteria,30003104,RBW-8G,10000039,Esoteria,0.875,0,1
30004803,WB-AYY,10000061,Tenerifis,30004805,S4-9DN,10000061,Tenerifis,0.819,0,1
30001872,WBLF-0,10000022,Stain,30001931,RRWI-5,10000022,Stain,1.709,0,1
30000238,WBR5-R,10000003,Vale of the Silent,30000239,4GYV-Q,10000003,Vale of the Silent,1.533,0,0
30000238,WBR5-R,10000003,Vale of the Silent,30000242,8TPX-N,10000003,Vale of the Silent,0.708,0,0
30000238,WBR5-R,10000003,Vale of the Silent,30000243,PM-DWE,10000003,Vale of the Silent,1.031,0,0
30000238,WBR5-R,10000003,Vale of the Silent,30000263,TVN-FM,10000003,Vale of the Silent,1.101,0,0
30004847,WE-KK2,10000061,Tenerifis,30004850,A-REKV,10000061,Tenerifis,0.606,0,1
30000972,WE3-BX,10000011,Great Wildlands,30000974,H-8F5Q,10000011,Great Wildlands,0.794,0,1
30000972,WE3-BX,10000011,Great Wildlands,30000973,H7O-JZ,10000011,Great Wildlands,0.771,0,1
30001878,WEQT-K,10000022,Stain,30001880,1H-I12,10000022,Stain,1.806,0,1
30001878,WEQT-K,10000022,Stain,30001887,8KQR-O,10000022,Stain,0.921,0,1
30000746,WF4C-8,10000009,Insmother,30000747,TZN-2V,10000009,Insmother,0.907,0,0
30001247,WFC-MY,10000014,Catch,30001248,Q-U96U,10000014,Catch,0.646,0,0
30001247,WFC-MY,10000014,Catch,30001249,X4-WL0,10000014,Catch,1.41,0,0
30000725,WFFE-4,10000008,Scalding Pass,30000726,71-UTX,10000008,Scalding Pass,0.542,0,0
30000725,WFFE-4,10000008,Scalding Pass,30000729,Y5-E1U,10000008,Scalding Pass,0.728,0,0
30002629,WFYM-0,10000031,Impass,30002630,FR-B1H,10000031,Impass,0.851,0,0
30002429,WH-2EZ,10000029,Geminate,30002430,D0-F4W,10000029,Geminate,2.033,0,0
30002429,WH-2EZ,10000029,Geminate,30002434,L-HV5C,10000029,Geminate,2.291,0,0
30000871,WH-JCA,10000010,Tribute,30000872,Q-CAB2,10000010,Tribute,1.595,0,0
30000871,WH-JCA,10000010,Tribute,30000894,W6VP-Y,10000010,Tribute,1.175,0,0
30001839,WHG2-7,10000022,Stain,30001840,9RQ-L8,10000022,Stain,1.076,0,0
30000687,WHI-61,10000008,Scalding Pass,30000690,G15Z-W,10000008,Scalding Pass,0.619,0,0
30000687,WHI-61,10000008,Scalding Pass,30000722,QPTT-F,10000008,Scalding Pass,1.428,0,0
30001756,WIO-OL,10000021,Outer Passage,30001757,1-10QG,10000021,Outer Passage,2.019,0,0
30001595,WIW-X8,10000018,The Spire,30001597,M-NP5O,10000018,The Spire,0.463,0,0
30001595,WIW-X8,10000018,The Spire,30001596,QRH-BF,10000018,The Spire,0.37,0,0
30001890,WJO0-G,10000022,Stain,30001891,S91-TI,10000022,Stain,0.927,0,1
30001755,WK2F-Y,10000021,Outer Passage,30001756,WIO-OL,10000021,Outer Passage,0.563,0,0
30001755,WK2F-Y,10000021,Outer Passage,30001758,YQM-P1,10000021,Outer Passage,0.504,0,0
30001173,WLAR-J,10000014,Catch,30001182,MB-NKE,10000014,Catch,1.132,0,1
30001336,WLF-D3,10000015,Venal,30002920,DKUK-G,10000035,Deklein,10.547,1,0
30000315,WMBZ-U,10000003,Vale of the Silent,30000316,PX5-LR,10000003,Vale of the Silent,1.179,0,0
30004662,WMH-SO,10000058,Fountain,30004664,G1CA-Y,10000058,Fountain,1.418,0,0
30004662,WMH-SO,10000058,Fountain,30004663,LBGI-2,10000058,Fountain,1.144,0,0
30002854,WNM-V0,10000034,The Kalevala Expanse,30002855,6FS-CZ,10000034,The Kalevala Expanse,0.942,0,0
30002854,WNM-V0,10000034,The Kalevala Expanse,30002860,B3ZU-H,10000034,The Kalevala Expanse,0.887,0,0
30002854,WNM-V0,10000034,The Kalevala Expanse,30002858,C3J0-O,10000034,The Kalevala Expanse,1.086,0,0
30002854,WNM-V0,10000034,The Kalevala Expanse,30002859,GSO-SR,10000034,The Kalevala Expanse,1.085,0,0
30002854,WNM-V0,10000034,The Kalevala Expanse,30002856,HPV-RJ,10000034,The Kalevala Expanse,0.805,0,1
30001849,WNS-7J,10000022,Stain,30001850,57M7-W,10000022,Stain,1.242,0,0
30004368,WO-AIJ,10000055,Branch,30004369,MA-VDX,10000055,Branch,1.532,0,0
30000711,WO-GC0,10000008,Scalding Pass,30000712,RYC-19,10000008,Scalding Pass,1.281,0,0
30000928,WPR-EI,10000011,Great Wildlands,30000929,0NV-YU,10000011,Great Wildlands,0.674,0,0
30002371,WPV-JN,10000027,Etherium Reach,30002375,C-4D0W,10000027,Etherium Reach,1.621,0,0
30002371,WPV-JN,10000027,Etherium Reach,30002376,L4X-1V,10000027,Etherium Reach,0.975,0,0
30000602,WRL4-2,10000006,Wicked Creek,30000603,V7G-RL,10000006,Wicked Creek,0.595,0,0
30003166,WT-2J9,10000039,Esoteria,30003169,C-PEWN,10000039,Esoteria,1.199,0,0
30000957,WTIE-6,10000011,Great Wildlands,30000962,1L-AED,10000011,Great Wildlands,0.836,0,0
30000433,WU-FHQ,10000005,Detorid,30000458,9N-0HF,10000005,Detorid,0.791,0,0
30000433,WU-FHQ,10000005,Detorid,30000434,V-4DBR,10000005,Detorid,0.76,0,0
30002939,WUZ-WM,10000035,Deklein,30002941,43B-O1,10000035,Deklein,0.57,0,1
30002939,WUZ-WM,10000035,Deklein,30002944,4N-BUI,10000035,Deklein,1.257,0,0
30001140,WVJU-4,10000013,Malpais,30001141,7T-0QS,10000013,Malpais,0.53,0,0
30001140,WVJU-4,10000013,Malpais,30001142,RWML-A,10000013,Malpais,0.808,0,0
30001140,WVJU-4,10000013,Malpais,30001143,V-JCJS,10000013,Malpais,0.715,0,0
30003216,WVMS-X,10000040,Oasa,30003217,7-UVMT,10000040,Oasa,0.614,0,0
30003216,WVMS-X,10000040,Oasa,30003220,HF-K3O,10000040,Oasa,0.885,0,0
30003216,WVMS-X,10000040,Oasa,30003218,R-ZESX,10000040,Oasa,0.944,0,0
30001998,WW-KGD,10000023,Pure Blind,30001999,XQ-PXU,10000023,Pure Blind,1.03,0,0
30003256,WW-OVQ,10000040,Oasa,30003257,S7WI-F,10000040,Oasa,1.47,0,1
30003120,WX-6UX,10000039,Esoteria,30003122,16P-PX,10000039,Esoteria,0.357,0,0
30003120,WX-6UX,10000039,Esoteria,30003121,BZ-0GW,10000039,Esoteria,0.583,0,1
30002126,WYF8-8,10000025,Immensea,30002128,FYI-49,10000025,Immensea,0.986,0,1
30002787,Waira,10000033,The Citadel,30002814,Uotila,10000033,The Citadel,0.991,0,1
30100061,Waison,10001004,Exordium,30100063,Mondaekus,10001004,Exordium,0.372,0,0
30000191,Walvalin,10000002,The Forge,30000194,Otsela,10000002,The Forge,0.696,0,0
30003553,Warouh,10000043,Domain,30003556,Arton,10000043,Domain,0.664,0,0
30003553,Warouh,10000043,Domain,30003555,Bittanshal,10000043,Domain,0.978,0,0
30003553,Warouh,10000043,Domain,30003554,Jambu,10000043,Domain,0.715,0,0
30002790,Waskisen,10000033,The Citadel,30002792,Irjunen,10000033,The Citadel,1.193,0,0
30002415,Weld,10000028,Molden Heath,30002419,Aeditide,10000028,Molden Heath,1.303,0,0
30002415,Weld,10000028,Molden Heath,30002416,Kattegaud,10000028,Molden Heath,1.165,0,0
30003583,Weraroix,10000044,Solitude,30003584,Sarline,10000044,Solitude,1.331,0,1
30000206,Wirashoda,10000070,Pochven,30002652,Ala,10000070,Pochven,18.114,0,0
30000206,Wirashoda,10000070,Pochven,30020141,Senda,10000070,Pochven,5.58,0,0
30003422,Wirdalen,10000042,Metropolis,30003424,Enden,10000042,Metropolis,1.197,0,0
30003422,Wirdalen,10000042,Metropolis,30003423,Nein,10000042,Metropolis,0.494,0,0
30002554,Wiskeber,10000030,Heimatar,30003444,Mateber,10000042,Metropolis,6.584,1,0
30002554,Wiskeber,10000030,Heimatar,30003460,Offikatlin,10000042,Metropolis,3.461,1,0
30005016,Wysalan,10000064,Essence,30005019,Aporulie,10000064,Essence,0.986,0,0
30005016,Wysalan,10000064,Essence,30044971,Mesokel,10000064,Essence,0.334,0,1
30005016,Wysalan,10000064,Essence,30005017,Yona,10000064,Essence,0.707,0,0
30004840,X-1QGA,10000061,Tenerifis,30004843,0VK-43,10000061,Tenerifis,1.049,0,0
30004840,X-1QGA,10000061,Tenerifis,30004841,CCE-0J,10000061,Tenerifis,0.577,0,0
30004840,X-1QGA,10000061,Tenerifis,30004844,TY2X-C,10000061,Tenerifis,0.499,0,0
30004915,X-3AUU,10000062,Omist,30004918,RI-JB1,10000062,Omist,0.934,0,1
30003744,X-4WZD,10000047,Providence,30003745,6-OQJV,10000047,Providence,0.963,0,0
30002148,X-6WC7,10000025,Immensea,30002150,JKWP-U,10000025,Immensea,1.134,0,0
30003110,X-7BIX,10000039,Esoteria,30003111,5-9UXZ,10000039,Esoteria,1.196,0,0
30003110,X-7BIX,10000039,Esoteria,30003112,Q0OH-V,10000039,Esoteria,0.721,0,0
30003110,X-7BIX,10000039,Esoteria,30004452,TR07-S,10000056,Feythabolis,8.66,1,0
30001978,X-7OMU,10000023,Pure Blind,30002012,B8EN-S,10000023,Pure Blind,0.905,0,0
30001978,X-7OMU,10000023,Pure Blind,30001979,CXN1-Z,10000023,Pure Blind,0.865,0,0
30001978,X-7OMU,10000023,Pure Blind,30001980,KLY-C0,10000023,Pure Blind,1.647,0,0
30001978,X-7OMU,10000023,Pure Blind,30001989,L-TS8S,10000023,Pure Blind,1.813,0,0
30001978,X-7OMU,10000023,Pure Blind,30002010,R6XN-9,10000023,Pure Blind,1.212,0,0
30003245,X-9ZZR,10000040,Oasa,30003248,P-ZWKH,10000040,Oasa,1.042,0,1
30003245,X-9ZZR,10000040,Oasa,30003247,VZEG-B,10000040,Oasa,1.557,0,0
30000541,X-ARMF,10000006,Wicked Creek,30000545,G9L-LP,10000006,Wicked Creek,1.947,0,1
30003274,X-BV98,10000041,Syndicate,30003276,FD-MLJ,10000041,Syndicate,1.247,0,0
30000882,X-CFN6,10000010,Tribute,30000883,9SL-K9,10000010,Tribute,0.652,0,1
30003173,X-HISR,10000039,Esoteria,30003174,QS-530,10000039,Esoteria,1.103,0,0
30003173,X-HISR,10000039,Esoteria,30003175,VR-YRV,10000039,Esoteria,1.068,0,0
30001594,X-KHRZ,10000018,The Spire,30001595,WIW-X8,10000018,The Spire,1.702,0,0
30003278,X-M2LR,10000041,Syndicate,30003327,BMNV-P,10000041,Syndicate,0.486,0,0
30003278,X-M2LR,10000041,Syndicate,30003279,K5-JRD,10000041,Syndicate,1.097,0,0
30004075,X-M9ON,10000051,Cloud Ring,30004076,P5-KCC,10000051,Cloud Ring,0.904,0,0
30001059,X-PQEX,10000013,Malpais,30001060,N-H95C,10000013,Malpais,0.85,0,0
30003288,X-PYH5,10000041,Syndicate,30003289,ZN0-SR,10000041,Syndicate,0.789,0,1
30003770,X-R3NM,10000047,Providence,30003771,8B-VLX,10000047,Providence,0.428,0,0
30003770,X-R3NM,10000047,Providence,30003772,G-B22J,10000047,Providence,1.304,0,0
30003770,X-R3NM,10000047,Providence,30003773,X6AB-Y,10000047,Providence,1.333,0,0
30002916,X-Z4DA,10000035,Deklein,30002919,33RB-O,10000035,Deklein,1.163,0,0
30002916,X-Z4DA,10000035,Deklein,30002917,3OAT-Q,10000035,Deklein,1.399,0,0
30003208,X-Z4JW,10000040,Oasa,30003209,R8WV-7,10000040,Oasa,1.081,0,0
30000808,X0-6LH,10000009,Insmother,30000810,F3-8X2,10000009,Insmother,1.264,0,0
30000808,X0-6LH,10000009,Insmother,30000809,FN0-QS,10000009,Insmother,0.6,0,0
30000808,X0-6LH,10000009,Insmother,30000811,N7-BIY,10000009,Insmother,0.563,0,1
30000808,X0-6LH,10000009,Insmother,30000812,TTP-2B,10000009,Insmother,1.023,0,0
30000833,X1-IZ0,10000009,Insmother,30001563,RXA-W1,10000018,The Spire,9.871,1,0
30001835,X1E-OQ,10000022,Stain,30001838,Q-Q2S6,10000022,Stain,0.792,0,0
30001835,X1E-OQ,10000022,Stain,30001836,VTGN-U,10000022,Stain,2.671,0,0
30001086,X1W-AL,10000013,Malpais,30001087,F-WZYG,10000013,Malpais,1.581,0,0
30000713,X2-ZA5,10000008,Scalding Pass,30000789,GK5Z-T,10000009,Insmother,2.734,1,0
30002943,X3-PBC,10000035,Deklein,30002951,U-TJ7Y,10000035,Deklein,0.855,0,0
30003688,X36Y-G,10000046,Fade,30003689,L-C3O7,10000046,Fade,1.347,0,0
30003688,X36Y-G,10000046,Fade,30003690,YKSC-A,10000046,Fade,1.072,0,0
30001249,X4-WL0,10000014,Catch,30001251,4NBN-9,10000014,Catch,0.852,0,0
30001249,X4-WL0,10000014,Catch,30001250,W-MPTH,10000014,Catch,1.208,0,0
30000496,X40H-9,10000005,Detorid,30000497,F2W-C6,10000005,Detorid,0.826,0,0
30000245,X445-5,10000003,Vale of the Silent,30000247,9OO-LH,10000003,Vale of the Silent,0.811,0,0
30001967,X47L-Q,10000023,Pure Blind,30001977,J-CIJV,10000023,Pure Blind,1.44,0,0
30004331,X4UV-Z,10000055,Branch,30004333,BKG-Q2,10000055,Branch,4.449,0,0
30004331,X4UV-Z,10000055,Branch,30004335,CX-1XF,10000055,Branch,1.005,0,0
30000777,X5-0EM,10000009,Insmother,30000782,3U-48K,10000009,Insmother,1.637,0,0
30000777,X5-0EM,10000009,Insmother,30000778,G-EURJ,10000009,Insmother,0.496,0,0
30001905,X5O1-L,10000022,Stain,30001906,F-TVAP,10000022,Stain,0.36,0,1
30004416,X6-J6R,10000056,Feythabolis,30004417,BGN1-O,10000056,Feythabolis,0.627,0,1
30004355,X7R-JW,10000055,Branch,30004356,M-HU4V,10000055,Branch,0.772,0,0
30002319,XB-9U2,10000027,Etherium Reach,30002320,F9-FUV,10000027,Etherium Reach,0.828,0,1
30002946,XCBK-X,10000035,Deklein,30002949,9CK-KZ,10000035,Deklein,0.846,0,0
30002946,XCBK-X,10000035,Deklein,30002947,GY5-26,10000035,Deklein,0.952,0,0
30002946,XCBK-X,10000035,Deklein,30002948,VPLL-N,10000035,Deklein,0.851,0,0
30002897,XCF-8N,10000035,Deklein,30002898,FMB-JP,10000035,Deklein,0.778,0,0
30001093,XCZ5-Y,10000013,Malpais,30001094,NRD-5Q,10000013,Malpais,0.427,0,1
30002118,XD-JW7,10000025,Immensea,30002120,H-RXNZ,10000025,Immensea,1.262,0,0
30000889,XD-TOV,10000010,Tribute,30000890,K-6SNI,10000010,Tribute,0.731,0,0
30000889,XD-TOV,10000010,Tribute,30000891,L-VXTK,10000010,Tribute,0.78,0,0
30003224,XEF6-Z,10000040,Oasa,30003225,SON-TW,10000040,Oasa,1.389,0,0
30003224,XEF6-Z,10000040,Oasa,30003226,V-X0KM,10000040,Oasa,0.882,0,0
30004552,XF-TQL,10000058,Fountain,30004553,4-EP12,10000058,Fountain,1.101,0,0
30004552,XF-TQL,10000058,Fountain,30004554,YZS5-4,10000058,Fountain,0.568,0,0
30001958,XFBE-T,10000022,Stain,30001961,0T-LIB,10000022,Stain,0.963,0,1
30001958,XFBE-T,10000022,Stain,30001960,DK6W-I,10000022,Stain,1.044,0,1
30004069,XG-D1L,10000051,Cloud Ring,30004070,6RCQ-V,10000051,Cloud Ring,0.783,0,0
30004069,XG-D1L,10000051,Cloud Ring,30004076,P5-KCC,10000051,Cloud Ring,2.221,0,0
30004875,XGH-SH,10000061,Tenerifis,30004876,G-D0N3,10000061,Tenerifis,0.577,0,1
30003731,XHQ-7V,10000047,Providence,30003760,JEIV-E,10000047,Providence,0.795,0,1
30004613,XJP-Y7,10000058,Fountain,30004614,AV-VB6,10000058,Fountain,0.946,0,0
30000752,XKH-6O,10000009,Insmother,30000754,F39H-1,10000009,Insmother,0.432,0,1
30003263,XKM-DE,10000040,Oasa,30003265,Y-BIPM,10000040,Oasa,2.33,0,0
30003119,XKZ8-H,10000039,Esoteria,30003120,WX-6UX,10000039,Esoteria,1.153,0,0
30003119,XKZ8-H,10000039,Esoteria,30003124,Z-Y9C3,10000039,Esoteria,2.224,0,0
30004342,XM-4L0,10000055,Branch,30004346,B8O-KJ,10000055,Branch,1.682,0,0
30004342,XM-4L0,10000055,Branch,30004343,QCWA-Z,10000055,Branch,0.818,0,0
30004342,XM-4L0,10000055,Branch,30004349,UB-UQZ,10000055,Branch,2.27,0,0
30003252,XM-RMD,10000040,Oasa,30003254,OZ-DS5,10000040,Oasa,1.14,0,1
30001792,XME-SW,10000021,Outer Passage,30001793,JX-SOA,10000021,Outer Passage,0.805,0,0
30004894,XPUM-L,10000062,Omist,30004895,KR8-27,10000062,Omist,1.228,0,0
30001999,XQ-PXU,10000023,Pure Blind,30002003,CR-AQH,10000023,Pure Blind,1.647,0,0
30001999,XQ-PXU,10000023,Pure Blind,30002000,M-YCD4,10000023,Pure Blind,0.506,0,0
30000750,XQP-9C,10000009,Insmother,30000756,2-Q4YG,10000009,Insmother,0.824,0,0
30000750,XQP-9C,10000009,Insmother,30000751,W-6GBI,10000009,Insmother,1.644,0,0
30000585,XQS-GZ,10000006,Wicked Creek,30000599,LKZ-CY,10000006,Wicked Creek,0.914,0,0
30000585,XQS-GZ,10000006,Wicked Creek,30000586,Q-GQHN,10000006,Wicked Creek,0.644,0,0
30001584,XR-ZL7,10000018,The Spire,30001753,XUPK-Z,10000021,Outer Passage,6.118,1,0
30002155,XS-K1O,10000025,Immensea,30002156,FN-DSR,10000025,Immensea,0.85,0,1
30003313,XS-XAY,10000041,Syndicate,30003316,6-U2M8,10000041,Syndicate,0.846,0,0
30003313,XS-XAY,10000041,Syndicate,30003315,617I-I,10000041,Syndicate,0.651,0,0
30003313,XS-XAY,10000041,Syndicate,30003314,DP34-U,10000041,Syndicate,0.434,0,0
30000275,XSQ-TF,10000003,Vale of the Silent,30000276,H-1EOH,10000003,Vale of the Silent,0.716,0,1
30000447,XSUD-1,10000005,Detorid,30000472,OFVH-Y,10000005,Detorid,0.353,0,0
30004038,XT-R36,10000051,Cloud Ring,30004039,5-MLDT,10000051,Cloud Ring,0.589,0,0
30004038,XT-R36,10000051,Cloud Ring,30004041,QXW-PV,10000051,Cloud Ring,2.28,0,0
30002822,XTJ-5Q,10000034,The Kalevala Expanse,30002823,1-KCSA,10000034,The Kalevala Expanse,0.624,0,0
30001113,XTVZ-E,10000013,Malpais,30001115,B2J-5N,10000013,Malpais,0.829,0,0
30001089,XU-BF8,10000013,Malpais,30001090,RIU-GC,10000013,Malpais,0.881,0,0
30005095,XU7-CH,10000066,Perrigen Falls,30005096,2V-ZHM,10000066,Perrigen Falls,0.978,0,0
30005095,XU7-CH,10000066,Perrigen Falls,30005099,R-AG7W,10000066,Perrigen Falls,0.97,0,0
30004856,XUDX-A,10000061,Tenerifis,30004857,QLU-P0,10000061,Tenerifis,0.456,0,0
30004655,XUW-3X,10000058,Fountain,30004656,006-L3,10000058,Fountain,0.685,0,0
30004655,XUW-3X,10000058,Fountain,30004660,ZTS-4D,10000058,Fountain,2.979,0,0
30004655,XUW-3X,10000058,Fountain,30004658,ZUE-NS,10000058,Fountain,2.266,0,0
30000678,XV-MWG,10000008,Scalding Pass,30000684,2-KPW6,10000008,Scalding Pass,1.084,0,0
30000678,XV-MWG,10000008,Scalding Pass,30000683,LBC-AW,10000008,Scalding Pass,1.474,0,0
30000678,XV-MWG,10000008,Scalding Pass,30000682,Q-K2T7,10000008,Scalding Pass,1.429,0,0
30002122,XVV-21,10000025,Immensea,30004804,BW-WJ2,10000061,Tenerifis,1.223,1,0
30004320,XW-2XP,10000055,Branch,30004329,V8W-QS,10000055,Branch,0.768,0,0
30001325,XW-6TC,10000015,Venal,30001329,P-VYVL,10000015,Venal,0.848,0,0
30001325,XW-6TC,10000015,Venal,30001327,VVD-O6,10000015,Venal,0.656,0,0
30002600,XWY-YM,10000031,Impass,30002601,M-9V5D,10000031,Impass,0.591,0,1
30001021,XX9-WV,10000012,Curse,30001032,M-N7WD,10000012,Curse,0.543,0,0
30003228,XXZ-3W,10000040,Oasa,30004171,Y-RAW3,10000053,Cobalt Edge,2.74,1,0
30003237,Y-0HVF,10000040,Oasa,30005190,C3I-D5,10000066,Perrigen Falls,4.937,1,0
30003237,Y-0HVF,10000040,Oasa,30003239,KED-2O,10000040,Oasa,0.625,0,1
30004568,Y-1W01,10000058,Fountain,30004569,9R4-EJ,10000058,Fountain,1.391,0,0
30004568,Y-1W01,10000058,Fountain,30004572,K8L-X7,10000058,Fountain,1.996,0,0
30004665,Y-2ANO,10000058,Fountain,30004777,ZXB-VC,10000060,Delve,13.98,1,0
30001932,Y-4U62,10000022,Stain,30001933,EAWE-2,10000022,Stain,1.424,0,0
30001932,Y-4U62,10000022,Stain,30001935,QCKK-T,10000022,Stain,0.43,0,1
30002597,Y-6B0E,10000031,Impass,30002598,F-3H2P,10000031,Impass,1.385,0,0
30002044,Y-C3EQ,10000023,Pure Blind,30002046,7D-0SQ,10000023,Pure Blind,0.565,0,0
30002044,Y-C3EQ,10000023,Pure Blind,30002045,OGV-AS,10000023,Pure Blind,1.076,0,1
30002169,Y-C4AL,10000025,Immensea,30002170,CKX-RW,10000025,Immensea,0.614,0,0
30004941,Y-CWQY,10000063,Period Basis,30004942,8KR9-5,10000063,Period Basis,1.721,0,0
30004941,Y-CWQY,10000063,Period Basis,30004946,EIMJ-M,10000063,Period Basis,0.574,0,1
30004941,Y-CWQY,10000063,Period Basis,30004944,L5D-ZL,10000063,Period Basis,1.378,0,1
30004941,Y-CWQY,10000063,Period Basis,30004943,VQE-CN,10000063,Period Basis,0.958,0,0
30000958,Y-DSSK,10000011,Great Wildlands,30000961,B-ROFP,10000011,Great Wildlands,0.555,0,1
30000958,Y-DSSK,10000011,Great Wildlands,30000959,F5-CGW,10000011,Great Wildlands,1.592,0,1
30001031,Y-DW5K,10000012,Curse,30001032,M-N7WD,10000012,Curse,0.747,0,0
30001031,Y-DW5K,10000012,Curse,30001033,QFEW-K,10000012,Curse,0.567,0,0
30004859,Y-EQ0C,10000061,Tenerifis,30004860,7M4C-F,10000061,Tenerifis,1.465,0,0
30004859,Y-EQ0C,10000061,Tenerifis,30004862,8-BEW8,10000061,Tenerifis,4.317,0,0
30002162,Y-FZ5N,10000025,Immensea,30002164,U79-JF,10000025,Immensea,0.666,0,1
30002162,Y-FZ5N,10000025,Immensea,30004820,ZMV9-A,10000061,Tenerifis,5.665,1,0
30002586,Y-JKJ8,10000031,Impass,30002587,AFJ-NB,10000031,Impass,1.318,0,0
30001039,Y-K50G,10000012,Curse,30001041,G-0Q86,10000012,Curse,0.691,0,0
30001039,Y-K50G,10000012,Curse,30001040,K88X-J,10000012,Curse,1.839,0,1
30004898,Y-MSJN,10000062,Omist,30004900,3FKU-H,10000062,Omist,0.921,0,0
30004898,Y-MSJN,10000062,Omist,30004899,MJ-X5V,10000062,Omist,0.999,0,0
30004809,Y-ORBJ,10000061,Tenerifis,30004810,6-IAFR,10000061,Tenerifis,0.962,0,0
30001255,Y-PNRL,10000014,Catch,30001257,6BPS-T,10000014,Catch,0.729,0,0
30001255,Y-PNRL,10000014,Catch,30001256,FAT-6P,10000014,Catch,1.054,0,0
30004171,Y-RAW3,10000053,Cobalt Edge,30004175,5E6I-W,10000053,Cobalt Edge,1.268,0,0
30004171,Y-RAW3,10000053,Cobalt Edge,30004179,A-0IIQ,10000053,Cobalt Edge,1.866,0,0
30004171,Y-RAW3,10000053,Cobalt Edge,30004176,KIG9-K,10000053,Cobalt Edge,0.863,0,1
30004171,Y-RAW3,10000053,Cobalt Edge,30004172,S-W8CF,10000053,Cobalt Edge,0.816,0,0
30001261,Y-W1Q3,10000015,Venal,30001262,Y6-HPG,10000015,Venal,1.594,0,0
30003342,Y-W6GF,10000041,Syndicate,30003348,5KS-AB,10000041,Syndicate,1.403,0,1
30003342,Y-W6GF,10000041,Syndicate,30003343,KFR-ZE,10000041,Syndicate,1.016,0,0
30003342,Y-W6GF,10000041,Syndicate,30003344,KLYN-8,10000041,Syndicate,0.704,0,1
30004428,Y-YGMW,10000056,Feythabolis,30004429,75C-WN,10000056,Feythabolis,1.201,0,0
30004428,Y-YGMW,10000056,Feythabolis,30004435,JI-LGM,10000056,Feythabolis,1.363,0,0
30004428,Y-YGMW,10000056,Feythabolis,30004431,PO-3QW,10000056,Feythabolis,0.573,0,1
30003651,Y-YHZQ,10000045,Tenal,30003653,GW7P-8,10000045,Tenal,0.869,0,0
30003651,Y-YHZQ,10000045,Tenal,30003654,SF-XJS,10000045,Tenal,1.381,0,0
30003651,Y-YHZQ,10000045,Tenal,30003652,Z-SR1I,10000045,Tenal,0.993,0,0
30001846,Y1-UQ2,10000022,Stain,30001847,HM-UVD,10000022,Stain,0.992,0,0
30002109,Y19P-1,10000025,Immensea,30002113,A4B-V5,10000025,Immensea,0.861,0,0
30002109,Y19P-1,10000025,Immensea,30002110,B9E-H6,10000025,Immensea,1.151,0,0
30002109,Y19P-1,10000025,Immensea,30002112,JDAS-0,10000025,Immensea,1.171,0,0
30002109,Y19P-1,10000025,Immensea,30002114,LN-56V,10000025,Immensea,1.092,0,0
30002109,Y19P-1,10000025,Immensea,30002111,SPBS-6,10000025,Immensea,0.51,0,0
30002037,Y2-6EA,10000023,Pure Blind,30002041,DT-TCD,10000023,Pure Blind,0.462,0,1
30002037,Y2-6EA,10000023,Pure Blind,30002038,TFA0-U,10000023,Pure Blind,0.733,0,0
30004456,Y2-I3W,10000056,Feythabolis,30004458,CL-J9W,10000056,Feythabolis,0.71,0,1
30002115,Y2-QUV,10000025,Immensea,30002116,O7-7UX,10000025,Immensea,0.793,0,1
30000918,Y4-GQV,10000011,Great Wildlands,30000994,92-B0X,10000011,Great Wildlands,1.053,0,0
30000918,Y4-GQV,10000011,Great Wildlands,30000920,AZF-GH,10000011,Great Wildlands,1.243,0,0
30000918,Y4-GQV,10000011,Great Wildlands,30000922,M-EKDF,10000011,Great Wildlands,1.231,0,0
30000918,Y4-GQV,10000011,Great Wildlands,30000924,VXO-OM,10000011,Great Wildlands,2.98,0,0
30000918,Y4-GQV,10000011,Great Wildlands,30000957,WTIE-6,10000011,Great Wildlands,0.689,0,0
30001570,Y4B-BQ,10000018,The Spire,30001571,EU-WFW,10000018,The Spire,2.349,0,0
30001570,Y4B-BQ,10000018,The Spire,30001572,K-YL9T,10000018,The Spire,5.799,0,0
30001570,Y4B-BQ,10000018,The Spire,30001592,L-EUY2,10000018,The Spire,1.574,0,0
30004785,Y5C-YD,10000060,Delve,30004786,31X-RE,10000060,Delve,0.822,0,0
30004785,Y5C-YD,10000060,Delve,30004787,Q-02UL,10000060,Delve,1.039,0,0
30000308,Y5J-EU,10000003,Vale of the Silent,30000898,2CG-5V,10000010,Tribute,7.046,1,0
30000308,Y5J-EU,10000003,Vale of the Silent,30000312,8-TFDX,10000003,Vale of the Silent,1.734,0,0
30000308,Y5J-EU,10000003,Vale of the Silent,30000310,G5ED-Y,10000003,Vale of the Silent,0.893,0,0
30000308,Y5J-EU,10000003,Vale of the Silent,30000309,O-LR1H,10000003,Vale of the Silent,0.741,0,0
30001058,Y6-9LF,10000013,Malpais,30001061,NSI-MW,10000013,Malpais,1.223,0,1
30001262,Y6-HPG,10000015,Venal,30001264,KK-L97,10000015,Venal,0.837,0,0
30001262,Y6-HPG,10000015,Venal,30001263,Z-GY5S,10000015,Venal,0.89,0,0
30001559,Y8K-5B,10000018,The Spire,30001597,M-NP5O,10000018,The Spire,3.38,0,0
30003307,Y9G-KS,10000041,Syndicate,30003565,Conomette,10000044,Solitude,1.222,1,0
30003307,Y9G-KS,10000041,Syndicate,30003573,Pertnineere,10000044,Solitude,0.836,1,0
30002902,YA0-XJ,10000035,Deklein,30002903,2-KF56,10000035,Deklein,0.352,0,0
30002902,YA0-XJ,10000035,Deklein,30002905,2R-CRW,10000035,Deklein,0.946,0,0
30002592,YALR-F,10000031,Impass,30002594,IV-UNR,10000031,Impass,1.671,0,0
30003158,YAP-TN,10000039,Esoteria,30003162,HHE5-L,10000039,Esoteria,1.255,0,0
30003158,YAP-TN,10000039,Esoteria,30003159,PE-H02,10000039,Esoteria,2.224,0,0
30004797,YAW-7M,10000060,Delve,30004798,C3N-3S,10000060,Delve,1.209,0,0
30001803,YC-ANK,10000021,Outer Passage,30001804,LTT-AP,10000021,Outer Passage,1.349,0,0
30003997,YF-6L1,10000050,Querious,30003998,K-YI1L,10000050,Querious,1.12,0,0
30003997,YF-6L1,10000050,Querious,30004002,QXQ-I6,10000050,Querious,1.587,0,1
30004838,YF-P4X,10000061,Tenerifis,30004839,JI1-SY,10000061,Tenerifis,0.481,0,0
30000530,YHEN-G,10000006,Wicked Creek,30000534,30-YOU,10000006,Wicked Creek,1.59,0,0
30000530,YHEN-G,10000006,Wicked Creek,30000535,384-IN,10000006,Wicked Creek,0.431,0,0
30000530,YHEN-G,10000006,Wicked Creek,30000531,E-JCUS,10000006,Wicked Creek,0.626,0,0
30004459,YHP2-D,10000056,Feythabolis,30004460,J94-MU,10000056,Feythabolis,0.95,0,0
30004051,YI-8ZM,10000051,Cloud Ring,30004053,6-4V20,10000051,Cloud Ring,1.432,0,0
30004051,YI-8ZM,10000051,Cloud Ring,30004056,8R-RTB,10000051,Cloud Ring,2.092,0,0
30004051,YI-8ZM,10000051,Cloud Ring,30004052,OU-X3P,10000051,Cloud Ring,0.757,0,0
30000583,YI-GV6,10000006,Wicked Creek,30000663,DE-A7P,10000008,Scalding Pass,1.404,1,0
30000583,YI-GV6,10000006,Wicked Creek,30000584,SO-X5L,10000006,Wicked Creek,0.865,0,0
30001353,YJ3-UT,10000015,Venal,30001355,C2-DDA,10000015,Venal,0.923,0,1
30001353,YJ3-UT,10000015,Venal,30001354,ZD4-G9,10000015,Venal,0.481,0,1
30001024,YKE4-3,10000012,Curse,30001026,K-QWHE,10000012,Curse,1.301,0,0
30001024,YKE4-3,10000012,Curse,30001028,RMOC-W,10000012,Curse,1.027,0,0
30003690,YKSC-A,10000046,Fade,30003692,C-OK0R,10000046,Fade,1.156,0,1
30003690,YKSC-A,10000046,Fade,30003691,FIO1-8,10000046,Fade,0.836,0,0
30000880,YLS8-J,10000010,Tribute,30000885,OY-UZ1,10000010,Tribute,0.738,0,1
30000880,YLS8-J,10000010,Tribute,30000882,X-CFN6,10000010,Tribute,0.918,0,1
30001118,YM-SRU,10000013,Malpais,30001124,C-NMG9,10000013,Malpais,1.338,0,0
30001118,YM-SRU,10000013,Malpais,30001125,P3X-TN,10000013,Malpais,0.525,0,1
30000241,YMJG-4,10000003,Vale of the Silent,30000253,DAYP-G,10000003,Vale of the Silent,0.571,0,0
30002432,YN3-E3,10000029,Geminate,30002434,L-HV5C,10000029,Geminate,0.547,0,0
30002432,YN3-E3,10000029,Geminate,30002493,LR-2XT,10000029,Geminate,0.704,0,1
30002432,YN3-E3,10000029,Geminate,30002433,NBPH-N,10000029,Geminate,0.473,0,0
30001271,YP-J33,10000015,Venal,30001272,D-8SI1,10000015,Venal,0.585,0,0
30000784,YPW-M4,10000009,Insmother,30000787,74-VZA,10000009,Insmother,2.05,0,0
30000784,YPW-M4,10000009,Insmother,30000786,L5-UWT,10000009,Insmother,0.797,0,0
30000784,YPW-M4,10000009,Insmother,30000785,Q7-FZ8,10000009,Insmother,1.012,0,0
30001758,YQM-P1,10000021,Outer Passage,30001761,D-JVGJ,10000021,Outer Passage,1.206,0,0
30003212,YQTK-R,10000040,Oasa,30003242,E6Q-LE,10000040,Oasa,0.646,0,0
30003212,YQTK-R,10000040,Oasa,30003229,RF-X7V,10000040,Oasa,1.278,0,1
30004026,YQX-7U,10000050,Querious,30004029,BX-VEX,10000050,Querious,1.203,0,1
30004026,YQX-7U,10000050,Querious,30004027,QY1E-N,10000050,Querious,0.383,0,0
30003178,YRV-MZ,10000039,Esoteria,30003181,QFIU-K,10000039,Esoteria,1.055,0,0
30004679,YV-FDG,10000059,Paragon Soul,30004681,8Q-UYU,10000059,Paragon Soul,1.819,0,0
30004679,YV-FDG,10000059,Paragon Soul,30004680,LUL-WX,10000059,Paragon Soul,0.973,0,0
30004679,YV-FDG,10000059,Paragon Soul,30004685,UAAU-C,10000059,Paragon Soul,2.063,0,0
30004548,YVA-F0,10000057,Outer Ring,30004549,0D-CHA,10000057,Outer Ring,0.948,0,1
30004561,YVBE-E,10000058,Fountain,30004563,AC2E-3,10000058,Fountain,1.565,0,0
30004561,YVBE-E,10000058,Fountain,30004562,BYXF-Q,10000058,Fountain,0.805,0,0
30003990,YW-SYT,10000050,Querious,30003991,Z-UZZN,10000050,Querious,1.778,0,0
30003705,YWS0-Z,10000047,Providence,30003706,4B-NQN,10000047,Providence,0.772,0,0
30003705,YWS0-Z,10000047,Providence,30003731,XHQ-7V,10000047,Providence,1.53,0,0
30004617,YZ-LQL,10000058,Fountain,30004620,75FA-Z,10000058,Fountain,1.452,0,0
30004617,YZ-LQL,10000058,Fountain,30004619,A-1CON,10000058,Fountain,0.705,0,1
30004617,YZ-LQL,10000058,Fountain,30004622,D-Q04X,10000058,Fountain,1.583,0,0
30004617,YZ-LQL,10000058,Fountain,30004618,MN5N-X,10000058,Fountain,0.983,0,0
30004617,YZ-LQL,10000058,Fountain,30004623,Serpentis Prime,10000058,Fountain,0.44,0,1
30004719,YZ9-F6,10000060,Delve,30004720,0N-3RO,10000060,Delve,0.888,0,1
30004719,YZ9-F6,10000060,Delve,30004722,319-3D,10000060,Delve,1.265,0,0
30004554,YZS5-4,10000058,Fountain,30004584,Z9PP-H,10000058,Fountain,0.807,0,0
30000080,Yadi,10000001,Derelik,30000081,Buftiar,10000001,Derelik,0.713,0,1
30004286,Yahyerer,10000054,Aridia,30004287,Esubara,10000054,Aridia,0.495,0,0
30001701,Yanuel,10000020,Tash-Murkon,30001704,Arkoz,10000020,Tash-Murkon,0.549,0,1
30001701,Yanuel,10000020,Tash-Murkon,30001722,Marthia,10000020,Tash-Murkon,1.52,0,0
30001701,Yanuel,10000020,Tash-Murkon,30001702,Nafrivik,10000020,Tash-Murkon,1.209,0,0
30001701,Yanuel,10000020,Tash-Murkon,30001703,Taru,10000020,Tash-Murkon,0.865,0,0
30004111,Yarebap,10000052,Kador,30004113,Miah,10000052,Kador,1.161,0,1
30002762,Yashunen,10000033,The Citadel,30002764,Hatakani,10000033,The Citadel,0.579,0,0
30002762,Yashunen,10000033,The Citadel,30004974,Jolevier,10000064,Essence,0.858,1,0
30002762,Yashunen,10000033,The Citadel,30002763,Tennen,10000033,The Citadel,0.769,0,0
30001713,Yasud,10000020,Tash-Murkon,30001714,Ghishul,10000020,Tash-Murkon,1.452,0,0
30001713,Yasud,10000020,Tash-Murkon,30001715,Moutid,10000020,Tash-Murkon,0.788,0,0
30004144,Yebouz,10000052,Kador,30004145,Hapala,10000052,Kador,0.539,0,1
30001710,Yeder,10000020,Tash-Murkon,30001711,Azerakish,10000020,Tash-Murkon,0.838,0,0
30001710,Yeder,10000020,Tash-Murkon,30001714,Ghishul,10000020,Tash-Murkon,2.132,0,0
30003514,Yeeramoun,10000043,Domain,30003515,Anila,10000043,Domain,0.911,0,0
30003514,Yeeramoun,10000043,Domain,30003517,Etav,10000043,Domain,0.836,0,0
30004236,Yehaba,10000054,Aridia,30004238,Gens,10000054,Aridia,2.876,0,0
30004236,Yehaba,10000054,Aridia,30004237,Kenahehab,10000054,Aridia,1.576,0,0
30004260,Yiratal,10000054,Aridia,30004261,Balas,10000054,Aridia,0.631,0,0
30004260,Yiratal,10000054,Aridia,30004263,Feshur,10000054,Aridia,0.584,0,0
30004260,Yiratal,10000054,Aridia,30004262,Pemsah,10000054,Aridia,0.615,0,0
30000036,Yishinoon,10000001,Derelik,30000037,Uplingur,10000001,Derelik,0.458,0,0
30001395,Ylandoki,10000016,Lonetrek,30001396,Aakari,10000016,Lonetrek,0.775,0,0
30001395,Ylandoki,10000016,Lonetrek,30001397,Isseras,10000016,Lonetrek,1.138,0,0
30001427,Yoma,10000016,Lonetrek,30001428,Ibura,10000016,Lonetrek,0.667,0,0
30005017,Yona,10000064,Essence,30005021,Adrel,10000064,Essence,1.164,0,0
30005017,Yona,10000064,Essence,30005019,Aporulie,10000064,Essence,0.796,0,0
30005017,Yona,10000064,Essence,30005018,Noghere,10000064,Essence,0.664,0,0
30001668,Yong,10000020,Tash-Murkon,30003561,Biphi,10000043,Domain,4.247,1,0
30004131,Yooh,10000052,Kador,30004133,Hilmar,10000052,Kador,1.419,0,0
30004131,Yooh,10000052,Kador,30004132,Jeshideh,10000052,Kador,1.071,0,0
30003493,Youl,10000043,Domain,30003494,Ekid,10000043,Domain,1.212,0,0
30003493,Youl,10000043,Domain,30003496,Nakri,10000043,Domain,0.581,0,0
30003493,Youl,10000043,Domain,30003498,Sharhelund,10000043,Domain,2.435,0,1
30002794,Yria,10000033,The Citadel,30002799,Oisio,10000033,The Citadel,0.684,0,0
30002794,Yria,10000033,The Citadel,30002795,Oshaima,10000033,The Citadel,0.662,0,0
30003414,Yrmori,10000042,Metropolis,30003459,Lirerim,10000042,Metropolis,0.936,0,0
30003545,Yuhelia,10000043,Domain,30003548,Barira,10000043,Domain,0.861,0,0
30003545,Yuhelia,10000043,Domain,30003546,Maiah,10000043,Domain,0.649,0,0
30005204,Yulai,10000067,Genesis,30005206,Kemerk,10000067,Genesis,1.386,0,0
30005204,Yulai,10000067,Genesis,30100032,Manifest,10001004,Exordium,6.336,1,1
30005204,Yulai,10000067,Genesis,30005301,Tourier,10000068,Verge Vendor,0.969,1,0
30000007,Yuzier,10000001,Derelik,30000008,Nirbhi,10000001,Derelik,0.785,0,0
30003588,Yvaeroure,10000044,Solitude,30003589,Vecodie,10000044,Solitude,0.585,0,0
30004977,Yvangier,10000064,Essence,30004979,Heydieles,10000064,Essence,0.524,0,0
30003567,Yveve,10000044,Solitude,30003570,Elore,10000044,Solitude,1.639,0,0
30003567,Yveve,10000044,Solitude,30003568,Meunvon,10000044,Solitude,0.842,0,0
30003567,Yveve,10000044,Solitude,30003591,Yvelet,10000044,Solitude,4.245,0,0
30004542,Z-40CG,10000057,Outer Ring,30004543,O-RIDF,10000057,Outer Ring,1.076,0,1
30001956,Z-6YQC,10000022,Stain,30001957,F7-ICZ,10000022,Stain,1.156,0,0
30001956,Z-6YQC,10000022,Stain,30001958,XFBE-T,10000022,Stain,1.393,0,1
30004921,Z-7OK1,10000062,Omist,30004922,UEP0-A,10000062,Omist,1.108,0,0
30000266,Z-8Q65,10000003,Vale of the Silent,30000267,0J3L-V,10000003,Vale of the Silent,0.708,0,0
30001074,Z-DDVJ,10000013,Malpais,30001132,863P-X,10000013,Malpais,1.141,0,0
30002292,Z-DRIY,10000027,Etherium Reach,30002293,8-MXHA,10000027,Etherium Reach,0.895,0,0
30002292,Z-DRIY,10000027,Etherium Reach,30005129,BEG-RL,10000066,Perrigen Falls,1.148,1,0
30001097,Z-EKCY,10000013,Malpais,30002837,QZX-L9,10000034,The Kalevala Expanse,1.234,1,0
30001097,Z-EKCY,10000013,Malpais,30001098,SH-YZY,10000013,Malpais,0.536,0,0
30005132,Z-ENUD,10000066,Perrigen Falls,30005134,M5NO-B,10000066,Perrigen Falls,1.14,0,0
30005132,Z-ENUD,10000066,Perrigen Falls,30005133,MJ-5F9,10000066,Perrigen Falls,1.034,0,0
30002368,Z-FET0,10000027,Etherium Reach,30002369,EX-GBT,10000027,Etherium Reach,1.197,0,0
30001263,Z-GY5S,10000015,Venal,30001264,KK-L97,10000015,Venal,1.014,0,0
30001263,Z-GY5S,10000015,Venal,30001265,R-KZK7,10000015,Venal,0.863,0,0
30002141,Z-H2MA,10000025,Immensea,30002143,B-KDOZ,10000025,Immensea,0.57,0,0
30004341,Z-K495,10000055,Branch,30004342,XM-4L0,10000055,Branch,0.599,0,1
30003646,Z-LO6I,10000045,Tenal,30003647,0M-103,10000045,Tenal,0.538,0,1
30003646,Z-LO6I,10000045,Tenal,30003648,6OYQ-Z,10000045,Tenal,0.596,0,1
30004965,Z-M5A1,10000063,Period Basis,30004966,MVUO-F,10000063,Period Basis,0.697,0,1
30003154,Z-MO29,10000039,Esoteria,30003157,DNEP-Y,10000039,Esoteria,0.7,0,0
30003154,Z-MO29,10000039,Esoteria,30003155,G-JC9R,10000039,Esoteria,0.39,0,0
30004425,Z-PNIA,10000056,Feythabolis,30004429,75C-WN,10000056,Feythabolis,2.693,0,0
30004425,Z-PNIA,10000056,Feythabolis,30004426,OCU4-R,10000056,Feythabolis,1.342,0,0
30003783,Z-RFE3,10000047,Providence,30003785,18XA-C,10000047,Providence,0.367,0,0
30003652,Z-SR1I,10000045,Tenal,30003653,GW7P-8,10000045,Tenal,0.902,0,0
30003991,Z-UZZN,10000050,Querious,30003993,BX2-ZX,10000050,Querious,0.8,0,1
30003991,Z-UZZN,10000050,Querious,30003995,C-7SBM,10000050,Querious,1.528,0,0
30003991,Z-UZZN,10000050,Querious,30003992,DS-LO3,10000050,Querious,1.163,0,0
30001304,Z0-TJW,10000015,Venal,30001305,QHJ-FW,10000015,Venal,1.193,0,0
30002337,Z0G-XG,10000027,Etherium Reach,30002338,ALC-JM,10000027,Etherium Reach,1.024,0,0
30001091,Z0H2-4,10000013,Malpais,30001092,63-7Q6,10000013,Malpais,1.013,0,0
30001091,Z0H2-4,10000013,Malpais,30002309,N06Z-Q,10000027,Etherium Reach,2.107,1,0
30001091,Z0H2-4,10000013,Malpais,30001093,XCZ5-Y,10000013,Malpais,0.81,0,1
30000739,Z182-R,10000009,Insmother,30000740,EKPB-3,10000009,Insmother,0.834,0,0
30001582,Z19-B8,10000018,The Spire,30001583,HPMN-V,10000018,The Spire,1.054,0,0
30001582,Z19-B8,10000018,The Spire,30001584,XR-ZL7,10000018,The Spire,0.649,0,0
30001861,Z2-QQP,10000022,Stain,30001865,U-WLT9,10000022,Stain,1.025,0,0
30004607,Z30S-A,10000058,Fountain,30004617,YZ-LQL,10000058,Fountain,1.357,0,0
30001345,Z3U-GI,10000015,Venal,30001349,42XJ-N,10000015,Venal,0.916,0,0
30001345,Z3U-GI,10000015,Venal,30001346,B3QP-K,10000015,Venal,1.523,0,0
30001345,Z3U-GI,10000015,Venal,30001347,GVZ-1W,10000015,Venal,2.008,0,0
30004707,Z3V-1W,10000060,Delve,30004710,1DH-SX,10000060,Delve,1.162,0,0
30004707,Z3V-1W,10000060,Delve,30004708,A-ELE2,10000060,Delve,0.824,0,0
30004707,Z3V-1W,10000060,Delve,30004709,KFIE-Z,10000060,Delve,0.842,0,1
30002117,Z8-81T,10000025,Immensea,30002119,DY-P7Q,10000025,Immensea,1.157,0,0
30002117,Z8-81T,10000025,Immensea,30002120,H-RXNZ,10000025,Immensea,0.765,0,0
30004584,Z9PP-H,10000058,Fountain,30004585,7-8S5X,10000058,Fountain,1.254,0,1
30004584,Z9PP-H,10000058,Fountain,30004586,EI-O0O,10000058,Fountain,1.003,0,0
30000304,ZA0L-U,10000003,Vale of the Silent,30000305,G96R-F,10000003,Vale of the Silent,0.89,0,1
30003996,ZAU-JW,10000050,Querious,30004001,8-GE2P,10000050,Querious,1.122,0,1
30003996,ZAU-JW,10000050,Querious,30003998,K-YI1L,10000050,Querious,0.655,0,0
30003996,ZAU-JW,10000050,Querious,30003997,YF-6L1,10000050,Querious,0.701,0,0
30004701,ZBY-0I,10000059,Paragon Soul,30004702,MP5-KR,10000059,Paragon Soul,0.955,0,1
30004817,ZD1-Z2,10000061,Tenerifis,30004818,C-FD0D,10000061,Tenerifis,0.805,0,0
30000719,ZDB-HT,10000008,Scalding Pass,30000720,1QZ-Y9,10000008,Scalding Pass,0.797,0,0
30004704,ZDYA-G,10000059,Paragon Soul,30004705,LX5K-W,10000059,Paragon Soul,1.629,0,0
30001765,ZEZ1-9,10000021,Outer Passage,30001825,CNHV-M,10000021,Outer Passage,1.82,0,0
30000688,ZFJH-T,10000008,Scalding Pass,30000690,G15Z-W,10000008,Scalding Pass,0.857,0,0
30000688,ZFJH-T,10000008,Scalding Pass,30001021,XX9-WV,10000012,Curse,1.349,1,0
30003618,ZH3-BS,10000045,Tenal,30003619,ZJ-QOO,10000045,Tenal,1.449,0,0
30004489,ZID-LE,10000056,Feythabolis,30004492,2-RSC7,10000056,Feythabolis,1.015,0,1
30004489,ZID-LE,10000056,Feythabolis,30004490,K-9UG4,10000056,Feythabolis,0.577,0,0
30001810,ZJ-5IS,10000021,Outer Passage,30001811,GA58-7,10000021,Outer Passage,1.76,0,0
30000937,ZJ-GOU,10000011,Great Wildlands,30000941,QM-20X,10000011,Great Wildlands,0.896,0,0
30000937,ZJ-GOU,10000011,Great Wildlands,30000938,QQ3-YI,10000011,Great Wildlands,1.136,0,0
30003619,ZJ-QOO,10000045,Tenal,30003621,I1-BE8,10000045,Tenal,1.053,0,0
30003619,ZJ-QOO,10000045,Tenal,30003620,ZXA-V6,10000045,Tenal,0.804,0,0
30002130,ZJA-6U,10000025,Immensea,30002131,94FR-S,10000025,Immensea,0.938,0,0
30002130,ZJA-6U,10000025,Immensea,30002136,E1F-LK,10000025,Immensea,1.07,0,0
30002130,ZJA-6U,10000025,Immensea,30002133,GM-0K7,10000025,Immensea,1.62,0,0
30002130,ZJA-6U,10000025,Immensea,30002134,I-NGI8,10000025,Immensea,0.827,0,0
30004888,ZJG-7D,10000062,Omist,30004890,VULA-I,10000062,Omist,1.477,0,0
30003658,ZK-YQ3,10000045,Tenal,30003662,EN-GTB,10000045,Tenal,0.713,0,0
30003658,ZK-YQ3,10000045,Tenal,30003659,MZPH-W,10000045,Tenal,1.828,0,0
30002018,ZKYV-W,10000023,Pure Blind,30002019,F-NMX6,10000023,Pure Blind,2.408,0,0
30002018,ZKYV-W,10000023,Pure Blind,30002021,FWA-4V,10000023,Pure Blind,2.595,0,0
30000449,ZLO3-V,10000005,Detorid,30000451,JFV-ID,10000005,Detorid,2.575,0,0
30000296,ZLZ-1Z,10000003,Vale of the Silent,30000297,6Y-WRK,10000003,Vale of the Silent,0.732,0,0
30000296,ZLZ-1Z,10000003,Vale of the Silent,30000298,RVCZ-C,10000003,Vale of the Silent,1.061,0,0
30004820,ZMV9-A,10000061,Tenerifis,30004821,FE-6YQ,10000061,Tenerifis,0.894,0,0
30003289,ZN0-SR,10000041,Syndicate,30003290,5-DSFH,10000041,Syndicate,1.047,0,0
30003289,ZN0-SR,10000041,Syndicate,30003291,AK-QBU,10000041,Syndicate,0.51,0,0
30000699,ZNF-OK,10000008,Scalding Pass,30000701,4E-EZS,10000008,Scalding Pass,0.501,0,0
30000699,ZNF-OK,10000008,Scalding Pass,30000700,C8-7AS,10000008,Scalding Pass,1.067,0,0
30000699,ZNF-OK,10000008,Scalding Pass,30000721,HJ-BCH,10000008,Scalding Pass,1.25,0,0
30000802,ZO-4AR,10000009,Insmother,30000804,F2A-GX,10000009,Insmother,0.91,0,1
30000802,ZO-4AR,10000009,Insmother,30000803,MJ-LGH,10000009,Insmother,0.774,0,1
30004882,ZO-P5K,10000061,Tenerifis,30004926,7L9-ZC,10000062,Omist,8.464,1,0
30001133,ZO-YJZ,10000013,Malpais,30001134,6A-FUY,10000013,Malpais,0.525,0,0
30001133,ZO-YJZ,10000013,Malpais,30001135,HG-YEQ,10000013,Malpais,1.938,0,0
30002923,ZOYW-O,10000035,Deklein,30002926,RO0-AF,10000035,Deklein,1.002,0,0
30001226,ZQ-Z3Y,10000014,Catch,30003707,9UY4-H,10000047,Providence,1.141,1,0
30001226,ZQ-Z3Y,10000014,Catch,30001227,G-AOTH,10000014,Catch,1.257,0,0
30004496,ZQP-QV,10000057,Outer Ring,30004497,P-NUWP,10000057,Outer Ring,1.206,0,0
30004496,ZQP-QV,10000057,Outer Ring,30004500,TQ-RR8,10000057,Outer Ring,1.006,0,0
30004496,ZQP-QV,10000057,Outer Ring,30004498,ZJQH-S,10000057,Outer Ring,0.707,0,0
30004469,ZS-2LT,10000056,Feythabolis,30004470,DB1R-4,10000056,Feythabolis,0.72,0,1
30002352,ZS-PNI,10000027,Etherium Reach,30002354,8KE-YS,10000027,Etherium Reach,0.75,0,0
30003747,ZT-LPU,10000047,Providence,30003766,1-1I53,10000047,Providence,0.603,0,0
30004955,ZU-MS3,10000063,Period Basis,30004956,HIX4-H,10000063,Period Basis,0.791,0,0
30004658,ZUE-NS,10000058,Fountain,30004659,L7-APB,10000058,Fountain,0.935,0,0
30004658,ZUE-NS,10000058,Fountain,30004660,ZTS-4D,10000058,Fountain,0.887,0,0
30003369,ZV-72W,10000041,Syndicate,30003373,98Q-8O,10000041,Syndicate,0.757,0,0
30003369,ZV-72W,10000041,Syndicate,30003371,CY-ZLP,10000041,Syndicate,0.368,0,0
30003369,ZV-72W,10000041,Syndicate,30003372,U4-Q2V,10000041,Syndicate,1.204,0,1
30003272,ZVN5-H,10000041,Syndicate,30003282,8-JYPM,10000041,Syndicate,1.26,0,0
30003272,ZVN5-H,10000041,Syndicate,30003293,AAS-8R,10000041,Syndicate,1.121,0,0
30003272,ZVN5-H,10000041,Syndicate,30003273,ATY-2U,10000041,Syndicate,0.582,0,0
30003272,ZVN5-H,10000041,Syndicate,30003285,JH-M2W,10000041,Syndicate,0.738,0,0
30003272,ZVN5-H,10000041,Syndicate,30003283,PVH8-0,10000041,Syndicate,1.134,0,0
30001590,ZWM-BB,10000018,The Spire,30001809,L1YK-V,10000021,Outer Passage,4.138,1,0
30004687,ZWV-GD,10000059,Paragon Soul,30004688,1DDR-X,10000059,Paragon Soul,1.393,0,0
30004687,ZWV-GD,10000059,Paragon Soul,30004690,AA-GWF,10000059,Paragon Soul,0.72,0,0
30004687,ZWV-GD,10000059,Paragon Soul,30004689,LG-WA9,10000059,Paragon Soul,1.263,0,0
30003620,ZXA-V6,10000045,Tenal,30004352,T-Q2DD,10000055,Branch,4.37,1,0
30004540,ZXC8-1,10000057,Outer Ring,30004541,LBV-Q1,10000057,Outer Ring,0.595,0,1
30004528,ZXI-K2,10000057,Outer Ring,30004532,B0C-LD,10000057,Outer Ring,0.612,0,0
30001168,ZXIC-7,10000014,Catch,30001169,2J-WJY,10000014,Catch,1.609,0,0
30001168,ZXIC-7,10000014,Catch,30001171,F4R2-Q,10000014,Catch,1.47,0,0
30001168,ZXIC-7,10000014,Catch,30001194,WQH-4K,10000014,Catch,1.04,0,0
30004031,ZXJ-71,10000050,Querious,30004033,ES-Q0W,10000050,Querious,0.989,0,0
30004031,ZXJ-71,10000050,Querious,30004032,F-NXLQ,10000050,Querious,1.363,0,0
30004437,ZXOG-O,10000056,Feythabolis,30004438,NW2S-A,10000056,Feythabolis,0.498,0,0
30004437,ZXOG-O,10000056,Feythabolis,30004439,U-JJEW,10000056,Feythabolis,0.901,0,0
30002360,ZZ5X-M,10000027,Etherium Reach,30002362,CL-IRS,10000027,Etherium Reach,1.038,0,0
30001807,ZZK-VF,10000021,Outer Passage,30001808,SN-Q1T,10000021,Outer Passage,0.927,0,0
30001807,ZZK-VF,10000021,Outer Passage,30001810,ZJ-5IS,10000021,Outer Passage,1.178,0,0
30003927,Zahefeus,10000049,Khanid,30003928,Zephan,10000049,Khanid,1.286,0,0
30000006,Zaid,10000001,Derelik,30000023,Fovihi,10000001,Derelik,0.74,0,0
30000006,Zaid,10000001,Derelik,30000008,Nirbhi,10000001,Derelik,0.912,0,0
30003497,Zaimeth,10000043,Domain,30003499,Mai,10000043,Domain,0.739,0,1
30003497,Zaimeth,10000043,Domain,30003498,Sharhelund,10000043,Domain,0.632,0,1
30005211,Zarer,10000067,Genesis,30005218,Sosh,10000067,Genesis,1.408,0,0
30005079,Zatamaka,10000065,Kor-Azor,30005081,Piri,10000065,Kor-Azor,1.7,0,0
30002280,Zatsyaki,10000043,Domain,30002282,Bhizheba,10000043,Domain,1.004,0,0
30002280,Zatsyaki,10000043,Domain,30002281,Eba,10000043,Domain,0.43,0,0
30004290,Zaveral,10000054,Aridia,30004295,Keba,10000054,Aridia,0.804,0,0
30004232,Zayi,10000054,Aridia,30004235,Maseera,10000054,Aridia,1.624,0,0
30004232,Zayi,10000054,Aridia,30004233,Shirshocin,10000054,Aridia,1.412,0,0
30004285,Zazamye,10000054,Aridia,30004286,Yahyerer,10000054,Aridia,1.161,0,0
30001734,Zehru,10000020,Tash-Murkon,30041672,Seitam,10000020,Tash-Murkon,0.448,0,1
30001734,Zehru,10000020,Tash-Murkon,30001735,Uhodoh,10000020,Tash-Murkon,0.6,0,0
30003928,Zephan,10000049,Khanid,30003936,Nakis,10000049,Khanid,0.931,0,0
30003928,Zephan,10000049,Khanid,30003929,Neda,10000049,Khanid,1.132,0,1
30000064,Zet,10000001,Derelik,30000066,Pirohdim,10000001,Derelik,0.651,0,0
30000064,Zet,10000001,Derelik,30000069,Thiarer,10000001,Derelik,0.813,0,0
30003550,Zhilshinou,10000043,Domain,30003552,Ana,10000043,Domain,0.487,0,0
30005208,Ziasad,10000067,Genesis,30005224,Assez,10000067,Genesis,1.514,0,0
30005208,Ziasad,10000067,Genesis,30005209,Sibe,10000067,Genesis,0.486,0,0
30004107,Zimmem,10000052,Kador,30004112,Mandoo,10000052,Kador,1.154,0,0
30004127,Zimse,10000052,Kador,30004128,Koona,10000052,Kador,0.562,0,0
30004127,Zimse,10000052,Kador,30004129,Munory,10000052,Kador,1.136,0,0
30003562,Ziriert,10000043,Domain,30003563,Misaba,10000043,Domain,0.798,0,0
30001732,Zith,10000020,Tash-Murkon,30001733,Tew,10000020,Tash-Murkon,0.919,0,0
30005221,Zoohen,10000067,Genesis,30005289,Nasreri,10000067,Genesis,0.893,0,0
30005221,Zoohen,10000067,Genesis,30005222,Serren,10000067,Genesis,0.812,0,0
30004081,Zororzih,10000052,Kador,30004085,Gamdis,10000052,Kador,1.225,0,0
30004081,Zororzih,10000052,Kador,30004083,Gensela,10000052,Kador,1.584,0,0
